Order_ID,Order_Date,Customer_ID,Customer_Name,Category,Sub_Category,Product,Region,City,Quantity,Sales,Discount,Profit,Payment_Mode
ORD-10001,2025-08-03,CUST-1243,Deepak Rao 243,Technology,Accessories,USB-C Multi-Port Hub,North,Chandigarh,3,3240.0,0.4,540.0,Credit Card
ORD-10002,2024-05-11,CUST-1169,Rajesh Iyer 169,Office Supplies,Binders,Heavy-Duty Ring Binder,Central,Bhopal,1,140.0,0.5,20.0,Net Banking
ORD-10003,2024-08-04,CUST-1238,Suresh Nair 238,Apparel,Corporate Wear,Tailored Blazer,South,Hyderabad,1,4080.0,0.15,1480.0,Net Banking
ORD-10004,2025-06-13,CUST-1116,Kavita Das 116,Technology,Phones,Smartphone Pro Max,South,Chennai,1,45000.0,0.0,9000.0,Cash on Delivery
ORD-10005,2025-07-21,CUST-1059,Karan Joshi 59,Apparel,Footwear,Leather Oxford Shoes,South,Bangalore,1,3200.0,0.0,1500.0,Credit Card
ORD-10006,2024-03-10,CUST-1232,Aarti Kapoor 232,Technology,Accessories,Mechanical Keyboard,West,Mumbai,2,6300.0,0.1,2300.0,Net Banking
ORD-10007,2024-08-07,CUST-1139,Swati Kulkarni 139,Technology,Phones,Bluetooth Wireless Earbuds,Central,Nagpur,2,3500.0,0.3,1100.0,Net Banking
ORD-10008,2024-07-13,CUST-1025,Rahul Sharma,Technology,Phones,Smartphone Pro Max,East,Patna,1,31500.0,0.3,-4500.0,UPI
ORD-10009,2025-11-20,CUST-1166,Neha Gupta 166,Technology,Phones,Smartphone Pro Max,North,Chandigarh,3,135000.0,0.0,27000.0,Credit Card
ORD-10010,2024-07-15,CUST-1049,Aarti Kapoor 49,Apparel,Corporate Wear,Tailored Blazer,East,Bhubaneswar,1,4320.0,0.1,1720.0,Net Banking
ORD-10011,2024-09-12,CUST-1224,Meera Sen 224,Technology,Accessories,USB-C Multi-Port Hub,East,Kolkata,1,1080.0,0.4,180.0,UPI
ORD-10012,2024-04-05,CUST-1238,Suresh Nair 238,Furniture,Chairs,Mesh Executive Chair,South,Kochi,2,22800.0,0.05,3800.0,Net Banking
ORD-10013,2024-03-01,CUST-1043,Nisha Bhat 43,Office Supplies,Paper,Premium Hardbound Notebook,North,Chandigarh,1,315.0,0.3,135.0,Debit Card
ORD-10014,2025-03-09,CUST-1179,Abhishek Saxena 179,Apparel,Corporate Wear,Tailored Blazer,East,Bhubaneswar,1,4560.0,0.05,1960.0,UPI
ORD-10015,2025-08-16,CUST-1189,Siddharth Jain 189,Apparel,Corporate Wear,Tailored Blazer,North,Jaipur,1,2400.0,0.5,-200.0,Net Banking
ORD-10016,2025-05-29,CUST-1236,Rahul Sharma 236,Apparel,Corporate Wear,Cotton Formal Shirt,South,Bangalore,5,7500.0,0.0,3750.0,Credit Card
ORD-10017,2024-03-11,CUST-1153,Vikas Singh 153,Technology,Accessories,USB-C Multi-Port Hub,South,Kochi,1,900.0,0.5,0.0,Credit Card
ORD-10018,2025-08-15,CUST-1153,Vikas Singh 153,Technology,Accessories,Mechanical Keyboard,Central,Bhopal,1,1750.0,0.5,-250.0,Cash on Delivery
ORD-10019,2025-06-19,CUST-1081,Priya Patel 81,Furniture,Tables,Adjustable Standing Desk,South,Hyderabad,1,14400.0,0.2,400.0,Credit Card
ORD-10020,2025-11-18,CUST-1118,Bhavna Shah 118,Furniture,Bookcases,5-Tier Wooden Bookshelf,North,Delhi,2,6500.0,0.5,-3900.0,UPI
ORD-10021,2024-03-16,CUST-1138,Bhavna Shah 138,Furniture,Chairs,Ergonomic Office Chair,Central,Indore,1,7225.0,0.15,1225.0,UPI
ORD-10022,2024-09-07,CUST-1095,Preeti Pandey 95,Furniture,Tables,Wooden Conference Table,South,Kochi,3,67500.0,0.1,4500.0,Cash on Delivery
ORD-10023,2025-10-31,CUST-1171,Aarti Kapoor 171,Apparel,Corporate Wear,Tailored Blazer,West,Mumbai,5,24000.0,0.0,11000.0,Debit Card
ORD-10024,2024-04-28,CUST-1228,Deepak Rao 228,Technology,Phones,Smartphone Pro Max,Central,Bhopal,1,22500.0,0.5,-13500.0,Credit Card
ORD-10025,2024-12-28,CUST-1068,Amit Kumar 68,Apparel,Corporate Wear,Cotton Formal Shirt,East,Patna,4,6000.0,0.0,3000.0,UPI
ORD-10026,2025-10-11,CUST-1071,Preeti Pandey 71,Technology,Accessories,Mechanical Keyboard,North,Jaipur,3,9450.0,0.1,3450.0,Credit Card
ORD-10027,2025-03-28,CUST-1142,Suresh Nair 142,Office Supplies,Storage,Heavy Duty Arch File Box,Central,Bhopal,1,650.0,0.0,300.0,Cash on Delivery
ORD-10028,2024-02-06,CUST-1214,Aarti Kapoor 214,Office Supplies,Paper,A4 Multipurpose Copy Paper (Pack of 5),Central,Nagpur,1,1200.0,0.0,500.0,UPI
ORD-10029,2024-11-11,CUST-1239,Rajesh Iyer 239,Technology,Accessories,Mechanical Keyboard,West,Pune,2,7000.0,0.0,3000.0,Debit Card
ORD-10030,2025-07-27,CUST-1227,Vikas Singh 227,Office Supplies,Storage,Heavy Duty Arch File Box,Central,Nagpur,1,617.5,0.05,267.5,Credit Card
ORD-10031,2024-06-30,CUST-1226,Rohan Mehta 226,Office Supplies,Storage,Heavy Duty Arch File Box,North,Lucknow,3,1657.5,0.15,607.5,Net Banking
ORD-10032,2025-11-16,CUST-1208,Rahul Sharma 208,Furniture,Chairs,Mesh Executive Chair,West,Pune,3,36000.0,0.0,7500.0,Net Banking
ORD-10033,2024-02-09,CUST-1220,Shweta Mishra 220,Office Supplies,Binders,Heavy-Duty Ring Binder,South,Chennai,3,588.0,0.3,228.0,Debit Card
ORD-10034,2024-11-08,CUST-1224,Meera Sen 224,Furniture,Chairs,Mesh Executive Chair,South,Bangalore,2,19200.0,0.2,200.0,Debit Card
ORD-10035,2024-10-12,CUST-1248,Neha Gupta 248,Furniture,Tables,Adjustable Standing Desk,West,Surat,2,21600.0,0.4,-6400.0,Debit Card
ORD-10036,2024-01-29,CUST-1030,Nisha Bhat,Furniture,Tables,Adjustable Standing Desk,South,Hyderabad,1,9000.0,0.5,-5000.0,Net Banking
ORD-10037,2024-12-19,CUST-1081,Priya Patel 81,Office Supplies,Storage,Heavy Duty Arch File Box,Central,Nagpur,1,325.0,0.5,-25.0,Credit Card
ORD-10038,2024-09-17,CUST-1012,Ravi Pillai,Office Supplies,Storage,Heavy Duty Arch File Box,North,Noida,4,1560.0,0.4,160.0,Credit Card
ORD-10039,2025-01-07,CUST-1111,Siddharth Jain 111,Technology,Accessories,USB-C Multi-Port Hub,West,Ahmedabad,2,3600.0,0.0,1800.0,Debit Card
ORD-10040,2025-06-03,CUST-1080,Amit Kumar 80,Office Supplies,Storage,Heavy Duty Arch File Box,West,Surat,2,780.0,0.4,80.0,Credit Card
ORD-10041,2024-07-15,CUST-1108,Aditya Bose 108,Office Supplies,Paper,Premium Hardbound Notebook,South,Hyderabad,1,450.0,0.0,270.0,Debit Card
ORD-10042,2024-12-20,CUST-1168,Meera Sen 168,Furniture,Bookcases,5-Tier Wooden Bookshelf,East,Guwahati,1,6175.0,0.05,975.0,Cash on Delivery
ORD-10043,2025-04-29,CUST-1204,Pooja Verma 204,Technology,Monitors,27-inch 4K Monitor,North,Jaipur,2,22000.0,0.5,-12000.0,Debit Card
ORD-10044,2024-04-05,CUST-1210,Tarun Choudhury 210,Furniture,Chairs,Mesh Executive Chair,West,Pune,3,36000.0,0.0,7500.0,UPI
ORD-10045,2024-02-17,CUST-1063,Divya Agarwal 63,Office Supplies,Binders,Heavy-Duty Ring Binder,Central,Bhopal,2,280.0,0.5,40.0,Credit Card
ORD-10046,2025-12-14,CUST-1103,Nisha Bhat 103,Furniture,Chairs,Mesh Executive Chair,South,Bangalore,4,48000.0,0.0,10000.0,Net Banking
ORD-10047,2024-08-12,CUST-1046,Karan Joshi 46,Apparel,Corporate Wear,Cotton Formal Shirt,East,Kolkata,2,3000.0,0.0,1500.0,Net Banking
ORD-10048,2024-05-16,CUST-1206,Sneha Reddy 206,Office Supplies,Art,Highlighter & Marker Set,Central,Nagpur,2,490.0,0.3,190.0,Cash on Delivery
ORD-10049,2025-05-31,CUST-1110,Sneha Reddy 110,Apparel,Corporate Wear,Tailored Blazer,East,Bhubaneswar,3,10080.0,0.3,2280.0,Net Banking
ORD-10050,2024-09-22,CUST-1193,Ravi Pillai 193,Furniture,Chairs,Mesh Executive Chair,West,Surat,2,21600.0,0.1,2600.0,Net Banking
ORD-10051,2024-03-20,CUST-1183,Kavita Das 183,Furniture,Tables,Wooden Conference Table,South,Hyderabad,1,15000.0,0.4,-6000.0,UPI
ORD-10052,2024-05-21,CUST-1039,Rahul Sharma 39,Furniture,Chairs,Mesh Executive Chair,East,Bhubaneswar,3,36000.0,0.0,7500.0,Net Banking
ORD-10053,2025-02-21,CUST-1085,Pooja Verma 85,Apparel,Corporate Wear,Tailored Blazer,East,Guwahati,1,3840.0,0.2,1240.0,Net Banking
ORD-10054,2025-08-21,CUST-1243,Deepak Rao 243,Technology,Accessories,Wireless Mouse,Central,Indore,2,1360.0,0.15,560.0,Debit Card
ORD-10055,2025-02-03,CUST-1219,Alok Deshmukh 219,Office Supplies,Storage,Heavy Duty Arch File Box,Central,Nagpur,3,975.0,0.5,-75.0,Credit Card
ORD-10056,2025-05-14,CUST-1057,Deepak Rao 57,Furniture,Tables,Adjustable Standing Desk,East,Guwahati,1,15300.0,0.15,1300.0,Net Banking
ORD-10057,2024-06-18,CUST-1216,Meera Sen 216,Office Supplies,Art,Highlighter & Marker Set,South,Bangalore,4,700.0,0.5,100.0,Cash on Delivery
ORD-10058,2025-12-14,CUST-1035,Swati Kulkarni 35,Office Supplies,Art,Highlighter & Marker Set,South,Bangalore,1,297.5,0.15,147.5,Credit Card
ORD-10059,2025-04-10,CUST-1084,Aarti Kapoor 84,Furniture,Bookcases,5-Tier Wooden Bookshelf,East,Patna,3,15600.0,0.2,0.0,Debit Card
ORD-10060,2024-03-24,CUST-1121,Siddharth Jain 121,Technology,Accessories,Wireless Mouse,Central,Bhopal,10,6800.0,0.15,2800.0,Credit Card
ORD-10061,2025-12-02,CUST-1194,Ananya Roy 194,Technology,Accessories,Wireless Mouse,South,Chennai,3,1200.0,0.5,0.0,Credit Card
ORD-10062,2024-09-01,CUST-1033,Neha Gupta 33,Office Supplies,Binders,Heavy-Duty Ring Binder,North,Noida,5,980.0,0.3,380.0,Debit Card
ORD-10063,2025-01-12,CUST-1043,Nisha Bhat 43,Technology,Phones,Smartphone Pro Max,South,Hyderabad,1,45000.0,0.0,9000.0,Debit Card
ORD-10064,2025-08-12,CUST-1174,Ananya Roy 174,Office Supplies,Paper,Premium Hardbound Notebook,East,Bhubaneswar,1,427.5,0.05,247.5,UPI
ORD-10065,2025-12-14,CUST-1218,Ananya Roy 218,Technology,Phones,Smartphone Pro Max,Central,Bhopal,1,36000.0,0.2,0.0,Debit Card
ORD-10066,2024-03-11,CUST-1130,Preeti Pandey 130,Furniture,Bookcases,5-Tier Wooden Bookshelf,North,Chandigarh,3,19500.0,0.0,3900.0,Net Banking
ORD-10067,2025-01-05,CUST-1163,Swati Kulkarni 163,Office Supplies,Art,Highlighter & Marker Set,South,Kochi,1,210.0,0.4,60.0,Debit Card
ORD-10068,2025-09-22,CUST-1207,Divya Agarwal 207,Apparel,Corporate Wear,Tailored Blazer,East,Guwahati,1,2400.0,0.5,-200.0,Debit Card
ORD-10069,2024-11-26,CUST-1213,Meera Sen 213,Technology,Accessories,USB-C Multi-Port Hub,West,Surat,1,1260.0,0.3,360.0,Cash on Delivery
ORD-10070,2025-09-16,CUST-1172,Priya Patel 172,Office Supplies,Paper,Premium Hardbound Notebook,West,Mumbai,2,765.0,0.15,405.0,Credit Card
ORD-10071,2025-05-14,CUST-1055,Deepak Rao 55,Office Supplies,Paper,A4 Multipurpose Copy Paper (Pack of 5),West,Ahmedabad,1,600.0,0.5,-100.0,Debit Card
ORD-10072,2025-07-23,CUST-1003,Rahul Sharma,Apparel,Corporate Wear,Cotton Formal Shirt,South,Bangalore,1,1200.0,0.2,450.0,Net Banking
ORD-10073,2025-07-22,CUST-1195,Abhishek Saxena 195,Furniture,Chairs,Mesh Executive Chair,East,Guwahati,1,12000.0,0.0,2500.0,UPI
ORD-10074,2024-12-08,CUST-1079,Nisha Bhat 79,Apparel,Footwear,Leather Oxford Shoes,West,Surat,2,5440.0,0.15,2040.0,Net Banking
ORD-10075,2025-07-17,CUST-1085,Pooja Verma 85,Office Supplies,Paper,A4 Multipurpose Copy Paper (Pack of 5),East,Patna,1,1140.0,0.05,440.0,UPI
ORD-10076,2024-07-16,CUST-1081,Priya Patel 81,Technology,Phones,Smartphone Pro Max,Central,Nagpur,1,42750.0,0.05,6750.0,Net Banking
ORD-10077,2024-10-10,CUST-1195,Abhishek Saxena 195,Apparel,Corporate Wear,Cotton Formal Shirt,Central,Indore,8,11400.0,0.05,5400.0,Debit Card
ORD-10078,2024-08-20,CUST-1093,Divya Agarwal 93,Technology,Monitors,27-inch 4K Monitor,West,Mumbai,3,66000.0,0.0,15000.0,Debit Card
ORD-10079,2024-02-16,CUST-1250,Neha Gupta 250,Technology,Accessories,Mechanical Keyboard,Central,Indore,2,7000.0,0.0,3000.0,Net Banking
ORD-10080,2024-04-15,CUST-1224,Meera Sen 224,Technology,Accessories,Wireless Mouse,Central,Indore,2,1120.0,0.3,320.0,Debit Card
ORD-10081,2024-07-07,CUST-1248,Neha Gupta 248,Technology,Accessories,Mechanical Keyboard,West,Surat,1,3500.0,0.0,1500.0,Net Banking
ORD-10082,2025-05-18,CUST-1019,Rahul Sharma,Apparel,Footwear,Leather Oxford Shoes,North,Lucknow,1,1600.0,0.5,-100.0,Debit Card
ORD-10083,2024-03-28,CUST-1064,Siddharth Jain 64,Technology,Phones,Smartphone Pro Max,Central,Indore,2,45000.0,0.5,-27000.0,Credit Card
ORD-10084,2025-06-19,CUST-1098,Deepak Rao 98,Office Supplies,Art,Highlighter & Marker Set,East,Patna,4,1120.0,0.2,520.0,Debit Card
ORD-10085,2025-08-05,CUST-1159,Ravi Pillai 159,Technology,Accessories,Mechanical Keyboard,Central,Nagpur,1,3325.0,0.05,1325.0,Credit Card
ORD-10086,2024-09-27,CUST-1170,Amit Kumar 170,Technology,Accessories,USB-C Multi-Port Hub,South,Chennai,1,1800.0,0.0,900.0,Credit Card
ORD-10087,2024-01-03,CUST-1105,Abhishek Saxena 105,Office Supplies,Art,Highlighter & Marker Set,Central,Indore,1,332.5,0.05,182.5,Debit Card
ORD-10088,2025-11-03,CUST-1176,Shweta Mishra 176,Furniture,Chairs,Mesh Executive Chair,West,Pune,1,7200.0,0.4,-2300.0,Credit Card
ORD-10089,2025-11-27,CUST-1037,Gaurav Tiwari 37,Technology,Accessories,USB-C Multi-Port Hub,North,Lucknow,3,2700.0,0.5,0.0,Cash on Delivery
ORD-10090,2024-10-22,CUST-1120,Nisha Bhat 120,Furniture,Tables,Wooden Conference Table,East,Patna,2,35000.0,0.3,-7000.0,Net Banking
ORD-10091,2024-03-23,CUST-1154,Neha Gupta 154,Technology,Accessories,Mechanical Keyboard,East,Patna,2,7000.0,0.0,3000.0,UPI
ORD-10092,2024-08-22,CUST-1247,Pooja Verma 247,Apparel,Footwear,Leather Oxford Shoes,Central,Bhopal,10,28800.0,0.1,11800.0,Cash on Delivery
ORD-10093,2024-02-11,CUST-1196,Tarun Choudhury 196,Technology,Monitors,27-inch 4K Monitor,East,Guwahati,4,88000.0,0.0,20000.0,Cash on Delivery
ORD-10094,2025-03-22,CUST-1163,Swati Kulkarni 163,Office Supplies,Binders,Heavy-Duty Ring Binder,North,Chandigarh,1,238.0,0.15,118.0,Debit Card
ORD-10095,2025-10-11,CUST-1106,Shweta Mishra 106,Office Supplies,Binders,Heavy-Duty Ring Binder,West,Surat,3,504.0,0.4,144.0,UPI
ORD-10096,2025-04-10,CUST-1023,Meera Sen,Furniture,Bookcases,5-Tier Wooden Bookshelf,West,Ahmedabad,1,5200.0,0.2,0.0,Cash on Delivery
ORD-10097,2024-01-02,CUST-1169,Rajesh Iyer 169,Apparel,Corporate Wear,Tailored Blazer,East,Guwahati,1,2880.0,0.4,280.0,Debit Card
ORD-10098,2025-09-29,CUST-1194,Ananya Roy 194,Office Supplies,Binders,Heavy-Duty Ring Binder,East,Kolkata,1,168.0,0.4,48.0,Credit Card
ORD-10099,2024-10-21,CUST-1179,Abhishek Saxena 179,Office Supplies,Binders,Heavy-Duty Ring Binder,North,Delhi,8,1120.0,0.5,160.0,Credit Card
ORD-10100,2025-12-01,CUST-1142,,Office Supplies,Storage,Heavy Duty Arch File Box,North,Lucknow,10,6500.0,0.0,3000.0,Net Banking
ORD-10101,2024-04-30,CUST-1166,Neha Gupta 166,Technology,Phones,Bluetooth Wireless Earbuds,East,Patna,2,4500.0,0.1,2100.0,Net Banking
ORD-10102,2025-05-09,CUST-1121,Siddharth Jain 121,Furniture,Chairs,Mesh Executive Chair,East,Bhubaneswar,1,6000.0,0.5,-3500.0,Cash on Delivery
ORD-10103,2024-05-19,CUST-1222,Preeti Pandey 222,Technology,Accessories,USB-C Multi-Port Hub,West,Surat,1,1080.0,0.4,180.0,Debit Card
ORD-10104,2024-01-03,CUST-1073,Aditya Bose 73,Furniture,Tables,Wooden Conference Table,Central,Nagpur,10,175000.0,0.3,-35000.0,Credit Card
ORD-10105,2025-04-02,CUST-1138,Bhavna Shah 138,Office Supplies,Binders,Heavy-Duty Ring Binder,West,Ahmedabad,2,336.0,0.4,96.0,Net Banking
ORD-10106,2025-04-11,CUST-1239,Rajesh Iyer 239,Furniture,Bookcases,5-Tier Wooden Bookshelf,South,Chennai,2,12350.0,0.05,1950.0,Net Banking
ORD-10107,2024-02-14,CUST-1082,Abhishek Saxena 82,Office Supplies,Binders,Heavy-Duty Ring Binder,East,Guwahati,8,2240.0,0.0,1280.0,Net Banking
ORD-10108,2024-02-07,CUST-1033,Neha Gupta 33,Apparel,Corporate Wear,Cotton Formal Shirt,Central,Indore,4,4200.0,0.3,1200.0,UPI
ORD-10109,2025-06-22,CUST-1234,Meera Sen 234,Office Supplies,Art,Highlighter & Marker Set,North,Lucknow,1,350.0,0.0,200.0,UPI
ORD-10110,2025-04-25,CUST-1201,Shweta Mishra 201,Furniture,Tables,Adjustable Standing Desk,West,Surat,2,30600.0,0.15,2600.0,Cash on Delivery
ORD-10111,2025-01-24,CUST-1245,Preeti Pandey 245,Furniture,Bookcases,5-Tier Wooden Bookshelf,East,Kolkata,2,12350.0,0.05,1950.0,Debit Card
ORD-10112,2024-08-20,CUST-1192,Abhishek Saxena 192,Technology,Accessories,USB-C Multi-Port Hub,East,Kolkata,3,5400.0,0.0,2700.0,Net Banking
ORD-10113,2024-06-19,CUST-1178,Gaurav Tiwari 178,Furniture,Tables,Wooden Conference Table,North,Delhi,1,25000.0,0.0,4000.0,Debit Card
ORD-10114,2025-01-02,CUST-1096,Deepak Rao 96,Office Supplies,Storage,Heavy Duty Arch File Box,South,Chennai,2,650.0,0.5,-50.0,Credit Card
ORD-10115,2024-06-23,CUST-1045,Suresh Nair 45,Technology,Accessories,USB-C Multi-Port Hub,Central,Indore,2,3420.0,0.05,1620.0,Net Banking
ORD-10116,2025-08-20,CUST-1037,Gaurav Tiwari 37,Furniture,Chairs,Mesh Executive Chair,East,Patna,2,24000.0,0.0,5000.0,Net Banking
ORD-10117,2024-10-21,CUST-1041,Gaurav Tiwari 41,Technology,Accessories,USB-C Multi-Port Hub,East,Patna,8,12960.0,0.1,5760.0,Net Banking
ORD-10118,2025-11-07,CUST-1099,Deepak Rao 99,Office Supplies,Binders,Heavy-Duty Ring Binder,North,Lucknow,1,238.0,0.15,118.0,Cash on Delivery
ORD-10119,2024-10-29,CUST-1076,Deepak Rao 76,Technology,Accessories,Wireless Mouse,East,Patna,1,800.0,0.0,400.0,Cash on Delivery
ORD-10120,2025-05-23,CUST-1214,Aarti Kapoor 214,Furniture,Tables,Wooden Conference Table,South,Hyderabad,1,23750.0,0.05,2750.0,Cash on Delivery
ORD-10121,2024-09-13,CUST-1174,Ananya Roy 174,Technology,Phones,Bluetooth Wireless Earbuds,North,Delhi,1,1750.0,0.3,550.0,UPI
ORD-10122,2025-08-16,CUST-1094,Shweta Mishra 94,Technology,Phones,Bluetooth Wireless Earbuds,North,Jaipur,1,2000.0,0.2,800.0,Credit Card
ORD-10123,2024-07-24,CUST-1034,Divya Agarwal 34,Apparel,Corporate Wear,Tailored Blazer,West,Ahmedabad,3,12960.0,0.1,5160.0,Net Banking
ORD-10124,2024-10-29,CUST-1087,Alok Deshmukh 87,Technology,Phones,Smartphone Pro Max,East,Kolkata,1,42750.0,0.05,6750.0,Net Banking
ORD-10125,2025-07-24,CUST-1094,Shweta Mishra 94,Technology,Accessories,USB-C Multi-Port Hub,East,Kolkata,1,1800.0,0.0,900.0,Net Banking
ORD-10126,2025-01-12,CUST-1173,Alok Deshmukh 173,Furniture,Tables,Adjustable Standing Desk,Central,Indore,3,45900.0,0.15,3900.0,UPI
ORD-10127,2025-10-20,CUST-1227,Vikas Singh 227,Apparel,Corporate Wear,Tailored Blazer,West,Pune,2,6720.0,0.3,1520.0,Debit Card
ORD-10128,2025-10-26,CUST-1036,Karan Joshi 36,Technology,Accessories,Mechanical Keyboard,North,Jaipur,10,35000.0,0.0,15000.0,UPI
ORD-10129,2024-08-28,CUST-1228,Deepak Rao 228,Apparel,Corporate Wear,Tailored Blazer,South,Kochi,2,5760.0,0.4,560.0,Net Banking
ORD-10130,2025-08-24,CUST-1191,Rahul Sharma 191,Technology,Phones,Bluetooth Wireless Earbuds,East,Kolkata,3,3750.0,0.5,150.0,Net Banking
ORD-10131,2024-11-07,CUST-1114,Sneha Reddy 114,Office Supplies,Art,Highlighter & Marker Set,South,Hyderabad,1,297.5,0.15,147.5,Cash on Delivery
ORD-10132,2025-10-22,CUST-1102,Karan Joshi 102,Furniture,Tables,Adjustable Standing Desk,South,Bangalore,5,63000.0,0.3,-7000.0,UPI
ORD-10133,2025-12-20,CUST-1249,Priya Patel 249,Technology,Accessories,Wireless Mouse,North,Jaipur,1,800.0,0.0,400.0,Cash on Delivery
ORD-10134,2024-07-29,CUST-1018,Priya Patel,Apparel,Corporate Wear,Tailored Blazer,South,Chennai,3,13680.0,0.05,5880.0,Debit Card
ORD-10135,2024-05-31,CUST-1202,Suresh Nair 202,Technology,Accessories,Wireless Mouse,West,Pune,8,3840.0,0.4,640.0,Debit Card
ORD-10136,2024-06-27,CUST-1029,Shweta Mishra,Technology,Accessories,Wireless Mouse,South,Bangalore,1,760.0,0.05,360.0,Cash on Delivery
ORD-10137,2024-11-02,CUST-1033,Neha Gupta 33,Office Supplies,Storage,Heavy Duty Arch File Box,Central,Bhopal,3,1365.0,0.3,315.0,Net Banking
ORD-10138,2025-01-05,CUST-1132,Gaurav Tiwari 132,Apparel,Footwear,Leather Oxford Shoes,North,Chandigarh,2,3200.0,0.5,-200.0,UPI
ORD-10139,2025-11-05,CUST-1118,Bhavna Shah 118,Technology,Accessories,Wireless Mouse,North,Chandigarh,3,1920.0,0.2,720.0,UPI
ORD-10140,2025-05-17,CUST-1183,Kavita Das 183,Office Supplies,Art,Highlighter & Marker Set,North,Delhi,1,350.0,0.0,200.0,UPI
ORD-10141,2024-05-09,CUST-1071,Preeti Pandey 71,Apparel,Footwear,Leather Oxford Shoes,Central,Nagpur,1,1600.0,0.5,-100.0,Cash on Delivery
ORD-10142,2024-10-28,CUST-1155,Ravi Pillai 155,Office Supplies,Storage,Heavy Duty Arch File Box,North,Delhi,4,1560.0,0.4,160.0,Credit Card
ORD-10143,2025-03-16,CUST-1116,Kavita Das 116,Furniture,Chairs,Mesh Executive Chair,East,Patna,3,28800.0,0.2,300.0,Net Banking
ORD-10144,2024-04-07,CUST-1081,Priya Patel 81,Office Supplies,Storage,Heavy Duty Arch File Box,West,Ahmedabad,1,650.0,0.0,300.0,Net Banking
ORD-10145,2024-03-09,CUST-1024,Aditya Bose,Technology,Accessories,USB-C Multi-Port Hub,North,Chandigarh,1,1530.0,0.15,630.0,Credit Card
ORD-10146,2025-07-23,CUST-1016,Swati Kulkarni,Apparel,Footwear,Leather Oxford Shoes,Central,Nagpur,1,3200.0,0.0,1500.0,Net Banking
ORD-10147,2024-12-28,CUST-1241,Ananya Roy 241,Office Supplies,Storage,Heavy Duty Arch File Box,North,Jaipur,2,1105.0,0.15,405.0,UPI
ORD-10148,2025-08-14,CUST-1130,Preeti Pandey 130,Furniture,Chairs,Ergonomic Office Chair,South,Kochi,1,8500.0,0.0,2500.0,Debit Card
ORD-10149,2025-07-23,CUST-1095,Preeti Pandey 95,Technology,Phones,Smartphone Pro Max,West,Pune,3,81000.0,0.4,-27000.0,Cash on Delivery
ORD-10150,2025-09-20,CUST-1173,Alok Deshmukh 173,Apparel,Corporate Wear,Tailored Blazer,North,Noida,4,17280.0,0.1,6880.0,UPI
ORD-10151,2024-07-03,CUST-1070,Pooja Verma 70,Furniture,Tables,Wooden Conference Table,West,Ahmedabad,1,25000.0,0.0,4000.0,Cash on Delivery
ORD-10152,2025-11-04,CUST-1037,Gaurav Tiwari 37,Technology,Accessories,Wireless Mouse,North,Noida,1,640.0,0.2,240.0,Net Banking
ORD-10153,2024-11-24,CUST-1084,Aarti Kapoor 84,Apparel,Footwear,Leather Oxford Shoes,Central,Bhopal,4,12800.0,0.0,6000.0,Credit Card
ORD-10154,2025-09-24,CUST-1013,Tarun Choudhury,Technology,Accessories,USB-C Multi-Port Hub,West,Surat,2,2520.0,0.3,720.0,Cash on Delivery
ORD-10155,2025-03-28,CUST-1107,Amit Kumar 107,Furniture,Tables,Adjustable Standing Desk,South,Bangalore,1,18000.0,0.0,4000.0,Debit Card
ORD-10156,2025-11-25,CUST-1125,Preeti Pandey 125,Apparel,Corporate Wear,Cotton Formal Shirt,West,Mumbai,1,750.0,0.5,0.0,UPI
ORD-10157,2024-01-08,CUST-1053,Kavita Das 53,Furniture,Tables,Wooden Conference Table,South,Chennai,3,67500.0,0.1,4500.0,Debit Card
ORD-10158,2024-05-02,CUST-1002,Ananya Roy,Office Supplies,Binders,Heavy-Duty Ring Binder,East,Bhubaneswar,1,168.0,0.4,48.0,Credit Card
ORD-10159,2025-05-27,CUST-1144,Shweta Mishra 144,Office Supplies,Paper,A4 Multipurpose Copy Paper (Pack of 5),North,Chandigarh,4,4800.0,0.0,2000.0,Net Banking
ORD-10160,2024-01-20,CUST-1118,Bhavna Shah 118,Technology,Accessories,USB-C Multi-Port Hub,West,Surat,2,2880.0,0.2,1080.0,Debit Card
ORD-10161,2024-04-27,CUST-1104,Bhavna Shah 104,Technology,Accessories,Wireless Mouse,West,Pune,3,1200.0,0.5,0.0,Net Banking
ORD-10162,2025-12-07,CUST-1023,Meera Sen,Office Supplies,Storage,Heavy Duty Arch File Box,North,Lucknow,1,520.0,0.2,170.0,Cash on Delivery
ORD-10163,2024-03-21,CUST-1102,Karan Joshi 102,Furniture,Tables,Wooden Conference Table,West,Pune,1,25000.0,0.0,4000.0,UPI
ORD-10164,2025-06-06,CUST-1163,Swati Kulkarni 163,Technology,Phones,Smartphone Pro Max,Central,Nagpur,1,38250.0,0.15,2250.0,Debit Card
ORD-10165,2025-10-22,CUST-1061,Priya Patel 61,Technology,Phones,Smartphone Pro Max,South,Hyderabad,1,22500.0,0.5,-13500.0,Credit Card
ORD-10166,2025-12-16,CUST-1119,Shweta Mishra 119,Apparel,Footwear,Leather Oxford Shoes,Central,Indore,2,3200.0,0.5,-200.0,Cash on Delivery
ORD-10167,2024-11-26,CUST-1161,Manish Malhotra 161,Furniture,Bookcases,5-Tier Wooden Bookshelf,South,Kochi,1,4550.0,0.3,-650.0,Debit Card
ORD-10168,2024-10-08,CUST-1091,Kavita Das 91,Apparel,Corporate Wear,Cotton Formal Shirt,North,Jaipur,2,3000.0,0.0,1500.0,UPI
ORD-10169,2025-01-12,CUST-1213,Meera Sen 213,Furniture,Tables,Wooden Conference Table,North,Delhi,2,30000.0,0.4,-12000.0,Net Banking
ORD-10170,2025-04-18,CUST-1149,Shweta Mishra 149,Apparel,Corporate Wear,Tailored Blazer,North,Chandigarh,4,9600.0,0.5,-800.0,Credit Card
ORD-10171,2024-11-25,CUST-1129,Neha Gupta 129,Technology,Phones,Bluetooth Wireless Earbuds,North,Chandigarh,1,2125.0,0.15,925.0,UPI
ORD-10172,2025-05-31,CUST-1166,Neha Gupta 166,Technology,Monitors,27-inch 4K Monitor,North,Lucknow,3,46200.0,0.3,-4800.0,Cash on Delivery
ORD-10173,2025-06-19,CUST-1157,Siddharth Jain 157,Technology,Monitors,27-inch 4K Monitor,West,Ahmedabad,4,70400.0,0.2,2400.0,Net Banking
ORD-10174,2024-12-12,CUST-1014,Siddharth Jain,Furniture,Bookcases,5-Tier Wooden Bookshelf,North,Jaipur,1,5200.0,0.2,0.0,Debit Card
ORD-10175,2024-09-15,CUST-1186,Divya Agarwal 186,Technology,Phones,Bluetooth Wireless Earbuds,West,Mumbai,2,5000.0,0.0,2600.0,Debit Card
ORD-10176,2024-11-13,CUST-1179,Abhishek Saxena 179,Office Supplies,Paper,Premium Hardbound Notebook,South,Bangalore,1,360.0,0.2,180.0,Debit Card
ORD-10177,2024-05-10,CUST-1172,Priya Patel 172,Apparel,Corporate Wear,Cotton Formal Shirt,North,Chandigarh,2,3000.0,0.0,1500.0,Debit Card
ORD-10178,2024-10-11,CUST-1243,Deepak Rao 243,Office Supplies,Binders,Heavy-Duty Ring Binder,South,Chennai,10,2800.0,0.0,1600.0,UPI
ORD-10179,2024-10-29,CUST-1026,Siddharth Jain,Apparel,Corporate Wear,Cotton Formal Shirt,Central,Nagpur,4,6000.0,0.0,3000.0,Debit Card
ORD-10180,2025-09-24,CUST-1034,Divya Agarwal 34,Office Supplies,Paper,Premium Hardbound Notebook,South,Chennai,1,225.0,0.5,45.0,Credit Card
ORD-10181,2025-03-24,CUST-1012,Ravi Pillai,Office Supplies,Storage,Heavy Duty Arch File Box,West,Pune,5,1625.0,0.5,-125.0,Debit Card
ORD-10182,2025-04-04,CUST-1060,Gaurav Tiwari 60,Apparel,Corporate Wear,Tailored Blazer,South,Hyderabad,5,16800.0,0.3,3800.0,Credit Card
ORD-10183,2025-01-11,CUST-1174,Ananya Roy 174,Apparel,Footwear,Leather Oxford Shoes,East,Guwahati,3,7680.0,0.2,2580.0,Cash on Delivery
ORD-10184,2025-06-24,CUST-1108,Aditya Bose 108,Technology,Monitors,27-inch 4K Monitor,South,Chennai,4,88000.0,0.0,20000.0,Net Banking
ORD-10185,2025-01-15,CUST-1142,Suresh Nair 142,Technology,Phones,Smartphone Pro Max,Central,Bhopal,1,45000.0,0.0,9000.0,Debit Card
ORD-10186,2025-04-05,CUST-1232,Aarti Kapoor 232,Apparel,Corporate Wear,Cotton Formal Shirt,South,Kochi,1,1425.0,0.05,675.0,Net Banking
ORD-10187,2024-12-23,CUST-1107,Amit Kumar 107,Technology,Accessories,Mechanical Keyboard,East,Patna,1,3500.0,0.0,1500.0,Debit Card
ORD-10188,2024-08-17,CUST-1008,Vikas Singh,Furniture,Bookcases,5-Tier Wooden Bookshelf,North,Jaipur,3,19500.0,0.0,3900.0,UPI
ORD-10189,2024-10-20,CUST-1121,Siddharth Jain 121,Technology,Phones,Bluetooth Wireless Earbuds,East,Guwahati,2,5000.0,0.0,2600.0,UPI
ORD-10190,2024-09-19,CUST-1056,Alok Deshmukh 56,Technology,Phones,Bluetooth Wireless Earbuds,Central,Nagpur,2,4000.0,0.2,1600.0,UPI
ORD-10191,2024-10-02,CUST-1062,Ravi Pillai 62,Office Supplies,Storage,Heavy Duty Arch File Box,Central,Indore,1,455.0,0.3,105.0,Cash on Delivery
ORD-10192,2025-07-02,CUST-1005,Karan Joshi,Apparel,Corporate Wear,Cotton Formal Shirt,Central,Bhopal,3,4050.0,0.1,1800.0,Net Banking
ORD-10193,2024-01-02,CUST-1158,Karan Joshi 158,Office Supplies,Paper,A4 Multipurpose Copy Paper (Pack of 5),South,Kochi,1,1200.0,0.0,500.0,Cash on Delivery
ORD-10194,2025-01-04,CUST-1018,Priya Patel,Apparel,Corporate Wear,Cotton Formal Shirt,Central,Nagpur,3,2700.0,0.4,450.0,Cash on Delivery
ORD-10195,2024-01-21,CUST-1100,Rohan Mehta 100,Office Supplies,Binders,Heavy-Duty Ring Binder,North,Chandigarh,8,2016.0,0.1,1056.0,UPI
ORD-10196,2024-12-31,CUST-1089,Alok Deshmukh 89,Furniture,Chairs,Mesh Executive Chair,North,Noida,3,30600.0,0.15,2100.0,Credit Card
ORD-10197,2024-02-15,CUST-1091,Kavita Das 91,Apparel,Corporate Wear,Tailored Blazer,West,Pune,3,10080.0,0.3,2280.0,Net Banking
ORD-10198,2025-10-03,CUST-1184,Kavita Das 184,Office Supplies,Art,Highlighter & Marker Set,North,Jaipur,1,332.5,0.05,182.5,UPI
ORD-10199,2024-11-19,CUST-1132,Gaurav Tiwari 132,Office Supplies,Paper,Premium Hardbound Notebook,Central,Indore,1,427.5,0.05,247.5,Debit Card
ORD-10200,2024-12-31,CUST-1013,Tarun Choudhury,Furniture,Bookcases,5-Tier Wooden Bookshelf,West,Mumbai,3,15600.0,0.2,0.0,Net Banking
ORD-10201,2025-03-26,CUST-1230,Sneha Reddy 230,Office Supplies,Paper,Premium Hardbound Notebook,West,Pune,2,630.0,0.3,270.0,Debit Card
ORD-10202,2025-06-15,CUST-1069,Siddharth Jain 69,Technology,Accessories,USB-C Multi-Port Hub,East,Kolkata,1,1800.0,0.0,900.0,Cash on Delivery
ORD-10203,2024-10-11,CUST-1170,Amit Kumar 170,Furniture,Tables,Wooden Conference Table,West,Surat,2,40000.0,0.2,-2000.0,Credit Card
ORD-10204,2025-12-07,CUST-1115,Divya Agarwal 115,Technology,Accessories,Mechanical Keyboard,West,Surat,1,3500.0,0.0,1500.0,UPI
ORD-10205,2025-11-18,CUST-1094,Shweta Mishra 94,Apparel,Corporate Wear,Cotton Formal Shirt,South,Bangalore,1,750.0,0.5,0.0,Net Banking
ORD-10206,2024-02-05,CUST-1033,Neha Gupta 33,Technology,Accessories,USB-C Multi-Port Hub,South,Hyderabad,1,900.0,0.5,0.0,UPI
ORD-10207,2025-09-11,CUST-1040,Aarti Kapoor 40,Office Supplies,Art,Highlighter & Marker Set,West,Ahmedabad,1,350.0,0.0,200.0,Cash on Delivery
ORD-10208,2024-05-20,CUST-1136,Amit Kumar 136,Office Supplies,Paper,A4 Multipurpose Copy Paper (Pack of 5),East,Patna,2,2280.0,0.05,880.0,UPI
ORD-10209,2024-01-27,CUST-1189,Siddharth Jain 189,Technology,Monitors,27-inch 4K Monitor,East,Guwahati,4,88000.0,0.0,20000.0,Debit Card
ORD-10210,2024-09-23,CUST-1181,Aditya Bose 181,Office Supplies,Art,Highlighter & Marker Set,South,Hyderabad,2,490.0,0.3,190.0,Credit Card
ORD-10211,2024-05-05,CUST-1035,Swati Kulkarni 35,Technology,Accessories,USB-C Multi-Port Hub,East,Bhubaneswar,4,5040.0,0.3,1440.0,UPI
ORD-10212,2025-11-29,CUST-1082,Abhishek Saxena 82,Office Supplies,Paper,A4 Multipurpose Copy Paper (Pack of 5),North,Noida,2,2160.0,0.1,760.0,Credit Card
ORD-10213,2025-12-29,CUST-1180,Manish Malhotra 180,Technology,Monitors,27-inch 4K Monitor,West,Pune,1,20900.0,0.05,3900.0,Credit Card
ORD-10214,2024-08-30,CUST-1203,Ananya Roy 203,Office Supplies,Binders,Heavy-Duty Ring Binder,North,Jaipur,2,476.0,0.15,236.0,Net Banking
ORD-10215,2025-07-18,CUST-1034,Divya Agarwal 34,Technology,Accessories,USB-C Multi-Port Hub,North,Jaipur,1,1260.0,0.3,360.0,Cash on Delivery
ORD-10216,2025-02-24,CUST-1197,Siddharth Jain 197,Office Supplies,Storage,Heavy Duty Arch File Box,Central,Bhopal,1,552.5,0.15,202.5,UPI
ORD-10217,2025-04-05,CUST-1120,Nisha Bhat 120,Apparel,Corporate Wear,Cotton Formal Shirt,West,Pune,4,3600.0,0.4,600.0,Cash on Delivery
ORD-10218,2024-07-05,CUST-1197,Siddharth Jain 197,Technology,Phones,Bluetooth Wireless Earbuds,East,Kolkata,3,4500.0,0.4,900.0,Credit Card
ORD-10219,2024-11-23,CUST-1058,Aditya Bose 58,Office Supplies,Paper,A4 Multipurpose Copy Paper (Pack of 5),Central,Indore,3,3240.0,0.1,1140.0,Credit Card
ORD-10220,2025-10-12,CUST-1071,Preeti Pandey 71,Technology,Phones,Bluetooth Wireless Earbuds,West,Mumbai,2,5000.0,0.0,2600.0,Cash on Delivery
ORD-10221,2025-08-17,CUST-1040,Aarti Kapoor 40,Technology,Monitors,27-inch 4K Monitor,Central,Nagpur,4,74800.0,0.15,6800.0,Cash on Delivery
ORD-10222,2024-02-12,CUST-1212,Karan Joshi 212,Technology,Accessories,Wireless Mouse,North,Delhi,5,2000.0,0.5,0.0,Debit Card
ORD-10223,2025-12-14,CUST-1159,Ravi Pillai 159,Technology,Accessories,Wireless Mouse,East,Patna,2,1440.0,0.1,640.0,Net Banking
ORD-10224,2024-09-07,CUST-1207,Divya Agarwal 207,Office Supplies,Paper,Premium Hardbound Notebook,West,Surat,1,450.0,0.0,270.0,Credit Card
ORD-10225,2025-03-26,CUST-1107,Amit Kumar 107,Office Supplies,Binders,Heavy-Duty Ring Binder,East,Bhubaneswar,1,280.0,0.0,160.0,Debit Card
ORD-10226,2024-11-22,CUST-1221,Pooja Verma 221,Office Supplies,Paper,A4 Multipurpose Copy Paper (Pack of 5),East,Bhubaneswar,3,2160.0,0.4,60.0,Cash on Delivery
ORD-10227,2024-04-18,CUST-1082,Abhishek Saxena 82,Furniture,Chairs,Mesh Executive Chair,East,Kolkata,1,11400.0,0.05,1900.0,Credit Card
ORD-10228,2024-04-09,CUST-1013,Tarun Choudhury,Furniture,Tables,Wooden Conference Table,East,Guwahati,1,25000.0,0.0,4000.0,Debit Card
ORD-10229,2025-08-14,CUST-1185,Aditya Bose 185,Furniture,Bookcases,5-Tier Wooden Bookshelf,South,Chennai,2,7800.0,0.4,-2600.0,Net Banking
ORD-10230,2025-05-25,CUST-1226,Rohan Mehta 226,Furniture,Tables,Wooden Conference Table,East,Kolkata,1,20000.0,0.2,-1000.0,Cash on Delivery
ORD-10231,2025-04-13,CUST-1248,Neha Gupta 248,Furniture,Chairs,Mesh Executive Chair,South,Hyderabad,1,10800.0,0.1,1300.0,Net Banking
ORD-10232,2025-09-03,CUST-1226,Rohan Mehta 226,Office Supplies,Binders,Heavy-Duty Ring Binder,West,Mumbai,3,672.0,0.2,312.0,Credit Card
ORD-10233,2024-09-27,CUST-1187,Meera Sen 187,Office Supplies,Paper,A4 Multipurpose Copy Paper (Pack of 5),East,Patna,1,1200.0,0.0,500.0,Cash on Delivery
ORD-10234,2025-07-29,CUST-1050,Suresh Nair 50,Office Supplies,Paper,A4 Multipurpose Copy Paper (Pack of 5),Central,Indore,1,720.0,0.4,20.0,Net Banking
ORD-10235,2025-07-17,CUST-1072,Shweta Mishra 72,Technology,Phones,Smartphone Pro Max,South,Bangalore,1,38250.0,0.15,2250.0,Cash on Delivery
ORD-10236,2025-01-09,CUST-1194,Ananya Roy 194,Technology,Phones,Bluetooth Wireless Earbuds,South,Kochi,2,5000.0,0.0,2600.0,UPI
ORD-10237,2024-05-20,CUST-1183,Kavita Das 183,Furniture,Bookcases,5-Tier Wooden Bookshelf,East,Guwahati,1,3900.0,0.4,-1300.0,Credit Card
ORD-10238,2024-12-01,CUST-1082,Abhishek Saxena 82,Technology,Monitors,27-inch 4K Monitor,East,Patna,2,26400.0,0.4,-7600.0,Cash on Delivery
ORD-10239,2025-06-29,CUST-1126,Aarti Kapoor 126,Apparel,Footwear,Leather Oxford Shoes,West,Surat,3,8160.0,0.15,3060.0,Debit Card
ORD-10240,2025-11-19,CUST-1079,Nisha Bhat 79,Technology,Accessories,Wireless Mouse,Central,Indore,1,400.0,0.5,0.0,Cash on Delivery
ORD-10241,2024-08-21,CUST-1185,Aditya Bose 185,Technology,Accessories,Mechanical Keyboard,Central,Indore,1,1750.0,0.5,-250.0,Net Banking
ORD-10242,2024-05-31,CUST-1211,Ravi Pillai 211,Furniture,Chairs,Mesh Executive Chair,North,Noida,5,60000.0,0.0,12500.0,Credit Card
ORD-10243,2024-01-20,CUST-1113,Neha Gupta 113,Furniture,Bookcases,5-Tier Wooden Bookshelf,East,Bhubaneswar,1,6175.0,0.05,975.0,Net Banking
ORD-10244,2025-05-28,CUST-1199,Karan Joshi 199,Office Supplies,Binders,Heavy-Duty Ring Binder,North,Lucknow,2,336.0,0.4,96.0,Debit Card
ORD-10245,2025-11-09,CUST-1097,Sneha Reddy 97,Furniture,Bookcases,5-Tier Wooden Bookshelf,South,Kochi,4,22100.0,0.15,1300.0,Cash on Delivery
ORD-10246,2024-12-28,CUST-1223,Shweta Mishra 223,Furniture,Tables,Adjustable Standing Desk,Central,Indore,1,17100.0,0.05,3100.0,Debit Card
ORD-10247,2025-07-25,CUST-1077,Swati Kulkarni 77,Furniture,Chairs,Mesh Executive Chair,West,Ahmedabad,3,25200.0,0.3,-3300.0,Debit Card
ORD-10248,2025-05-06,CUST-1090,Ananya Roy 90,Apparel,Corporate Wear,Tailored Blazer,West,Ahmedabad,1,2880.0,0.4,280.0,Net Banking
ORD-10249,2025-02-08,CUST-1210,Tarun Choudhury 210,Office Supplies,Paper,A4 Multipurpose Copy Paper (Pack of 5),South,Hyderabad,1,1200.0,0.0,500.0,Debit Card
ORD-10250,2025-03-28,CUST-1168,,Furniture,Tables,Adjustable Standing Desk,East,Bhubaneswar,1,10800.0,0.4,-3200.0,Debit Card
ORD-10251,2025-07-29,CUST-1179,Abhishek Saxena 179,Furniture,Tables,Adjustable Standing Desk,South,Bangalore,2,18000.0,0.5,-10000.0,Credit Card
ORD-10252,2024-09-05,CUST-1013,Tarun Choudhury,Apparel,Corporate Wear,Cotton Formal Shirt,South,Chennai,1,1200.0,0.2,450.0,Debit Card
ORD-10253,2025-04-28,CUST-1026,Siddharth Jain,Technology,Phones,Bluetooth Wireless Earbuds,North,Noida,8,20000.0,0.0,10400.0,Net Banking
ORD-10254,2025-10-30,CUST-1225,Aditya Bose 225,Office Supplies,Binders,Heavy-Duty Ring Binder,East,Bhubaneswar,3,756.0,0.1,396.0,Debit Card
ORD-10255,2024-10-19,CUST-1233,Bhavna Shah 233,Technology,Accessories,USB-C Multi-Port Hub,Central,Bhopal,2,3600.0,0.0,1800.0,Credit Card
ORD-10256,2025-03-03,CUST-1226,Rohan Mehta 226,Technology,Monitors,27-inch 4K Monitor,North,Chandigarh,3,66000.0,0.0,15000.0,Debit Card
ORD-10257,2024-02-08,CUST-1003,Rahul Sharma,Furniture,Tables,Wooden Conference Table,Central,Nagpur,1,21250.0,0.15,250.0,Debit Card
ORD-10258,2025-04-10,CUST-1165,Deepak Rao 165,Apparel,Corporate Wear,Tailored Blazer,Central,Indore,4,19200.0,0.0,8800.0,Cash on Delivery
ORD-10259,2025-04-24,CUST-1070,Pooja Verma 70,Furniture,Chairs,Ergonomic Office Chair,North,Jaipur,1,5950.0,0.3,-50.0,Debit Card
ORD-10260,2024-07-09,CUST-1004,Ravi Pillai,Furniture,Bookcases,5-Tier Wooden Bookshelf,West,Pune,1,5200.0,0.2,0.0,Net Banking
ORD-10261,2025-06-11,CUST-1084,Aarti Kapoor 84,Technology,Accessories,USB-C Multi-Port Hub,East,Kolkata,1,1800.0,0.0,900.0,Net Banking
ORD-10262,2024-11-27,CUST-1002,Ananya Roy,Furniture,Tables,Adjustable Standing Desk,East,Bhubaneswar,1,16200.0,0.1,2200.0,Debit Card
ORD-10263,2024-11-05,CUST-1147,Tarun Choudhury 147,Technology,Accessories,Wireless Mouse,West,Ahmedabad,2,1600.0,0.0,800.0,UPI
ORD-10264,2025-04-21,CUST-1079,Nisha Bhat 79,Technology,Monitors,27-inch 4K Monitor,East,Patna,2,39600.0,0.1,5600.0,Debit Card
ORD-10265,2025-09-21,CUST-1057,Deepak Rao 57,Furniture,Chairs,Mesh Executive Chair,South,Kochi,1,6000.0,0.5,-3500.0,Debit Card
ORD-10266,2025-03-01,CUST-1180,Manish Malhotra 180,Apparel,Corporate Wear,Tailored Blazer,East,Bhubaneswar,3,7200.0,0.5,-600.0,UPI
ORD-10267,2025-06-22,CUST-1115,Divya Agarwal 115,Apparel,Corporate Wear,Cotton Formal Shirt,West,Mumbai,4,6000.0,0.0,3000.0,UPI
ORD-10268,2025-07-14,CUST-1232,Aarti Kapoor 232,Apparel,Corporate Wear,Cotton Formal Shirt,South,Chennai,1,900.0,0.4,150.0,Net Banking
ORD-10269,2024-04-29,CUST-1175,Vikas Singh 175,Furniture,Chairs,Ergonomic Office Chair,Central,Indore,1,5100.0,0.4,-900.0,Net Banking
ORD-10270,2024-02-26,CUST-1117,Karan Joshi 117,Technology,Phones,Bluetooth Wireless Earbuds,Central,Indore,2,5000.0,0.0,2600.0,Cash on Delivery
ORD-10271,2025-04-18,CUST-1173,Alok Deshmukh 173,Furniture,Tables,Wooden Conference Table,North,Chandigarh,1,25000.0,0.0,4000.0,Credit Card
ORD-10272,2025-08-15,CUST-1019,Rahul Sharma,Technology,Accessories,Mechanical Keyboard,East,Patna,3,6300.0,0.4,300.0,UPI
ORD-10273,2024-03-11,CUST-1240,Rahul Sharma 240,Office Supplies,Binders,Heavy-Duty Ring Binder,North,Jaipur,1,280.0,0.0,160.0,Net Banking
ORD-10274,2025-01-18,CUST-1229,Aarti Kapoor 229,Office Supplies,Paper,Premium Hardbound Notebook,East,Guwahati,1,270.0,0.4,90.0,Credit Card
ORD-10275,2025-10-31,CUST-1031,Siddharth Jain 31,Technology,Monitors,27-inch 4K Monitor,Central,Indore,2,41800.0,0.05,7800.0,UPI
ORD-10276,2024-01-24,CUST-1077,Swati Kulkarni 77,Office Supplies,Art,Highlighter & Marker Set,Central,Indore,2,665.0,0.05,365.0,Credit Card
ORD-10277,2025-04-16,CUST-1089,Alok Deshmukh 89,Technology,Phones,Bluetooth Wireless Earbuds,West,Pune,5,12500.0,0.0,6500.0,UPI
ORD-10278,2025-11-07,CUST-1197,Siddharth Jain 197,Technology,Accessories,Wireless Mouse,South,Chennai,1,400.0,0.5,0.0,UPI
ORD-10279,2025-04-02,CUST-1154,Neha Gupta 154,Technology,Accessories,Mechanical Keyboard,South,Bangalore,1,3325.0,0.05,1325.0,Cash on Delivery
ORD-10280,2024-08-10,CUST-1194,Ananya Roy 194,Technology,Accessories,Mechanical Keyboard,South,Hyderabad,1,1750.0,0.5,-250.0,Debit Card
ORD-10281,2025-08-14,CUST-1154,Neha Gupta 154,Furniture,Bookcases,5-Tier Wooden Bookshelf,South,Hyderabad,4,15600.0,0.4,-5200.0,Credit Card
ORD-10282,2025-02-27,CUST-1077,Swati Kulkarni 77,Furniture,Tables,Adjustable Standing Desk,North,Noida,5,90000.0,0.0,20000.0,Net Banking
ORD-10283,2025-07-23,CUST-1127,Aarti Kapoor 127,Technology,Accessories,Mechanical Keyboard,West,Surat,3,8925.0,0.15,2925.0,Net Banking
ORD-10284,2025-02-22,CUST-1039,Rahul Sharma 39,Furniture,Tables,Wooden Conference Table,East,Bhubaneswar,3,52500.0,0.3,-10500.0,Credit Card
ORD-10285,2024-08-18,CUST-1077,Swati Kulkarni 77,Technology,Phones,Bluetooth Wireless Earbuds,East,Kolkata,2,4000.0,0.2,1600.0,Cash on Delivery
ORD-10286,2025-06-26,CUST-1035,Swati Kulkarni 35,Office Supplies,Paper,Premium Hardbound Notebook,South,Hyderabad,1,450.0,0.0,270.0,Net Banking
ORD-10287,2025-01-14,CUST-1024,Aditya Bose,Apparel,Corporate Wear,Tailored Blazer,South,Bangalore,1,2400.0,0.5,-200.0,Cash on Delivery
ORD-10288,2024-02-10,CUST-1224,Meera Sen 224,Technology,Accessories,USB-C Multi-Port Hub,South,Chennai,2,3060.0,0.15,1260.0,Debit Card
ORD-10289,2024-01-16,CUST-1055,Deepak Rao 55,Furniture,Chairs,Ergonomic Office Chair,North,Chandigarh,4,17000.0,0.5,-7000.0,Credit Card
ORD-10290,2025-02-10,CUST-1235,Bhavna Shah 235,Furniture,Chairs,Mesh Executive Chair,Central,Indore,3,28800.0,0.2,300.0,Net Banking
ORD-10291,2025-06-30,CUST-1167,Vikas Singh 167,Office Supplies,Paper,A4 Multipurpose Copy Paper (Pack of 5),West,Ahmedabad,1,840.0,0.3,140.0,Net Banking
ORD-10292,2024-04-10,CUST-1206,Sneha Reddy 206,Office Supplies,Binders,Heavy-Duty Ring Binder,West,Pune,1,224.0,0.2,104.0,UPI
ORD-10293,2025-07-30,CUST-1222,Preeti Pandey 222,Furniture,Chairs,Mesh Executive Chair,South,Bangalore,1,6000.0,0.5,-3500.0,Cash on Delivery
ORD-10294,2025-03-03,CUST-1076,Deepak Rao 76,Technology,Phones,Bluetooth Wireless Earbuds,South,Hyderabad,1,1250.0,0.5,50.0,Credit Card
ORD-10295,2025-05-26,CUST-1141,Nisha Bhat 141,Furniture,Bookcases,5-Tier Wooden Bookshelf,West,Surat,5,22750.0,0.3,-3250.0,Net Banking
ORD-10296,2024-06-21,CUST-1188,Karan Joshi 188,Office Supplies,Paper,A4 Multipurpose Copy Paper (Pack of 5),South,Chennai,3,2520.0,0.3,420.0,Credit Card
ORD-10297,2025-07-09,CUST-1165,Deepak Rao 165,Technology,Accessories,Mechanical Keyboard,Central,Bhopal,3,10500.0,0.0,4500.0,UPI
ORD-10298,2024-01-07,CUST-1106,Shweta Mishra 106,Technology,Phones,Bluetooth Wireless Earbuds,South,Bangalore,3,7500.0,0.0,3900.0,Credit Card
ORD-10299,2025-06-01,CUST-1117,Karan Joshi 117,Office Supplies,Paper,A4 Multipurpose Copy Paper (Pack of 5),North,Noida,2,1200.0,0.5,-200.0,Net Banking
ORD-10300,2025-11-06,CUST-1002,Ananya Roy,Apparel,Corporate Wear,Tailored Blazer,Central,Indore,1,2880.0,0.4,280.0,Debit Card
ORD-10301,2025-07-02,CUST-1074,Tarun Choudhury 74,Technology,Accessories,Wireless Mouse,Central,Nagpur,2,1600.0,0.0,800.0,UPI
ORD-10302,2024-04-08,CUST-1135,Karan Joshi 135,Technology,Phones,Bluetooth Wireless Earbuds,South,Chennai,2,4500.0,0.1,2100.0,Debit Card
ORD-10303,2024-09-30,CUST-1204,Pooja Verma 204,Office Supplies,Paper,Premium Hardbound Notebook,North,Jaipur,5,1575.0,0.3,675.0,Cash on Delivery
ORD-10304,2024-09-06,CUST-1179,Abhishek Saxena 179,Furniture,Chairs,Mesh Executive Chair,West,Mumbai,2,24000.0,0.0,5000.0,UPI
ORD-10305,2025-02-19,CUST-1098,Deepak Rao 98,Office Supplies,Paper,Premium Hardbound Notebook,Central,Indore,1,450.0,0.0,270.0,Credit Card
ORD-10306,2024-03-25,CUST-1128,Priya Patel 128,Office Supplies,Storage,Heavy Duty Arch File Box,West,Mumbai,4,2600.0,0.0,1200.0,Credit Card
ORD-10307,2024-08-04,CUST-1231,Siddharth Jain 231,Apparel,Footwear,Leather Oxford Shoes,East,Patna,1,3200.0,0.0,1500.0,Debit Card
ORD-10308,2025-07-10,CUST-1145,Rajesh Iyer 145,Technology,Accessories,Mechanical Keyboard,South,Hyderabad,1,3325.0,0.05,1325.0,Cash on Delivery
ORD-10309,2024-05-27,CUST-1193,Ravi Pillai 193,Office Supplies,Paper,Premium Hardbound Notebook,North,Jaipur,1,427.5,0.05,247.5,Cash on Delivery
ORD-10310,2025-02-02,CUST-1174,Ananya Roy 174,Apparel,Corporate Wear,Tailored Blazer,West,Surat,3,14400.0,0.0,6600.0,UPI
ORD-10311,2025-05-27,CUST-1191,Rahul Sharma 191,Office Supplies,Paper,A4 Multipurpose Copy Paper (Pack of 5),North,Delhi,1,1200.0,0.0,500.0,Debit Card
ORD-10312,2025-09-11,CUST-1197,Siddharth Jain 197,Office Supplies,Paper,Premium Hardbound Notebook,West,Mumbai,2,630.0,0.3,270.0,Net Banking
ORD-10313,2024-08-21,CUST-1092,Karan Joshi 92,Apparel,Corporate Wear,Tailored Blazer,East,Guwahati,1,2400.0,0.5,-200.0,Net Banking
ORD-10314,2024-03-28,CUST-1198,Aarti Kapoor 198,Furniture,Tables,Wooden Conference Table,South,Bangalore,1,25000.0,0.0,4000.0,Net Banking
ORD-10315,2025-12-29,CUST-1040,Aarti Kapoor 40,Office Supplies,Paper,Premium Hardbound Notebook,West,Ahmedabad,1,450.0,0.0,270.0,Debit Card
ORD-10316,2025-03-31,CUST-1093,Divya Agarwal 93,Furniture,Tables,Adjustable Standing Desk,North,Lucknow,1,14400.0,0.2,400.0,Net Banking
ORD-10317,2025-07-24,CUST-1143,Rohan Mehta 143,Apparel,Corporate Wear,Cotton Formal Shirt,East,Kolkata,1,1275.0,0.15,525.0,Cash on Delivery
ORD-10318,2024-04-05,CUST-1153,Vikas Singh 153,Furniture,Bookcases,5-Tier Wooden Bookshelf,East,Kolkata,1,5200.0,0.2,0.0,UPI
ORD-10319,2025-07-26,CUST-1232,Aarti Kapoor 232,Furniture,Chairs,Mesh Executive Chair,Central,Nagpur,1,9600.0,0.2,100.0,Credit Card
ORD-10320,2024-05-22,CUST-1069,Siddharth Jain 69,Furniture,Tables,Wooden Conference Table,West,Surat,1,25000.0,0.0,4000.0,Net Banking
ORD-10321,2024-10-09,CUST-1124,Suresh Nair 124,Technology,Accessories,USB-C Multi-Port Hub,West,Ahmedabad,5,6300.0,0.3,1800.0,Cash on Delivery
ORD-10322,2025-09-23,CUST-1051,Ananya Roy 51,Office Supplies,Art,Highlighter & Marker Set,North,Lucknow,1,280.0,0.2,130.0,Debit Card
ORD-10323,2025-09-27,CUST-1098,Deepak Rao 98,Furniture,Bookcases,5-Tier Wooden Bookshelf,East,Patna,1,3250.0,0.5,-1950.0,Credit Card
ORD-10324,2024-12-07,CUST-1123,Abhishek Saxena 123,Furniture,Bookcases,5-Tier Wooden Bookshelf,South,Kochi,5,29250.0,0.1,3250.0,Net Banking
ORD-10325,2025-08-12,CUST-1201,Shweta Mishra 201,Furniture,Chairs,Mesh Executive Chair,West,Surat,1,9600.0,0.2,100.0,Debit Card
ORD-10326,2024-04-26,CUST-1239,Rajesh Iyer 239,Apparel,Footwear,Leather Oxford Shoes,South,Chennai,2,3840.0,0.4,440.0,UPI
ORD-10327,2025-04-17,CUST-1242,Bhavna Shah 242,Furniture,Chairs,Ergonomic Office Chair,East,Patna,3,25500.0,0.0,7500.0,Net Banking
ORD-10328,2025-11-20,CUST-1163,Swati Kulkarni 163,Furniture,Tables,Wooden Conference Table,South,Hyderabad,2,40000.0,0.2,-2000.0,Net Banking
ORD-10329,2024-03-16,CUST-1115,Divya Agarwal 115,Office Supplies,Binders,Heavy-Duty Ring Binder,Central,Indore,2,448.0,0.2,208.0,Cash on Delivery
ORD-10330,2024-02-07,CUST-1203,Ananya Roy 203,Office Supplies,Paper,A4 Multipurpose Copy Paper (Pack of 5),Central,Nagpur,2,2400.0,0.0,1000.0,UPI
ORD-10331,2024-09-11,CUST-1169,Rajesh Iyer 169,Office Supplies,Paper,A4 Multipurpose Copy Paper (Pack of 5),South,Bangalore,2,1920.0,0.2,520.0,Debit Card
ORD-10332,2025-03-16,CUST-1028,Nisha Bhat,Technology,Accessories,Wireless Mouse,North,Jaipur,1,480.0,0.4,80.0,Cash on Delivery
ORD-10333,2025-08-17,CUST-1177,Sneha Reddy 177,Apparel,Footwear,Leather Oxford Shoes,South,Kochi,1,2240.0,0.3,540.0,Cash on Delivery
ORD-10334,2025-12-08,CUST-1089,Alok Deshmukh 89,Technology,Accessories,Wireless Mouse,East,Kolkata,1,800.0,0.0,400.0,UPI
ORD-10335,2024-05-25,CUST-1090,Ananya Roy 90,Furniture,Tables,Wooden Conference Table,West,Surat,3,45000.0,0.4,-18000.0,Net Banking
ORD-10336,2024-12-22,CUST-1113,Neha Gupta 113,Office Supplies,Art,Highlighter & Marker Set,West,Mumbai,1,350.0,0.0,200.0,UPI
ORD-10337,2024-12-17,CUST-1174,Ananya Roy 174,Technology,Monitors,27-inch 4K Monitor,South,Chennai,2,37400.0,0.15,3400.0,Cash on Delivery
ORD-10338,2025-03-12,CUST-1246,Gaurav Tiwari 246,Office Supplies,Art,Highlighter & Marker Set,South,Kochi,2,700.0,0.0,400.0,Net Banking
ORD-10339,2025-02-09,CUST-1008,Vikas Singh,Furniture,Chairs,Ergonomic Office Chair,East,Guwahati,1,8075.0,0.05,2075.0,Credit Card
ORD-10340,2024-10-12,CUST-1208,Rahul Sharma 208,Technology,Accessories,USB-C Multi-Port Hub,Central,Bhopal,3,3240.0,0.4,540.0,Credit Card
ORD-10341,2025-01-09,CUST-1084,Aarti Kapoor 84,Furniture,Chairs,Ergonomic Office Chair,East,Kolkata,1,5950.0,0.3,-50.0,Cash on Delivery
ORD-10342,2025-11-20,CUST-1101,Abhishek Saxena 101,Apparel,Footwear,Leather Oxford Shoes,North,Jaipur,1,2240.0,0.3,540.0,Cash on Delivery
ORD-10343,2024-06-25,CUST-1209,Ravi Pillai 209,Furniture,Tables,Wooden Conference Table,Central,Nagpur,1,25000.0,0.0,4000.0,Debit Card
ORD-10344,2024-04-30,CUST-1062,Ravi Pillai 62,Furniture,Tables,Wooden Conference Table,North,Lucknow,1,25000.0,0.0,4000.0,Cash on Delivery
ORD-10345,2025-02-01,CUST-1108,Aditya Bose 108,Technology,Phones,Bluetooth Wireless Earbuds,Central,Indore,1,1750.0,0.3,550.0,Cash on Delivery
ORD-10346,2025-12-11,CUST-1239,Rajesh Iyer 239,Technology,Monitors,27-inch 4K Monitor,Central,Bhopal,2,44000.0,0.0,10000.0,Credit Card
ORD-10347,2024-11-18,CUST-1159,Ravi Pillai 159,Technology,Accessories,Mechanical Keyboard,West,Mumbai,2,6650.0,0.05,2650.0,Net Banking
ORD-10348,2025-07-29,CUST-1130,Preeti Pandey 130,Office Supplies,Binders,Heavy-Duty Ring Binder,East,Guwahati,1,196.0,0.3,76.0,Net Banking
ORD-10349,2024-06-20,CUST-1022,Neha Gupta,Apparel,Footwear,Leather Oxford Shoes,North,Lucknow,1,2880.0,0.1,1180.0,Credit Card
ORD-10350,2025-07-04,CUST-1074,Tarun Choudhury 74,Technology,Monitors,27-inch 4K Monitor,East,Guwahati,2,44000.0,0.0,10000.0,Cash on Delivery
ORD-10351,2024-04-26,CUST-1069,Siddharth Jain 69,Apparel,Corporate Wear,Tailored Blazer,West,Mumbai,3,10080.0,0.3,2280.0,Cash on Delivery
ORD-10352,2024-08-11,CUST-1109,Shweta Mishra 109,Technology,Phones,Smartphone Pro Max,South,Hyderabad,4,180000.0,0.0,36000.0,Net Banking
ORD-10353,2024-09-26,CUST-1090,Ananya Roy 90,Technology,Accessories,USB-C Multi-Port Hub,East,Kolkata,3,5130.0,0.05,2430.0,Credit Card
ORD-10354,2025-08-25,CUST-1177,Sneha Reddy 177,Office Supplies,Paper,A4 Multipurpose Copy Paper (Pack of 5),Central,Nagpur,1,600.0,0.5,-100.0,Credit Card
ORD-10355,2024-07-30,CUST-1209,Ravi Pillai 209,Furniture,Chairs,Ergonomic Office Chair,North,Noida,1,7650.0,0.1,1650.0,Cash on Delivery
ORD-10356,2025-07-05,CUST-1044,Manish Malhotra 44,Furniture,Bookcases,5-Tier Wooden Bookshelf,West,Ahmedabad,2,7800.0,0.4,-2600.0,UPI
ORD-10357,2024-05-18,CUST-1247,Pooja Verma 247,Office Supplies,Storage,Heavy Duty Arch File Box,North,Jaipur,4,2600.0,0.0,1200.0,Credit Card
ORD-10358,2024-09-12,CUST-1038,Alok Deshmukh 38,Furniture,Bookcases,5-Tier Wooden Bookshelf,South,Kochi,2,6500.0,0.5,-3900.0,Debit Card
ORD-10359,2025-10-04,CUST-1116,Kavita Das 116,Technology,Accessories,USB-C Multi-Port Hub,North,Chandigarh,2,3240.0,0.1,1440.0,Debit Card
ORD-10360,2025-04-10,CUST-1244,Tarun Choudhury 244,Office Supplies,Binders,Heavy-Duty Ring Binder,West,Mumbai,4,1120.0,0.0,640.0,Net Banking
ORD-10361,2025-10-12,CUST-1092,Karan Joshi 92,Technology,Accessories,USB-C Multi-Port Hub,Central,Indore,1,1440.0,0.2,540.0,Credit Card
ORD-10362,2025-05-21,CUST-1069,Siddharth Jain 69,Furniture,Bookcases,5-Tier Wooden Bookshelf,West,Ahmedabad,2,13000.0,0.0,2600.0,Cash on Delivery
ORD-10363,2025-05-11,CUST-1202,Suresh Nair 202,Furniture,Bookcases,5-Tier Wooden Bookshelf,North,Delhi,1,4550.0,0.3,-650.0,UPI
ORD-10364,2024-05-07,CUST-1238,Suresh Nair 238,Technology,Monitors,27-inch 4K Monitor,East,Guwahati,1,17600.0,0.2,600.0,Credit Card
ORD-10365,2025-12-06,CUST-1226,Rohan Mehta 226,Furniture,Tables,Wooden Conference Table,South,Hyderabad,1,21250.0,0.15,250.0,Debit Card
ORD-10366,2024-03-25,CUST-1096,Deepak Rao 96,Technology,Monitors,27-inch 4K Monitor,North,Chandigarh,2,41800.0,0.05,7800.0,Net Banking
ORD-10367,2025-10-01,CUST-1055,Deepak Rao 55,Office Supplies,Binders,Heavy-Duty Ring Binder,North,Lucknow,2,336.0,0.4,96.0,Net Banking
ORD-10368,2024-01-10,CUST-1003,Rahul Sharma,Furniture,Bookcases,5-Tier Wooden Bookshelf,North,Chandigarh,2,9100.0,0.3,-1300.0,UPI
ORD-10369,2024-08-22,CUST-1099,Deepak Rao 99,Technology,Accessories,USB-C Multi-Port Hub,North,Delhi,1,1620.0,0.1,720.0,Credit Card
ORD-10370,2025-01-26,CUST-1199,Karan Joshi 199,Technology,Phones,Bluetooth Wireless Earbuds,South,Bangalore,2,5000.0,0.0,2600.0,Cash on Delivery
ORD-10371,2025-11-24,CUST-1055,Deepak Rao 55,Technology,Phones,Bluetooth Wireless Earbuds,East,Guwahati,4,10000.0,0.0,5200.0,UPI
ORD-10372,2024-05-23,CUST-1193,Ravi Pillai 193,Technology,Phones,Smartphone Pro Max,Central,Nagpur,1,36000.0,0.2,0.0,Debit Card
ORD-10373,2024-05-23,CUST-1064,Siddharth Jain 64,Furniture,Tables,Adjustable Standing Desk,North,Lucknow,2,18000.0,0.5,-10000.0,Cash on Delivery
ORD-10374,2024-10-18,CUST-1177,Sneha Reddy 177,Technology,Accessories,Wireless Mouse,West,Pune,2,960.0,0.4,160.0,Credit Card
ORD-10375,2025-02-05,CUST-1076,Deepak Rao 76,Technology,Accessories,Mechanical Keyboard,South,Kochi,1,3325.0,0.05,1325.0,Net Banking
ORD-10376,2025-10-15,CUST-1136,Amit Kumar 136,Technology,Accessories,Wireless Mouse,West,Ahmedabad,1,400.0,0.5,0.0,Net Banking
ORD-10377,2025-01-09,CUST-1140,Tarun Choudhury 140,Technology,Monitors,27-inch 4K Monitor,East,Kolkata,1,22000.0,0.0,5000.0,UPI
ORD-10378,2024-09-25,CUST-1056,Alok Deshmukh 56,Technology,Accessories,Mechanical Keyboard,North,Chandigarh,2,4200.0,0.4,200.0,Net Banking
ORD-10379,2025-03-09,CUST-1180,Manish Malhotra 180,Office Supplies,Paper,Premium Hardbound Notebook,North,Noida,2,900.0,0.0,540.0,Debit Card
ORD-10380,2024-03-26,CUST-1080,Amit Kumar 80,Technology,Accessories,USB-C Multi-Port Hub,Central,Bhopal,8,14400.0,0.0,7200.0,Cash on Delivery
ORD-10381,2024-11-30,CUST-1163,Swati Kulkarni 163,Technology,Accessories,USB-C Multi-Port Hub,West,Surat,3,5130.0,0.05,2430.0,UPI
ORD-10382,2024-09-07,CUST-1023,Meera Sen,Office Supplies,Storage,Heavy Duty Arch File Box,North,Chandigarh,2,1300.0,0.0,600.0,Debit Card
ORD-10383,2025-11-13,CUST-1190,Alok Deshmukh 190,Technology,Monitors,27-inch 4K Monitor,North,Delhi,3,66000.0,0.0,15000.0,Credit Card
ORD-10384,2025-05-23,CUST-1244,Tarun Choudhury 244,Office Supplies,Paper,A4 Multipurpose Copy Paper (Pack of 5),Central,Nagpur,3,3240.0,0.1,1140.0,Credit Card
ORD-10385,2025-01-15,CUST-1033,Neha Gupta 33,Furniture,Tables,Adjustable Standing Desk,North,Delhi,1,14400.0,0.2,400.0,Debit Card
ORD-10386,2025-06-20,CUST-1017,Manish Malhotra,Furniture,Tables,Adjustable Standing Desk,Central,Nagpur,1,12600.0,0.3,-1400.0,Cash on Delivery
ORD-10387,2025-01-03,CUST-1015,Amit Kumar,Office Supplies,Binders,Heavy-Duty Ring Binder,Central,Bhopal,1,252.0,0.1,132.0,UPI
ORD-10388,2025-08-10,CUST-1173,Alok Deshmukh 173,Technology,Phones,Smartphone Pro Max,South,Bangalore,1,45000.0,0.0,9000.0,Credit Card
ORD-10389,2024-02-17,CUST-1121,Siddharth Jain 121,Office Supplies,Paper,A4 Multipurpose Copy Paper (Pack of 5),East,Bhubaneswar,1,1200.0,0.0,500.0,Cash on Delivery
ORD-10390,2025-11-02,CUST-1083,Neha Gupta 83,Furniture,Chairs,Mesh Executive Chair,East,Patna,1,12000.0,0.0,2500.0,Cash on Delivery
ORD-10391,2025-01-16,CUST-1031,Siddharth Jain 31,Apparel,Corporate Wear,Cotton Formal Shirt,North,Lucknow,1,900.0,0.4,150.0,UPI
ORD-10392,2025-02-14,CUST-1018,Priya Patel,Office Supplies,Art,Highlighter & Marker Set,West,Ahmedabad,1,210.0,0.4,60.0,Net Banking
ORD-10393,2024-01-09,CUST-1095,Preeti Pandey 95,Furniture,Chairs,Ergonomic Office Chair,West,Ahmedabad,3,24225.0,0.05,6225.0,Net Banking
ORD-10394,2025-01-12,CUST-1152,Karan Joshi 152,Office Supplies,Binders,Heavy-Duty Ring Binder,South,Chennai,1,224.0,0.2,104.0,UPI
ORD-10395,2024-08-26,CUST-1139,Swati Kulkarni 139,Office Supplies,Paper,A4 Multipurpose Copy Paper (Pack of 5),North,Jaipur,1,960.0,0.2,260.0,Debit Card
ORD-10396,2024-04-16,CUST-1053,Kavita Das 53,Apparel,Corporate Wear,Cotton Formal Shirt,South,Kochi,2,3000.0,0.0,1500.0,Credit Card
ORD-10397,2025-10-08,CUST-1230,Sneha Reddy 230,Apparel,Corporate Wear,Cotton Formal Shirt,East,Patna,2,3000.0,0.0,1500.0,Cash on Delivery
ORD-10398,2024-04-07,CUST-1130,Preeti Pandey 130,Technology,Phones,Bluetooth Wireless Earbuds,East,Kolkata,2,5000.0,0.0,2600.0,Net Banking
ORD-10399,2025-11-09,CUST-1061,Priya Patel 61,Furniture,Tables,Wooden Conference Table,West,Ahmedabad,4,80000.0,0.2,-4000.0,Debit Card
ORD-10400,2024-11-21,CUST-1060,,Technology,Accessories,USB-C Multi-Port Hub,South,Chennai,3,2700.0,0.5,0.0,UPI
ORD-10401,2024-06-08,CUST-1028,Nisha Bhat,Technology,Monitors,27-inch 4K Monitor,East,Guwahati,1,22000.0,0.0,5000.0,Cash on Delivery
ORD-10402,2025-01-01,CUST-1247,Pooja Verma 247,Furniture,Chairs,Ergonomic Office Chair,East,Patna,2,17000.0,0.0,5000.0,UPI
ORD-10403,2024-06-10,CUST-1207,Divya Agarwal 207,Furniture,Tables,Wooden Conference Table,Central,Bhopal,1,21250.0,0.15,250.0,Credit Card
ORD-10404,2024-04-03,CUST-1183,Kavita Das 183,Furniture,Chairs,Mesh Executive Chair,West,Surat,2,21600.0,0.1,2600.0,Debit Card
ORD-10405,2024-06-27,CUST-1008,Vikas Singh,Office Supplies,Paper,Premium Hardbound Notebook,East,Bhubaneswar,1,450.0,0.0,270.0,Credit Card
ORD-10406,2024-05-04,CUST-1004,Ravi Pillai,Technology,Accessories,Mechanical Keyboard,South,Chennai,1,2800.0,0.2,800.0,Debit Card
ORD-10407,2025-12-03,CUST-1166,Neha Gupta 166,Technology,Accessories,USB-C Multi-Port Hub,Central,Nagpur,1,1800.0,0.0,900.0,UPI
ORD-10408,2024-03-07,CUST-1051,Ananya Roy 51,Office Supplies,Art,Highlighter & Marker Set,South,Bangalore,4,1190.0,0.15,590.0,UPI
ORD-10409,2024-02-13,CUST-1242,Bhavna Shah 242,Office Supplies,Art,Highlighter & Marker Set,North,Lucknow,4,1120.0,0.2,520.0,Net Banking
ORD-10410,2025-05-23,CUST-1008,Vikas Singh,Office Supplies,Paper,Premium Hardbound Notebook,East,Bhubaneswar,1,450.0,0.0,270.0,Debit Card
ORD-10411,2024-10-13,CUST-1039,Rahul Sharma 39,Technology,Accessories,Mechanical Keyboard,Central,Nagpur,2,6300.0,0.1,2300.0,Net Banking
ORD-10412,2025-02-25,CUST-1226,Rohan Mehta 226,Apparel,Corporate Wear,Tailored Blazer,East,Kolkata,1,3840.0,0.2,1240.0,Credit Card
ORD-10413,2025-03-05,CUST-1052,Amit Kumar 52,Apparel,Corporate Wear,Cotton Formal Shirt,South,Bangalore,8,10200.0,0.15,4200.0,Net Banking
ORD-10414,2025-07-11,CUST-1201,Shweta Mishra 201,Office Supplies,Binders,Heavy-Duty Ring Binder,West,Ahmedabad,1,280.0,0.0,160.0,UPI
ORD-10415,2024-11-22,CUST-1008,Vikas Singh,Furniture,Tables,Adjustable Standing Desk,North,Chandigarh,2,18000.0,0.5,-10000.0,Credit Card
ORD-10416,2024-06-12,CUST-1026,Siddharth Jain,Furniture,Chairs,Mesh Executive Chair,South,Hyderabad,2,24000.0,0.0,5000.0,Credit Card
ORD-10417,2025-08-12,CUST-1217,Bhavna Shah 217,Office Supplies,Paper,Premium Hardbound Notebook,West,Pune,1,225.0,0.5,45.0,Debit Card
ORD-10418,2025-12-15,CUST-1152,Karan Joshi 152,Technology,Accessories,Wireless Mouse,West,Pune,2,1520.0,0.05,720.0,Net Banking
ORD-10419,2025-07-09,CUST-1080,Amit Kumar 80,Technology,Monitors,27-inch 4K Monitor,East,Kolkata,1,20900.0,0.05,3900.0,Cash on Delivery
ORD-10420,2024-08-12,CUST-1006,Neha Gupta,Apparel,Corporate Wear,Cotton Formal Shirt,East,Kolkata,1,750.0,0.5,0.0,Credit Card
ORD-10421,2024-05-13,CUST-1088,Neha Gupta 88,Technology,Monitors,27-inch 4K Monitor,West,Mumbai,1,11000.0,0.5,-6000.0,Credit Card
ORD-10422,2024-04-23,CUST-1217,Bhavna Shah 217,Apparel,Corporate Wear,Cotton Formal Shirt,West,Mumbai,1,1200.0,0.2,450.0,Cash on Delivery
ORD-10423,2024-04-13,CUST-1087,Alok Deshmukh 87,Furniture,Tables,Wooden Conference Table,West,Pune,8,160000.0,0.2,-8000.0,Net Banking
ORD-10424,2025-12-18,CUST-1178,Gaurav Tiwari 178,Office Supplies,Paper,A4 Multipurpose Copy Paper (Pack of 5),South,Chennai,1,1080.0,0.1,380.0,Credit Card
ORD-10425,2024-06-30,CUST-1187,Meera Sen 187,Technology,Accessories,Wireless Mouse,Central,Indore,4,1600.0,0.5,0.0,UPI
ORD-10426,2024-07-05,CUST-1155,Ravi Pillai 155,Furniture,Bookcases,5-Tier Wooden Bookshelf,Central,Bhopal,2,13000.0,0.0,2600.0,Net Banking
ORD-10427,2024-05-24,CUST-1085,Pooja Verma 85,Technology,Accessories,USB-C Multi-Port Hub,South,Hyderabad,8,14400.0,0.0,7200.0,UPI
ORD-10428,2025-12-26,CUST-1187,Meera Sen 187,Furniture,Bookcases,5-Tier Wooden Bookshelf,East,Kolkata,1,6175.0,0.05,975.0,UPI
ORD-10429,2024-10-24,CUST-1001,Shweta Mishra,Technology,Accessories,Mechanical Keyboard,East,Guwahati,3,10500.0,0.0,4500.0,Net Banking
ORD-10430,2025-05-19,CUST-1226,Rohan Mehta 226,Office Supplies,Paper,Premium Hardbound Notebook,West,Surat,1,315.0,0.3,135.0,Cash on Delivery
ORD-10431,2025-10-28,CUST-1058,Aditya Bose 58,Technology,Monitors,27-inch 4K Monitor,East,Kolkata,3,66000.0,0.0,15000.0,Debit Card
ORD-10432,2024-01-21,CUST-1082,Abhishek Saxena 82,Furniture,Tables,Adjustable Standing Desk,North,Delhi,1,14400.0,0.2,400.0,Credit Card
ORD-10433,2024-03-17,CUST-1141,Nisha Bhat 141,Technology,Accessories,USB-C Multi-Port Hub,West,Surat,3,4320.0,0.2,1620.0,Credit Card
ORD-10434,2025-09-13,CUST-1228,Deepak Rao 228,Office Supplies,Storage,Heavy Duty Arch File Box,South,Bangalore,1,617.5,0.05,267.5,Credit Card
ORD-10435,2025-02-23,CUST-1179,Abhishek Saxena 179,Apparel,Corporate Wear,Tailored Blazer,Central,Indore,2,8640.0,0.1,3440.0,Credit Card
ORD-10436,2024-04-08,CUST-1013,Tarun Choudhury,Office Supplies,Paper,Premium Hardbound Notebook,Central,Nagpur,3,1350.0,0.0,810.0,UPI
ORD-10437,2025-01-04,CUST-1001,Shweta Mishra,Office Supplies,Storage,Heavy Duty Arch File Box,North,Jaipur,3,975.0,0.5,-75.0,Net Banking
ORD-10438,2024-07-23,CUST-1025,Rahul Sharma,Technology,Accessories,Wireless Mouse,South,Chennai,2,1600.0,0.0,800.0,Net Banking
ORD-10439,2024-04-28,CUST-1079,Nisha Bhat 79,Office Supplies,Paper,Premium Hardbound Notebook,East,Guwahati,4,1620.0,0.1,900.0,UPI
ORD-10440,2025-10-19,CUST-1048,Rohan Mehta 48,Office Supplies,Paper,A4 Multipurpose Copy Paper (Pack of 5),East,Patna,1,1200.0,0.0,500.0,Debit Card
ORD-10441,2025-03-26,CUST-1120,Nisha Bhat 120,Furniture,Tables,Adjustable Standing Desk,South,Hyderabad,2,36000.0,0.0,8000.0,UPI
ORD-10442,2024-03-28,CUST-1172,Priya Patel 172,Office Supplies,Paper,A4 Multipurpose Copy Paper (Pack of 5),Central,Indore,8,4800.0,0.5,-800.0,Credit Card
ORD-10443,2025-07-20,CUST-1016,Swati Kulkarni,Office Supplies,Paper,Premium Hardbound Notebook,Central,Indore,5,1575.0,0.3,675.0,Cash on Delivery
ORD-10444,2024-08-29,CUST-1122,Neha Gupta 122,Furniture,Tables,Wooden Conference Table,North,Chandigarh,4,100000.0,0.0,16000.0,Cash on Delivery
ORD-10445,2025-08-07,CUST-1231,Siddharth Jain 231,Apparel,Corporate Wear,Cotton Formal Shirt,Central,Nagpur,8,12000.0,0.0,6000.0,UPI
ORD-10446,2025-04-04,CUST-1045,Suresh Nair 45,Technology,Monitors,27-inch 4K Monitor,South,Chennai,1,17600.0,0.2,600.0,UPI
ORD-10447,2025-11-30,CUST-1211,Ravi Pillai 211,Technology,Phones,Bluetooth Wireless Earbuds,Central,Indore,1,2500.0,0.0,1300.0,UPI
ORD-10448,2025-02-01,CUST-1143,Rohan Mehta 143,Office Supplies,Paper,Premium Hardbound Notebook,Central,Indore,4,1080.0,0.4,360.0,Net Banking
ORD-10449,2024-01-13,CUST-1202,Suresh Nair 202,Apparel,Footwear,Leather Oxford Shoes,Central,Indore,1,3200.0,0.0,1500.0,Credit Card
ORD-10450,2025-08-03,CUST-1151,Vikas Singh 151,Apparel,Footwear,Leather Oxford Shoes,North,Delhi,2,6400.0,0.0,3000.0,Debit Card
ORD-10451,2025-07-02,CUST-1226,Rohan Mehta 226,Office Supplies,Paper,A4 Multipurpose Copy Paper (Pack of 5),East,Patna,1,840.0,0.3,140.0,Cash on Delivery
ORD-10452,2025-09-15,CUST-1122,Neha Gupta 122,Technology,Accessories,Mechanical Keyboard,South,Hyderabad,1,1750.0,0.5,-250.0,Cash on Delivery
ORD-10453,2025-11-28,CUST-1010,Ananya Roy,Office Supplies,Paper,Premium Hardbound Notebook,West,Pune,1,315.0,0.3,135.0,Debit Card
ORD-10454,2025-01-16,CUST-1006,Neha Gupta,Furniture,Bookcases,5-Tier Wooden Bookshelf,West,Ahmedabad,1,4550.0,0.3,-650.0,UPI
ORD-10455,2024-08-21,CUST-1035,Swati Kulkarni 35,Furniture,Tables,Wooden Conference Table,East,Patna,1,20000.0,0.2,-1000.0,Cash on Delivery
ORD-10456,2025-11-07,CUST-1234,Meera Sen 234,Office Supplies,Storage,Heavy Duty Arch File Box,East,Patna,3,1170.0,0.4,120.0,Credit Card
ORD-10457,2024-03-08,CUST-1080,Amit Kumar 80,Apparel,Corporate Wear,Cotton Formal Shirt,East,Bhubaneswar,3,2700.0,0.4,450.0,Cash on Delivery
ORD-10458,2024-01-30,CUST-1045,Suresh Nair 45,Furniture,Chairs,Ergonomic Office Chair,South,Bangalore,1,5950.0,0.3,-50.0,UPI
ORD-10459,2025-01-04,CUST-1181,Aditya Bose 181,Furniture,Chairs,Ergonomic Office Chair,West,Ahmedabad,3,15300.0,0.4,-2700.0,Net Banking
ORD-10460,2025-10-12,CUST-1175,Vikas Singh 175,Technology,Accessories,Wireless Mouse,South,Hyderabad,2,1120.0,0.3,320.0,Credit Card
ORD-10461,2025-04-30,CUST-1151,Vikas Singh 151,Apparel,Corporate Wear,Tailored Blazer,West,Ahmedabad,1,4320.0,0.1,1720.0,UPI
ORD-10462,2024-10-06,CUST-1219,Alok Deshmukh 219,Apparel,Footwear,Leather Oxford Shoes,South,Chennai,2,6080.0,0.05,2680.0,Debit Card
ORD-10463,2025-10-29,CUST-1006,Neha Gupta,Technology,Accessories,Wireless Mouse,East,Bhubaneswar,2,800.0,0.5,0.0,UPI
ORD-10464,2024-08-17,CUST-1065,Ananya Roy 65,Furniture,Tables,Wooden Conference Table,West,Surat,4,85000.0,0.15,1000.0,Net Banking
ORD-10465,2024-09-15,CUST-1056,Alok Deshmukh 56,Office Supplies,Art,Highlighter & Marker Set,West,Surat,2,700.0,0.0,400.0,Cash on Delivery
ORD-10466,2025-11-09,CUST-1215,Sneha Reddy 215,Office Supplies,Paper,A4 Multipurpose Copy Paper (Pack of 5),Central,Nagpur,2,2160.0,0.1,760.0,Debit Card
ORD-10467,2025-10-11,CUST-1071,Preeti Pandey 71,Furniture,Bookcases,5-Tier Wooden Bookshelf,West,Ahmedabad,2,11700.0,0.1,1300.0,Credit Card
ORD-10468,2024-06-02,CUST-1133,Suresh Nair 133,Furniture,Chairs,Mesh Executive Chair,North,Noida,1,10200.0,0.15,700.0,Credit Card
ORD-10469,2024-01-27,CUST-1168,Meera Sen 168,Office Supplies,Binders,Heavy-Duty Ring Binder,West,Ahmedabad,4,896.0,0.2,416.0,Net Banking
ORD-10470,2024-02-06,CUST-1150,Divya Agarwal 150,Apparel,Footwear,Leather Oxford Shoes,South,Hyderabad,3,9120.0,0.05,4020.0,Cash on Delivery
ORD-10471,2025-10-15,CUST-1233,Bhavna Shah 233,Office Supplies,Paper,A4 Multipurpose Copy Paper (Pack of 5),Central,Indore,3,2160.0,0.4,60.0,Credit Card
ORD-10472,2024-10-24,CUST-1067,Kavita Das 67,Apparel,Corporate Wear,Tailored Blazer,South,Hyderabad,2,9120.0,0.05,3920.0,Debit Card
ORD-10473,2024-08-16,CUST-1191,Rahul Sharma 191,Furniture,Tables,Wooden Conference Table,East,Patna,1,12500.0,0.5,-8500.0,Debit Card
ORD-10474,2025-04-19,CUST-1218,Ananya Roy 218,Technology,Phones,Smartphone Pro Max,East,Kolkata,4,90000.0,0.5,-54000.0,Cash on Delivery
ORD-10475,2025-09-27,CUST-1019,Rahul Sharma,Office Supplies,Binders,Heavy-Duty Ring Binder,South,Bangalore,4,896.0,0.2,416.0,Cash on Delivery
ORD-10476,2024-11-01,CUST-1223,Shweta Mishra 223,Technology,Phones,Bluetooth Wireless Earbuds,South,Chennai,1,1250.0,0.5,50.0,Net Banking
ORD-10477,2024-05-26,CUST-1081,Priya Patel 81,Technology,Monitors,27-inch 4K Monitor,North,Chandigarh,1,22000.0,0.0,5000.0,Debit Card
ORD-10478,2025-11-09,CUST-1054,Ananya Roy 54,Technology,Monitors,27-inch 4K Monitor,Central,Bhopal,2,44000.0,0.0,10000.0,Credit Card
ORD-10479,2025-09-21,CUST-1112,Ravi Pillai 112,Office Supplies,Storage,Heavy Duty Arch File Box,East,Guwahati,5,2600.0,0.2,850.0,UPI
ORD-10480,2024-02-08,CUST-1137,Rohan Mehta 137,Furniture,Chairs,Ergonomic Office Chair,West,Mumbai,4,20400.0,0.4,-3600.0,Credit Card
ORD-10481,2024-01-19,CUST-1174,Ananya Roy 174,Technology,Accessories,Wireless Mouse,South,Chennai,2,1360.0,0.15,560.0,Debit Card
ORD-10482,2024-05-12,CUST-1027,Rohan Mehta,Office Supplies,Paper,Premium Hardbound Notebook,Central,Nagpur,1,450.0,0.0,270.0,UPI
ORD-10483,2024-11-01,CUST-1117,Karan Joshi 117,Apparel,Corporate Wear,Cotton Formal Shirt,Central,Nagpur,1,1500.0,0.0,750.0,Debit Card
ORD-10484,2025-05-16,CUST-1092,Karan Joshi 92,Furniture,Chairs,Ergonomic Office Chair,South,Kochi,1,8075.0,0.05,2075.0,Credit Card
ORD-10485,2024-08-04,CUST-1188,Karan Joshi 188,Technology,Accessories,Wireless Mouse,Central,Nagpur,1,680.0,0.15,280.0,UPI
ORD-10486,2025-01-19,CUST-1225,Aditya Bose 225,Furniture,Tables,Adjustable Standing Desk,Central,Nagpur,1,18000.0,0.0,4000.0,UPI
ORD-10487,2025-10-31,CUST-1013,Tarun Choudhury,Technology,Phones,Smartphone Pro Max,East,Guwahati,1,27000.0,0.4,-9000.0,Debit Card
ORD-10488,2025-04-30,CUST-1180,Manish Malhotra 180,Technology,Phones,Bluetooth Wireless Earbuds,South,Bangalore,1,2500.0,0.0,1300.0,Cash on Delivery
ORD-10489,2024-10-03,CUST-1180,Manish Malhotra 180,Technology,Phones,Bluetooth Wireless Earbuds,East,Kolkata,2,2500.0,0.5,100.0,UPI
ORD-10490,2024-10-16,CUST-1051,Ananya Roy 51,Furniture,Chairs,Ergonomic Office Chair,West,Pune,1,6800.0,0.2,800.0,Debit Card
ORD-10491,2024-06-13,CUST-1011,Abhishek Saxena,Apparel,Corporate Wear,Tailored Blazer,East,Bhubaneswar,2,6720.0,0.3,1520.0,Debit Card
ORD-10492,2024-08-28,CUST-1001,Shweta Mishra,Technology,Accessories,Wireless Mouse,North,Delhi,3,1680.0,0.3,480.0,Credit Card
ORD-10493,2024-04-02,CUST-1200,Aarti Kapoor 200,Apparel,Corporate Wear,Cotton Formal Shirt,North,Delhi,4,5700.0,0.05,2700.0,Net Banking
ORD-10494,2024-10-04,CUST-1209,Ravi Pillai 209,Technology,Monitors,27-inch 4K Monitor,North,Jaipur,1,18700.0,0.15,1700.0,Net Banking
ORD-10495,2024-04-28,CUST-1025,Rahul Sharma,Technology,Accessories,Mechanical Keyboard,North,Lucknow,2,7000.0,0.0,3000.0,Debit Card
ORD-10496,2025-01-01,CUST-1229,Aarti Kapoor 229,Office Supplies,Art,Highlighter & Marker Set,Central,Indore,4,1400.0,0.0,800.0,Debit Card
ORD-10497,2024-11-13,CUST-1247,Pooja Verma 247,Office Supplies,Art,Highlighter & Marker Set,West,Surat,2,490.0,0.3,190.0,Net Banking
ORD-10498,2025-10-26,CUST-1043,Nisha Bhat 43,Technology,Phones,Smartphone Pro Max,South,Bangalore,8,360000.0,0.0,72000.0,UPI
ORD-10499,2025-03-02,CUST-1234,Meera Sen 234,Apparel,Footwear,Leather Oxford Shoes,East,Guwahati,1,2560.0,0.2,860.0,Debit Card
ORD-10500,2025-09-18,CUST-1008,Vikas Singh,Technology,Phones,Bluetooth Wireless Earbuds,East,Guwahati,1,2000.0,0.2,800.0,Net Banking
ORD-10501,2024-02-17,CUST-1017,Manish Malhotra,Furniture,Tables,Adjustable Standing Desk,West,Mumbai,3,32400.0,0.4,-9600.0,Cash on Delivery
ORD-10502,2025-08-01,CUST-1058,Aditya Bose 58,Furniture,Bookcases,5-Tier Wooden Bookshelf,Central,Nagpur,2,6500.0,0.5,-3900.0,UPI
ORD-10503,2025-03-19,CUST-1170,Amit Kumar 170,Furniture,Chairs,Mesh Executive Chair,East,Patna,2,19200.0,0.2,200.0,Credit Card
ORD-10504,2025-07-25,CUST-1229,Aarti Kapoor 229,Technology,Accessories,Mechanical Keyboard,North,Lucknow,2,4900.0,0.3,900.0,Net Banking
ORD-10505,2024-06-18,CUST-1020,Amit Kumar,Office Supplies,Binders,Heavy-Duty Ring Binder,West,Pune,1,252.0,0.1,132.0,UPI
ORD-10506,2025-06-03,CUST-1058,Aditya Bose 58,Apparel,Corporate Wear,Tailored Blazer,East,Guwahati,3,14400.0,0.0,6600.0,Net Banking
ORD-10507,2025-03-30,CUST-1206,Sneha Reddy 206,Apparel,Footwear,Leather Oxford Shoes,East,Kolkata,4,8960.0,0.3,2160.0,Debit Card
ORD-10508,2024-05-01,CUST-1128,Priya Patel 128,Technology,Accessories,Wireless Mouse,North,Chandigarh,1,480.0,0.4,80.0,Cash on Delivery
ORD-10509,2024-01-01,CUST-1212,Karan Joshi 212,Technology,Accessories,USB-C Multi-Port Hub,Central,Nagpur,2,2160.0,0.4,360.0,Cash on Delivery
ORD-10510,2024-07-30,CUST-1168,Meera Sen 168,Office Supplies,Art,Highlighter & Marker Set,West,Ahmedabad,3,997.5,0.05,547.5,Net Banking
ORD-10511,2024-12-05,CUST-1159,Ravi Pillai 159,Office Supplies,Binders,Heavy-Duty Ring Binder,West,Surat,1,266.0,0.05,146.0,UPI
ORD-10512,2024-12-15,CUST-1163,Swati Kulkarni 163,Furniture,Tables,Wooden Conference Table,Central,Nagpur,1,25000.0,0.0,4000.0,UPI
ORD-10513,2024-06-17,CUST-1127,Aarti Kapoor 127,Technology,Phones,Bluetooth Wireless Earbuds,East,Kolkata,1,2375.0,0.05,1175.0,Credit Card
ORD-10514,2024-05-03,CUST-1239,Rajesh Iyer 239,Office Supplies,Paper,Premium Hardbound Notebook,South,Kochi,3,1282.5,0.05,742.5,Debit Card
ORD-10515,2024-04-20,CUST-1194,Ananya Roy 194,Office Supplies,Storage,Heavy Duty Arch File Box,North,Noida,1,455.0,0.3,105.0,Net Banking
ORD-10516,2025-11-05,CUST-1130,Preeti Pandey 130,Technology,Phones,Bluetooth Wireless Earbuds,East,Kolkata,2,5000.0,0.0,2600.0,Cash on Delivery
ORD-10517,2025-03-19,CUST-1215,Sneha Reddy 215,Apparel,Footwear,Leather Oxford Shoes,East,Bhubaneswar,2,6400.0,0.0,3000.0,Credit Card
ORD-10518,2024-04-16,CUST-1100,Rohan Mehta 100,Furniture,Bookcases,5-Tier Wooden Bookshelf,Central,Indore,1,3250.0,0.5,-1950.0,Credit Card
ORD-10519,2024-10-07,CUST-1088,Neha Gupta 88,Furniture,Tables,Wooden Conference Table,East,Bhubaneswar,1,12500.0,0.5,-8500.0,Cash on Delivery
ORD-10520,2024-11-02,CUST-1141,Nisha Bhat 141,Furniture,Bookcases,5-Tier Wooden Bookshelf,Central,Nagpur,1,6175.0,0.05,975.0,Cash on Delivery
ORD-10521,2024-10-24,CUST-1236,Rahul Sharma 236,Technology,Phones,Bluetooth Wireless Earbuds,South,Hyderabad,3,6375.0,0.15,2775.0,Cash on Delivery
ORD-10522,2025-05-06,CUST-1150,Divya Agarwal 150,Apparel,Footwear,Leather Oxford Shoes,East,Patna,4,10240.0,0.2,3440.0,UPI
ORD-10523,2025-06-19,CUST-1028,Nisha Bhat,Technology,Accessories,Wireless Mouse,East,Bhubaneswar,1,800.0,0.0,400.0,Credit Card
ORD-10524,2024-09-30,CUST-1193,Ravi Pillai 193,Technology,Monitors,27-inch 4K Monitor,West,Ahmedabad,1,22000.0,0.0,5000.0,Debit Card
ORD-10525,2024-07-27,CUST-1193,Ravi Pillai 193,Apparel,Corporate Wear,Tailored Blazer,North,Jaipur,3,14400.0,0.0,6600.0,Cash on Delivery
ORD-10526,2025-11-22,CUST-1222,Preeti Pandey 222,Furniture,Chairs,Mesh Executive Chair,Central,Indore,1,10800.0,0.1,1300.0,UPI
ORD-10527,2025-01-25,CUST-1100,Rohan Mehta 100,Office Supplies,Storage,Heavy Duty Arch File Box,West,Mumbai,1,585.0,0.1,235.0,Credit Card
ORD-10528,2025-09-27,CUST-1223,Shweta Mishra 223,Office Supplies,Art,Highlighter & Marker Set,South,Hyderabad,3,630.0,0.4,180.0,Cash on Delivery
ORD-10529,2024-07-20,CUST-1199,Karan Joshi 199,Furniture,Chairs,Ergonomic Office Chair,West,Surat,1,8500.0,0.0,2500.0,Credit Card
ORD-10530,2024-06-26,CUST-1189,Siddharth Jain 189,Apparel,Corporate Wear,Cotton Formal Shirt,North,Chandigarh,1,1350.0,0.1,600.0,Cash on Delivery
ORD-10531,2024-09-27,CUST-1034,Divya Agarwal 34,Technology,Monitors,27-inch 4K Monitor,Central,Indore,1,15400.0,0.3,-1600.0,Credit Card
ORD-10532,2024-02-10,CUST-1040,Aarti Kapoor 40,Furniture,Bookcases,5-Tier Wooden Bookshelf,Central,Bhopal,3,9750.0,0.5,-5850.0,Debit Card
ORD-10533,2025-05-17,CUST-1203,Ananya Roy 203,Apparel,Footwear,Leather Oxford Shoes,Central,Indore,1,2720.0,0.15,1020.0,Cash on Delivery
ORD-10534,2024-08-13,CUST-1245,Preeti Pandey 245,Technology,Monitors,27-inch 4K Monitor,Central,Bhopal,3,66000.0,0.0,15000.0,Net Banking
ORD-10535,2025-07-10,CUST-1138,Bhavna Shah 138,Office Supplies,Paper,Premium Hardbound Notebook,North,Jaipur,1,427.5,0.05,247.5,Debit Card
ORD-10536,2024-12-05,CUST-1056,Alok Deshmukh 56,Apparel,Corporate Wear,Cotton Formal Shirt,East,Kolkata,1,1275.0,0.15,525.0,Net Banking
ORD-10537,2024-09-03,CUST-1232,Aarti Kapoor 232,Furniture,Chairs,Mesh Executive Chair,North,Jaipur,1,12000.0,0.0,2500.0,Net Banking
ORD-10538,2024-09-19,CUST-1139,Swati Kulkarni 139,Furniture,Tables,Wooden Conference Table,North,Noida,3,63750.0,0.15,750.0,Cash on Delivery
ORD-10539,2025-06-04,CUST-1115,Divya Agarwal 115,Office Supplies,Binders,Heavy-Duty Ring Binder,North,Jaipur,4,1064.0,0.05,584.0,Debit Card
ORD-10540,2025-06-10,CUST-1022,Neha Gupta,Technology,Phones,Smartphone Pro Max,South,Bangalore,2,85500.0,0.05,13500.0,Credit Card
ORD-10541,2025-12-02,CUST-1027,Rohan Mehta,Furniture,Chairs,Ergonomic Office Chair,Central,Nagpur,4,27200.0,0.2,3200.0,UPI
ORD-10542,2025-11-23,CUST-1085,Pooja Verma 85,Technology,Accessories,Mechanical Keyboard,North,Delhi,1,3150.0,0.1,1150.0,Cash on Delivery
ORD-10543,2024-03-13,CUST-1148,Bhavna Shah 148,Furniture,Chairs,Mesh Executive Chair,West,Surat,1,9600.0,0.2,100.0,Net Banking
ORD-10544,2024-12-04,CUST-1137,Rohan Mehta 137,Technology,Accessories,Wireless Mouse,Central,Bhopal,3,1200.0,0.5,0.0,UPI
ORD-10545,2025-12-18,CUST-1092,Karan Joshi 92,Apparel,Corporate Wear,Cotton Formal Shirt,North,Jaipur,3,4050.0,0.1,1800.0,Cash on Delivery
ORD-10546,2024-03-29,CUST-1073,Aditya Bose 73,Office Supplies,Art,Highlighter & Marker Set,East,Guwahati,3,1050.0,0.0,600.0,Net Banking
ORD-10547,2024-06-09,CUST-1137,Rohan Mehta 137,Furniture,Chairs,Mesh Executive Chair,South,Kochi,3,21600.0,0.4,-6900.0,Debit Card
ORD-10548,2025-12-26,CUST-1222,Preeti Pandey 222,Office Supplies,Paper,A4 Multipurpose Copy Paper (Pack of 5),North,Noida,4,4800.0,0.0,2000.0,UPI
ORD-10549,2024-02-12,CUST-1002,Ananya Roy,Apparel,Footwear,Leather Oxford Shoes,Central,Indore,2,6400.0,0.0,3000.0,Debit Card
ORD-10550,2024-08-03,CUST-1192,Abhishek Saxena 192,Office Supplies,Paper,A4 Multipurpose Copy Paper (Pack of 5),South,Kochi,4,2880.0,0.4,80.0,Credit Card
ORD-10551,2024-06-13,CUST-1048,Rohan Mehta 48,Furniture,Chairs,Mesh Executive Chair,Central,Indore,1,12000.0,0.0,2500.0,Cash on Delivery
ORD-10552,2024-02-25,CUST-1218,Ananya Roy 218,Apparel,Corporate Wear,Tailored Blazer,East,Kolkata,1,4800.0,0.0,2200.0,Debit Card
ORD-10553,2024-04-10,CUST-1051,Ananya Roy 51,Apparel,Footwear,Leather Oxford Shoes,East,Patna,1,3040.0,0.05,1340.0,UPI
ORD-10554,2024-10-18,CUST-1231,Siddharth Jain 231,Furniture,Chairs,Ergonomic Office Chair,West,Surat,2,8500.0,0.5,-3500.0,Debit Card
ORD-10555,2025-12-11,CUST-1145,Rajesh Iyer 145,Apparel,Footwear,Leather Oxford Shoes,West,Ahmedabad,5,16000.0,0.0,7500.0,UPI
ORD-10556,2024-10-23,CUST-1190,Alok Deshmukh 190,Office Supplies,Storage,Heavy Duty Arch File Box,West,Ahmedabad,1,552.5,0.15,202.5,Net Banking
ORD-10557,2025-04-18,CUST-1115,Divya Agarwal 115,Office Supplies,Paper,A4 Multipurpose Copy Paper (Pack of 5),West,Surat,2,2400.0,0.0,1000.0,Cash on Delivery
ORD-10558,2024-03-24,CUST-1216,Meera Sen 216,Furniture,Tables,Adjustable Standing Desk,South,Chennai,1,18000.0,0.0,4000.0,UPI
ORD-10559,2024-01-20,CUST-1218,Ananya Roy 218,Apparel,Corporate Wear,Cotton Formal Shirt,North,Noida,2,1500.0,0.5,0.0,Credit Card
ORD-10560,2024-02-07,CUST-1142,Suresh Nair 142,Furniture,Tables,Adjustable Standing Desk,Central,Nagpur,2,36000.0,0.0,8000.0,Debit Card
ORD-10561,2025-02-05,CUST-1058,Aditya Bose 58,Apparel,Footwear,Leather Oxford Shoes,West,Pune,2,3840.0,0.4,440.0,UPI
ORD-10562,2025-02-10,CUST-1094,Shweta Mishra 94,Apparel,Corporate Wear,Cotton Formal Shirt,North,Lucknow,3,2250.0,0.5,0.0,Credit Card
ORD-10563,2025-06-10,CUST-1036,Karan Joshi 36,Office Supplies,Art,Highlighter & Marker Set,South,Chennai,2,350.0,0.5,50.0,Credit Card
ORD-10564,2025-05-10,CUST-1241,Ananya Roy 241,Office Supplies,Paper,A4 Multipurpose Copy Paper (Pack of 5),North,Lucknow,3,3420.0,0.05,1320.0,UPI
ORD-10565,2024-09-27,CUST-1095,Preeti Pandey 95,Furniture,Chairs,Mesh Executive Chair,North,Lucknow,2,20400.0,0.15,1400.0,Net Banking
ORD-10566,2025-04-25,CUST-1235,Bhavna Shah 235,Office Supplies,Art,Highlighter & Marker Set,North,Delhi,8,2380.0,0.15,1180.0,UPI
ORD-10567,2025-12-21,CUST-1163,Swati Kulkarni 163,Furniture,Tables,Adjustable Standing Desk,West,Pune,1,14400.0,0.2,400.0,Debit Card
ORD-10568,2025-08-24,CUST-1168,Meera Sen 168,Technology,Accessories,USB-C Multi-Port Hub,Central,Indore,1,1710.0,0.05,810.0,Cash on Delivery
ORD-10569,2025-02-19,CUST-1091,Kavita Das 91,Office Supplies,Paper,A4 Multipurpose Copy Paper (Pack of 5),East,Guwahati,4,4800.0,0.0,2000.0,Cash on Delivery
ORD-10570,2024-05-22,CUST-1113,Neha Gupta 113,Technology,Monitors,27-inch 4K Monitor,South,Bangalore,2,39600.0,0.1,5600.0,Credit Card
ORD-10571,2024-06-02,CUST-1048,Rohan Mehta 48,Technology,Monitors,27-inch 4K Monitor,West,Mumbai,2,35200.0,0.2,1200.0,Debit Card
ORD-10572,2024-04-26,CUST-1124,Suresh Nair 124,Office Supplies,Binders,Heavy-Duty Ring Binder,East,Bhubaneswar,2,448.0,0.2,208.0,UPI
ORD-10573,2024-09-06,CUST-1012,Ravi Pillai,Technology,Phones,Bluetooth Wireless Earbuds,Central,Nagpur,1,1500.0,0.4,300.0,UPI
ORD-10574,2025-08-09,CUST-1038,Alok Deshmukh 38,Technology,Accessories,Mechanical Keyboard,South,Hyderabad,4,8400.0,0.4,400.0,Net Banking
ORD-10575,2025-09-05,CUST-1249,Priya Patel 249,Apparel,Footwear,Leather Oxford Shoes,North,Jaipur,5,15200.0,0.05,6700.0,Net Banking
ORD-10576,2025-09-13,CUST-1121,Siddharth Jain 121,Office Supplies,Binders,Heavy-Duty Ring Binder,South,Chennai,3,420.0,0.5,60.0,Credit Card
ORD-10577,2025-08-19,CUST-1211,Ravi Pillai 211,Technology,Monitors,27-inch 4K Monitor,Central,Nagpur,2,44000.0,0.0,10000.0,Debit Card
ORD-10578,2025-04-09,CUST-1153,Vikas Singh 153,Apparel,Footwear,Leather Oxford Shoes,North,Lucknow,1,3200.0,0.0,1500.0,UPI
ORD-10579,2024-01-17,CUST-1052,Amit Kumar 52,Apparel,Corporate Wear,Cotton Formal Shirt,Central,Nagpur,1,1500.0,0.0,750.0,Cash on Delivery
ORD-10580,2024-04-08,CUST-1046,Karan Joshi 46,Office Supplies,Binders,Heavy-Duty Ring Binder,Central,Nagpur,1,168.0,0.4,48.0,Cash on Delivery
ORD-10581,2024-04-30,CUST-1024,Aditya Bose,Office Supplies,Binders,Heavy-Duty Ring Binder,South,Bangalore,4,896.0,0.2,416.0,Cash on Delivery
ORD-10582,2025-03-06,CUST-1095,Preeti Pandey 95,Technology,Accessories,Mechanical Keyboard,Central,Indore,1,2450.0,0.3,450.0,Net Banking
ORD-10583,2024-12-24,CUST-1190,Alok Deshmukh 190,Apparel,Footwear,Leather Oxford Shoes,North,Chandigarh,1,2240.0,0.3,540.0,Credit Card
ORD-10584,2024-03-26,CUST-1073,Aditya Bose 73,Apparel,Corporate Wear,Tailored Blazer,East,Patna,1,4800.0,0.0,2200.0,Cash on Delivery
ORD-10585,2025-06-19,CUST-1031,Siddharth Jain 31,Apparel,Corporate Wear,Cotton Formal Shirt,North,Chandigarh,2,2550.0,0.15,1050.0,Net Banking
ORD-10586,2025-01-05,CUST-1028,Nisha Bhat,Technology,Phones,Bluetooth Wireless Earbuds,East,Patna,1,1500.0,0.4,300.0,Net Banking
ORD-10587,2025-08-01,CUST-1094,Shweta Mishra 94,Furniture,Tables,Adjustable Standing Desk,East,Bhubaneswar,1,10800.0,0.4,-3200.0,Net Banking
ORD-10588,2024-07-02,CUST-1095,Preeti Pandey 95,Apparel,Corporate Wear,Tailored Blazer,Central,Indore,1,4320.0,0.1,1720.0,Cash on Delivery
ORD-10589,2024-12-18,CUST-1102,Karan Joshi 102,Technology,Phones,Bluetooth Wireless Earbuds,North,Lucknow,1,2500.0,0.0,1300.0,UPI
ORD-10590,2024-08-07,CUST-1131,Priya Patel 131,Office Supplies,Paper,Premium Hardbound Notebook,West,Mumbai,1,450.0,0.0,270.0,UPI
ORD-10591,2024-05-28,CUST-1121,Siddharth Jain 121,Office Supplies,Storage,Heavy Duty Arch File Box,North,Delhi,1,552.5,0.15,202.5,UPI
ORD-10592,2025-09-15,CUST-1010,Ananya Roy,Office Supplies,Paper,Premium Hardbound Notebook,East,Patna,3,675.0,0.5,135.0,UPI
ORD-10593,2024-06-28,CUST-1164,Kavita Das 164,Office Supplies,Binders,Heavy-Duty Ring Binder,East,Kolkata,1,168.0,0.4,48.0,Debit Card
ORD-10594,2024-07-18,CUST-1009,Ravi Pillai,Apparel,Corporate Wear,Cotton Formal Shirt,Central,Nagpur,1,1500.0,0.0,750.0,UPI
ORD-10595,2025-01-03,CUST-1062,Ravi Pillai 62,Technology,Accessories,Wireless Mouse,South,Bangalore,10,6400.0,0.2,2400.0,Debit Card
ORD-10596,2025-11-16,CUST-1151,Vikas Singh 151,Furniture,Chairs,Ergonomic Office Chair,Central,Bhopal,3,25500.0,0.0,7500.0,UPI
ORD-10597,2025-07-16,CUST-1073,Aditya Bose 73,Apparel,Corporate Wear,Tailored Blazer,Central,Indore,1,4320.0,0.1,1720.0,Credit Card
ORD-10598,2025-09-12,CUST-1247,Pooja Verma 247,Furniture,Chairs,Ergonomic Office Chair,East,Guwahati,2,15300.0,0.1,3300.0,Credit Card
ORD-10599,2025-02-20,CUST-1130,Preeti Pandey 130,Technology,Phones,Smartphone Pro Max,Central,Bhopal,2,76500.0,0.15,4500.0,UPI
ORD-10600,2025-06-09,CUST-1245,Preeti Pandey 245,Furniture,Tables,Adjustable Standing Desk,Central,Nagpur,1,12600.0,0.3,-1400.0,Net Banking
ORD-10601,2025-07-30,CUST-1124,Suresh Nair 124,Furniture,Chairs,Mesh Executive Chair,West,Surat,2,12000.0,0.5,-7000.0,UPI
ORD-10602,2025-05-08,CUST-1030,Nisha Bhat,Furniture,Tables,Adjustable Standing Desk,North,Chandigarh,2,34200.0,0.05,6200.0,Credit Card
ORD-10603,2024-11-19,CUST-1091,Kavita Das 91,Apparel,Corporate Wear,Cotton Formal Shirt,Central,Bhopal,3,4050.0,0.1,1800.0,Credit Card
ORD-10604,2024-12-24,CUST-1211,Ravi Pillai 211,Furniture,Bookcases,5-Tier Wooden Bookshelf,North,Noida,5,22750.0,0.3,-3250.0,Debit Card
ORD-10605,2024-12-09,CUST-1047,Vikas Singh 47,Furniture,Chairs,Ergonomic Office Chair,East,Bhubaneswar,1,8075.0,0.05,2075.0,Debit Card
ORD-10606,2024-07-30,CUST-1059,Karan Joshi 59,Furniture,Chairs,Ergonomic Office Chair,South,Hyderabad,1,8500.0,0.0,2500.0,UPI
ORD-10607,2024-03-21,CUST-1174,Ananya Roy 174,Office Supplies,Binders,Heavy-Duty Ring Binder,Central,Bhopal,3,504.0,0.4,144.0,UPI
ORD-10608,2025-05-08,CUST-1096,Deepak Rao 96,Furniture,Bookcases,5-Tier Wooden Bookshelf,East,Patna,2,7800.0,0.4,-2600.0,Debit Card
ORD-10609,2025-02-11,CUST-1057,Deepak Rao 57,Apparel,Footwear,Leather Oxford Shoes,South,Bangalore,2,5120.0,0.2,1720.0,Net Banking
ORD-10610,2025-07-07,CUST-1009,Ravi Pillai,Apparel,Corporate Wear,Cotton Formal Shirt,West,Surat,4,6000.0,0.0,3000.0,Net Banking
ORD-10611,2024-05-03,CUST-1179,Abhishek Saxena 179,Apparel,Corporate Wear,Cotton Formal Shirt,East,Patna,2,3000.0,0.0,1500.0,Credit Card
ORD-10612,2025-01-23,CUST-1149,Shweta Mishra 149,Technology,Phones,Smartphone Pro Max,West,Ahmedabad,2,81000.0,0.1,9000.0,Credit Card
ORD-10613,2025-07-15,CUST-1068,Amit Kumar 68,Furniture,Chairs,Mesh Executive Chair,West,Surat,5,51000.0,0.15,3500.0,Debit Card
ORD-10614,2024-07-07,CUST-1128,Priya Patel 128,Office Supplies,Storage,Heavy Duty Arch File Box,South,Kochi,3,1657.5,0.15,607.5,Debit Card
ORD-10615,2025-02-14,CUST-1072,Shweta Mishra 72,Office Supplies,Art,Highlighter & Marker Set,South,Chennai,8,2660.0,0.05,1460.0,UPI
ORD-10616,2024-10-03,CUST-1143,Rohan Mehta 143,Office Supplies,Storage,Heavy Duty Arch File Box,East,Bhubaneswar,1,650.0,0.0,300.0,Net Banking
ORD-10617,2024-01-10,CUST-1046,Karan Joshi 46,Office Supplies,Storage,Heavy Duty Arch File Box,East,Bhubaneswar,10,3900.0,0.4,400.0,Cash on Delivery
ORD-10618,2024-11-19,CUST-1077,Swati Kulkarni 77,Furniture,Tables,Adjustable Standing Desk,Central,Nagpur,1,18000.0,0.0,4000.0,Credit Card
ORD-10619,2024-03-02,CUST-1056,Alok Deshmukh 56,Furniture,Tables,Adjustable Standing Desk,East,Kolkata,1,15300.0,0.15,1300.0,Debit Card
ORD-10620,2025-01-04,CUST-1093,Divya Agarwal 93,Apparel,Corporate Wear,Tailored Blazer,Central,Indore,1,3840.0,0.2,1240.0,UPI
ORD-10621,2024-12-25,CUST-1247,Pooja Verma 247,Furniture,Chairs,Ergonomic Office Chair,Central,Nagpur,2,10200.0,0.4,-1800.0,Credit Card
ORD-10622,2024-10-18,CUST-1173,Alok Deshmukh 173,Apparel,Corporate Wear,Cotton Formal Shirt,East,Guwahati,4,4800.0,0.2,1800.0,Cash on Delivery
ORD-10623,2024-10-20,CUST-1245,Preeti Pandey 245,Technology,Phones,Bluetooth Wireless Earbuds,South,Hyderabad,1,1250.0,0.5,50.0,Cash on Delivery
ORD-10624,2025-02-18,CUST-1218,Ananya Roy 218,Technology,Accessories,USB-C Multi-Port Hub,North,Lucknow,1,1530.0,0.15,630.0,Debit Card
ORD-10625,2025-11-20,CUST-1166,Neha Gupta 166,Office Supplies,Paper,Premium Hardbound Notebook,West,Surat,3,1147.5,0.15,607.5,Cash on Delivery
ORD-10626,2025-06-17,CUST-1248,Neha Gupta 248,Office Supplies,Art,Highlighter & Marker Set,East,Bhubaneswar,1,350.0,0.0,200.0,Credit Card
ORD-10627,2024-08-28,CUST-1170,Amit Kumar 170,Furniture,Tables,Adjustable Standing Desk,North,Lucknow,1,18000.0,0.0,4000.0,UPI
ORD-10628,2024-03-06,CUST-1240,Rahul Sharma 240,Office Supplies,Binders,Heavy-Duty Ring Binder,Central,Bhopal,1,224.0,0.2,104.0,Cash on Delivery
ORD-10629,2024-03-26,CUST-1027,Rohan Mehta,Furniture,Tables,Adjustable Standing Desk,Central,Bhopal,1,14400.0,0.2,400.0,Debit Card
ORD-10630,2024-08-22,CUST-1064,Siddharth Jain 64,Furniture,Tables,Wooden Conference Table,East,Bhubaneswar,1,25000.0,0.0,4000.0,UPI
ORD-10631,2024-02-05,CUST-1170,Amit Kumar 170,Office Supplies,Paper,A4 Multipurpose Copy Paper (Pack of 5),West,Surat,2,1440.0,0.4,40.0,Debit Card
ORD-10632,2025-07-15,CUST-1114,Sneha Reddy 114,Technology,Phones,Bluetooth Wireless Earbuds,Central,Bhopal,2,3500.0,0.3,1100.0,Cash on Delivery
ORD-10633,2025-03-21,CUST-1135,Karan Joshi 135,Apparel,Corporate Wear,Tailored Blazer,West,Ahmedabad,2,9120.0,0.05,3920.0,UPI
ORD-10634,2025-03-28,CUST-1079,Nisha Bhat 79,Office Supplies,Paper,A4 Multipurpose Copy Paper (Pack of 5),East,Patna,1,1200.0,0.0,500.0,UPI
ORD-10635,2025-06-19,CUST-1209,Ravi Pillai 209,Technology,Phones,Bluetooth Wireless Earbuds,West,Ahmedabad,2,5000.0,0.0,2600.0,Net Banking
ORD-10636,2025-05-03,CUST-1077,Swati Kulkarni 77,Technology,Accessories,Wireless Mouse,East,Patna,2,1600.0,0.0,800.0,Cash on Delivery
ORD-10637,2025-01-17,CUST-1049,Aarti Kapoor 49,Office Supplies,Storage,Heavy Duty Arch File Box,Central,Indore,1,650.0,0.0,300.0,Net Banking
ORD-10638,2025-01-22,CUST-1057,Deepak Rao 57,Furniture,Tables,Adjustable Standing Desk,North,Chandigarh,2,21600.0,0.4,-6400.0,Cash on Delivery
ORD-10639,2025-12-11,CUST-1073,Aditya Bose 73,Apparel,Corporate Wear,Tailored Blazer,West,Surat,1,4800.0,0.0,2200.0,Credit Card
ORD-10640,2024-05-19,CUST-1075,Alok Deshmukh 75,Technology,Phones,Smartphone Pro Max,East,Guwahati,1,22500.0,0.5,-13500.0,Net Banking
ORD-10641,2024-07-11,CUST-1083,Neha Gupta 83,Technology,Accessories,Wireless Mouse,South,Bangalore,5,4000.0,0.0,2000.0,Credit Card
ORD-10642,2024-04-14,CUST-1073,Aditya Bose 73,Furniture,Tables,Adjustable Standing Desk,South,Kochi,3,51300.0,0.05,9300.0,UPI
ORD-10643,2024-06-03,CUST-1004,Ravi Pillai,Office Supplies,Binders,Heavy-Duty Ring Binder,South,Hyderabad,1,196.0,0.3,76.0,Debit Card
ORD-10644,2025-04-19,CUST-1179,Abhishek Saxena 179,Technology,Accessories,Mechanical Keyboard,West,Mumbai,3,10500.0,0.0,4500.0,UPI
ORD-10645,2024-09-29,CUST-1199,Karan Joshi 199,Office Supplies,Paper,Premium Hardbound Notebook,North,Noida,2,855.0,0.05,495.0,Debit Card
ORD-10646,2025-01-25,CUST-1213,Meera Sen 213,Technology,Accessories,Wireless Mouse,North,Lucknow,1,560.0,0.3,160.0,Credit Card
ORD-10647,2024-02-04,CUST-1051,Ananya Roy 51,Office Supplies,Art,Highlighter & Marker Set,North,Noida,2,665.0,0.05,365.0,Net Banking
ORD-10648,2025-02-02,CUST-1175,Vikas Singh 175,Furniture,Tables,Wooden Conference Table,West,Pune,2,50000.0,0.0,8000.0,Cash on Delivery
ORD-10649,2025-06-17,CUST-1032,Manish Malhotra 32,Furniture,Tables,Adjustable Standing Desk,East,Patna,1,18000.0,0.0,4000.0,Credit Card
ORD-10650,2024-04-25,CUST-1061,Priya Patel 61,Office Supplies,Storage,Heavy Duty Arch File Box,West,Mumbai,1,585.0,0.1,235.0,Cash on Delivery
ORD-10651,2024-05-02,CUST-1102,Karan Joshi 102,Furniture,Chairs,Mesh Executive Chair,North,Delhi,2,16800.0,0.3,-2200.0,Cash on Delivery
ORD-10652,2024-06-07,CUST-1096,Deepak Rao 96,Technology,Accessories,USB-C Multi-Port Hub,South,Chennai,2,1800.0,0.5,0.0,Debit Card
ORD-10653,2025-11-21,CUST-1040,Aarti Kapoor 40,Apparel,Corporate Wear,Tailored Blazer,North,Lucknow,2,8160.0,0.15,2960.0,Cash on Delivery
ORD-10654,2025-10-22,CUST-1207,Divya Agarwal 207,Office Supplies,Art,Highlighter & Marker Set,South,Bangalore,2,595.0,0.15,295.0,Credit Card
ORD-10655,2024-09-13,CUST-1231,Siddharth Jain 231,Technology,Accessories,Mechanical Keyboard,East,Guwahati,2,4200.0,0.4,200.0,Net Banking
ORD-10656,2024-07-13,CUST-1146,Kavita Das 146,Technology,Monitors,27-inch 4K Monitor,Central,Indore,1,15400.0,0.3,-1600.0,Debit Card
ORD-10657,2025-09-05,CUST-1235,Bhavna Shah 235,Apparel,Corporate Wear,Tailored Blazer,South,Bangalore,2,6720.0,0.3,1520.0,Debit Card
ORD-10658,2024-09-26,CUST-1139,Swati Kulkarni 139,Office Supplies,Paper,A4 Multipurpose Copy Paper (Pack of 5),East,Kolkata,3,2160.0,0.4,60.0,Net Banking
ORD-10659,2024-07-08,CUST-1227,Vikas Singh 227,Technology,Accessories,Wireless Mouse,Central,Indore,3,2280.0,0.05,1080.0,Debit Card
ORD-10660,2024-03-05,CUST-1169,Rajesh Iyer 169,Apparel,Corporate Wear,Tailored Blazer,East,Bhubaneswar,2,6720.0,0.3,1520.0,Cash on Delivery
ORD-10661,2024-06-06,CUST-1157,Siddharth Jain 157,Furniture,Tables,Wooden Conference Table,West,Surat,2,50000.0,0.0,8000.0,UPI
ORD-10662,2025-06-19,CUST-1169,Rajesh Iyer 169,Technology,Accessories,USB-C Multi-Port Hub,North,Lucknow,1,1800.0,0.0,900.0,Credit Card
ORD-10663,2024-04-19,CUST-1125,Preeti Pandey 125,Furniture,Chairs,Ergonomic Office Chair,North,Delhi,2,13600.0,0.2,1600.0,Net Banking
ORD-10664,2025-06-22,CUST-1160,Swati Kulkarni 160,Apparel,Footwear,Leather Oxford Shoes,West,Mumbai,1,1600.0,0.5,-100.0,UPI
ORD-10665,2024-01-14,CUST-1239,Rajesh Iyer 239,Furniture,Chairs,Ergonomic Office Chair,East,Kolkata,2,17000.0,0.0,5000.0,Debit Card
ORD-10666,2025-07-25,CUST-1191,Rahul Sharma 191,Office Supplies,Storage,Heavy Duty Arch File Box,West,Mumbai,3,1755.0,0.1,705.0,Cash on Delivery
ORD-10667,2024-02-11,CUST-1188,Karan Joshi 188,Technology,Accessories,USB-C Multi-Port Hub,West,Mumbai,5,5400.0,0.4,900.0,UPI
ORD-10668,2024-04-13,CUST-1186,Divya Agarwal 186,Furniture,Chairs,Mesh Executive Chair,Central,Indore,1,7200.0,0.4,-2300.0,Credit Card
ORD-10669,2025-08-06,CUST-1161,Manish Malhotra 161,Technology,Monitors,27-inch 4K Monitor,Central,Nagpur,2,44000.0,0.0,10000.0,Cash on Delivery
ORD-10670,2025-01-01,CUST-1173,Alok Deshmukh 173,Office Supplies,Art,Highlighter & Marker Set,East,Kolkata,1,350.0,0.0,200.0,Cash on Delivery
ORD-10671,2025-02-15,CUST-1130,Preeti Pandey 130,Furniture,Bookcases,5-Tier Wooden Bookshelf,South,Kochi,5,27625.0,0.15,1625.0,Cash on Delivery
ORD-10672,2024-11-28,CUST-1106,Shweta Mishra 106,Office Supplies,Storage,Heavy Duty Arch File Box,West,Pune,2,1235.0,0.05,535.0,Net Banking
ORD-10673,2025-07-17,CUST-1238,Suresh Nair 238,Furniture,Tables,Adjustable Standing Desk,West,Surat,1,14400.0,0.2,400.0,UPI
ORD-10674,2024-02-05,CUST-1073,Aditya Bose 73,Technology,Accessories,Wireless Mouse,Central,Bhopal,10,7200.0,0.1,3200.0,UPI
ORD-10675,2024-11-03,CUST-1055,Deepak Rao 55,Furniture,Bookcases,5-Tier Wooden Bookshelf,North,Jaipur,4,15600.0,0.4,-5200.0,Cash on Delivery
ORD-10676,2025-08-07,CUST-1238,Suresh Nair 238,Apparel,Footwear,Leather Oxford Shoes,South,Bangalore,1,2720.0,0.15,1020.0,Credit Card
ORD-10677,2024-05-21,CUST-1068,Amit Kumar 68,Office Supplies,Paper,A4 Multipurpose Copy Paper (Pack of 5),Central,Bhopal,1,1080.0,0.1,380.0,UPI
ORD-10678,2025-08-07,CUST-1103,Nisha Bhat 103,Apparel,Footwear,Leather Oxford Shoes,South,Bangalore,3,6720.0,0.3,1620.0,Credit Card
ORD-10679,2025-05-14,CUST-1212,Karan Joshi 212,Apparel,Footwear,Leather Oxford Shoes,North,Noida,2,6400.0,0.0,3000.0,Cash on Delivery
ORD-10680,2025-01-25,CUST-1021,Rohan Mehta,Technology,Accessories,Mechanical Keyboard,West,Ahmedabad,4,11200.0,0.2,3200.0,Net Banking
ORD-10681,2024-05-03,CUST-1223,Shweta Mishra 223,Furniture,Chairs,Mesh Executive Chair,Central,Bhopal,2,19200.0,0.2,200.0,UPI
ORD-10682,2024-11-08,CUST-1082,Abhishek Saxena 82,Apparel,Corporate Wear,Tailored Blazer,Central,Bhopal,1,4560.0,0.05,1960.0,Credit Card
ORD-10683,2024-02-21,CUST-1173,Alok Deshmukh 173,Office Supplies,Paper,Premium Hardbound Notebook,East,Kolkata,1,405.0,0.1,225.0,Net Banking
ORD-10684,2024-05-31,CUST-1034,Divya Agarwal 34,Furniture,Bookcases,5-Tier Wooden Bookshelf,North,Chandigarh,2,13000.0,0.0,2600.0,Cash on Delivery
ORD-10685,2025-02-12,CUST-1068,Amit Kumar 68,Technology,Accessories,USB-C Multi-Port Hub,East,Guwahati,3,5400.0,0.0,2700.0,Credit Card
ORD-10686,2025-05-07,CUST-1144,Shweta Mishra 144,Furniture,Chairs,Ergonomic Office Chair,East,Guwahati,2,16150.0,0.05,4150.0,Cash on Delivery
ORD-10687,2025-09-22,CUST-1189,Siddharth Jain 189,Apparel,Corporate Wear,Cotton Formal Shirt,South,Chennai,1,1200.0,0.2,450.0,Debit Card
ORD-10688,2025-12-02,CUST-1023,Meera Sen,Technology,Phones,Smartphone Pro Max,East,Guwahati,1,42750.0,0.05,6750.0,Debit Card
ORD-10689,2024-12-18,CUST-1007,Neha Gupta,Furniture,Tables,Wooden Conference Table,South,Hyderabad,2,35000.0,0.3,-7000.0,Cash on Delivery
ORD-10690,2024-05-29,CUST-1113,Neha Gupta 113,Technology,Accessories,Mechanical Keyboard,South,Chennai,2,7000.0,0.0,3000.0,UPI
ORD-10691,2024-04-25,CUST-1190,Alok Deshmukh 190,Technology,Accessories,Mechanical Keyboard,South,Chennai,4,12600.0,0.1,4600.0,UPI
ORD-10692,2024-12-17,CUST-1029,Shweta Mishra,Furniture,Tables,Wooden Conference Table,East,Guwahati,1,23750.0,0.05,2750.0,Cash on Delivery
ORD-10693,2024-08-04,CUST-1053,Kavita Das 53,Apparel,Corporate Wear,Tailored Blazer,Central,Indore,2,4800.0,0.5,-400.0,Credit Card
ORD-10694,2025-12-12,CUST-1005,Karan Joshi,Office Supplies,Paper,Premium Hardbound Notebook,Central,Nagpur,2,810.0,0.1,450.0,Credit Card
ORD-10695,2024-03-02,CUST-1073,Aditya Bose 73,Furniture,Chairs,Ergonomic Office Chair,Central,Indore,1,8500.0,0.0,2500.0,UPI
ORD-10696,2025-02-01,CUST-1170,Amit Kumar 170,Furniture,Tables,Adjustable Standing Desk,West,Mumbai,1,14400.0,0.2,400.0,Credit Card
ORD-10697,2025-01-24,CUST-1131,Priya Patel 131,Technology,Phones,Smartphone Pro Max,West,Surat,4,108000.0,0.4,-36000.0,UPI
ORD-10698,2024-07-09,CUST-1051,Ananya Roy 51,Apparel,Corporate Wear,Cotton Formal Shirt,East,Kolkata,1,900.0,0.4,150.0,Debit Card
ORD-10699,2024-12-07,CUST-1191,Rahul Sharma 191,Technology,Monitors,27-inch 4K Monitor,North,Jaipur,2,37400.0,0.15,3400.0,Debit Card
ORD-10700,2024-08-29,CUST-1129,Neha Gupta 129,Furniture,Tables,Adjustable Standing Desk,North,Jaipur,4,72000.0,0.0,16000.0,Cash on Delivery
ORD-10701,2024-11-13,CUST-1169,Rajesh Iyer 169,Technology,Phones,Bluetooth Wireless Earbuds,North,Chandigarh,2,2500.0,0.5,100.0,Credit Card
ORD-10702,2025-03-03,CUST-1062,Ravi Pillai 62,Apparel,Footwear,Leather Oxford Shoes,South,Kochi,8,12800.0,0.5,-800.0,Debit Card
ORD-10703,2025-04-04,CUST-1139,Swati Kulkarni 139,Technology,Phones,Bluetooth Wireless Earbuds,South,Chennai,2,4750.0,0.05,2350.0,Credit Card
ORD-10704,2024-11-12,CUST-1231,Siddharth Jain 231,Apparel,Corporate Wear,Cotton Formal Shirt,South,Kochi,10,15000.0,0.0,7500.0,Cash on Delivery
ORD-10705,2024-06-10,CUST-1082,Abhishek Saxena 82,Technology,Accessories,USB-C Multi-Port Hub,Central,Nagpur,5,9000.0,0.0,4500.0,Credit Card
ORD-10706,2024-11-21,CUST-1038,Alok Deshmukh 38,Technology,Accessories,Wireless Mouse,West,Surat,5,3600.0,0.1,1600.0,Net Banking
ORD-10707,2025-10-14,CUST-1071,Preeti Pandey 71,Technology,Phones,Bluetooth Wireless Earbuds,South,Bangalore,1,2500.0,0.0,1300.0,Cash on Delivery
ORD-10708,2025-09-23,CUST-1069,Siddharth Jain 69,Apparel,Footwear,Leather Oxford Shoes,Central,Bhopal,2,6080.0,0.05,2680.0,UPI
ORD-10709,2025-01-02,CUST-1021,Rohan Mehta,Office Supplies,Binders,Heavy-Duty Ring Binder,South,Kochi,3,714.0,0.15,354.0,Credit Card
ORD-10710,2025-01-31,CUST-1126,Aarti Kapoor 126,Office Supplies,Binders,Heavy-Duty Ring Binder,South,Chennai,1,280.0,0.0,160.0,Net Banking
ORD-10711,2024-01-16,CUST-1237,Aditya Bose 237,Furniture,Tables,Adjustable Standing Desk,East,Bhubaneswar,3,51300.0,0.05,9300.0,Credit Card
ORD-10712,2024-03-08,CUST-1046,Karan Joshi 46,Office Supplies,Art,Highlighter & Marker Set,Central,Indore,2,490.0,0.3,190.0,Credit Card
ORD-10713,2025-03-13,CUST-1104,Bhavna Shah 104,Technology,Accessories,Mechanical Keyboard,Central,Nagpur,3,8925.0,0.15,2925.0,Net Banking
ORD-10714,2025-09-18,CUST-1241,Ananya Roy 241,Apparel,Footwear,Leather Oxford Shoes,Central,Nagpur,2,6400.0,0.0,3000.0,Cash on Delivery
ORD-10715,2024-04-21,CUST-1116,Kavita Das 116,Office Supplies,Art,Highlighter & Marker Set,North,Lucknow,2,560.0,0.2,260.0,UPI
ORD-10716,2025-07-25,CUST-1100,Rohan Mehta 100,Apparel,Corporate Wear,Cotton Formal Shirt,North,Lucknow,1,1200.0,0.2,450.0,Debit Card
ORD-10717,2024-10-19,CUST-1109,Shweta Mishra 109,Furniture,Tables,Wooden Conference Table,Central,Bhopal,2,50000.0,0.0,8000.0,Net Banking
ORD-10718,2025-10-23,CUST-1185,Aditya Bose 185,Apparel,Corporate Wear,Cotton Formal Shirt,North,Lucknow,3,2700.0,0.4,450.0,Credit Card
ORD-10719,2025-02-06,CUST-1106,Shweta Mishra 106,Furniture,Bookcases,5-Tier Wooden Bookshelf,East,Kolkata,1,3250.0,0.5,-1950.0,Credit Card
ORD-10720,2025-04-10,CUST-1024,Aditya Bose,Furniture,Tables,Adjustable Standing Desk,West,Pune,3,54000.0,0.0,12000.0,UPI
ORD-10721,2024-04-26,CUST-1181,Aditya Bose 181,Office Supplies,Art,Highlighter & Marker Set,West,Mumbai,2,560.0,0.2,260.0,Cash on Delivery
ORD-10722,2025-09-18,CUST-1244,Tarun Choudhury 244,Technology,Monitors,27-inch 4K Monitor,East,Guwahati,1,22000.0,0.0,5000.0,Debit Card
ORD-10723,2025-08-02,CUST-1224,Meera Sen 224,Technology,Phones,Bluetooth Wireless Earbuds,South,Chennai,1,2500.0,0.0,1300.0,Net Banking
ORD-10724,2024-11-10,CUST-1161,Manish Malhotra 161,Technology,Monitors,27-inch 4K Monitor,North,Lucknow,5,110000.0,0.0,25000.0,Cash on Delivery
ORD-10725,2024-09-16,CUST-1004,Ravi Pillai,Office Supplies,Art,Highlighter & Marker Set,East,Guwahati,2,700.0,0.0,400.0,Cash on Delivery
ORD-10726,2025-05-20,CUST-1061,Priya Patel 61,Furniture,Chairs,Ergonomic Office Chair,Central,Nagpur,2,13600.0,0.2,1600.0,Net Banking
ORD-10727,2024-03-22,CUST-1154,Neha Gupta 154,Technology,Accessories,Wireless Mouse,South,Hyderabad,2,960.0,0.4,160.0,Credit Card
ORD-10728,2024-02-20,CUST-1048,Rohan Mehta 48,Technology,Phones,Bluetooth Wireless Earbuds,North,Jaipur,1,2500.0,0.0,1300.0,Cash on Delivery
ORD-10729,2025-09-09,CUST-1077,Swati Kulkarni 77,Furniture,Bookcases,5-Tier Wooden Bookshelf,North,Delhi,1,6500.0,0.0,1300.0,Credit Card
ORD-10730,2025-12-23,CUST-1180,Manish Malhotra 180,Apparel,Footwear,Leather Oxford Shoes,Central,Bhopal,5,8000.0,0.5,-500.0,Debit Card
ORD-10731,2024-02-06,CUST-1024,Aditya Bose,Furniture,Tables,Wooden Conference Table,West,Ahmedabad,4,100000.0,0.0,16000.0,Net Banking
ORD-10732,2025-07-17,CUST-1017,Manish Malhotra,Furniture,Tables,Wooden Conference Table,East,Bhubaneswar,1,22500.0,0.1,1500.0,Debit Card
ORD-10733,2025-06-23,CUST-1106,Shweta Mishra 106,Apparel,Corporate Wear,Cotton Formal Shirt,South,Chennai,2,3000.0,0.0,1500.0,Cash on Delivery
ORD-10734,2025-10-06,CUST-1023,Meera Sen,Office Supplies,Binders,Heavy-Duty Ring Binder,Central,Nagpur,1,140.0,0.5,20.0,Debit Card
ORD-10735,2024-09-22,CUST-1135,Karan Joshi 135,Apparel,Footwear,Leather Oxford Shoes,Central,Indore,4,6400.0,0.5,-400.0,Cash on Delivery
ORD-10736,2025-05-23,CUST-1134,Kavita Das 134,Office Supplies,Binders,Heavy-Duty Ring Binder,East,Bhubaneswar,4,1064.0,0.05,584.0,Debit Card
ORD-10737,2024-07-17,CUST-1001,Shweta Mishra,Technology,Phones,Smartphone Pro Max,North,Chandigarh,2,90000.0,0.0,18000.0,Credit Card
ORD-10738,2025-09-22,CUST-1107,Amit Kumar 107,Office Supplies,Storage,Heavy Duty Arch File Box,North,Jaipur,1,617.5,0.05,267.5,UPI
ORD-10739,2025-11-09,CUST-1203,Ananya Roy 203,Technology,Accessories,USB-C Multi-Port Hub,West,Ahmedabad,2,3060.0,0.15,1260.0,UPI
ORD-10740,2024-04-26,CUST-1176,Shweta Mishra 176,Furniture,Bookcases,5-Tier Wooden Bookshelf,West,Surat,3,9750.0,0.5,-5850.0,UPI
ORD-10741,2024-06-28,CUST-1050,Suresh Nair 50,Furniture,Bookcases,5-Tier Wooden Bookshelf,West,Surat,4,26000.0,0.0,5200.0,Credit Card
ORD-10742,2025-05-08,CUST-1040,Aarti Kapoor 40,Office Supplies,Art,Highlighter & Marker Set,Central,Indore,2,560.0,0.2,260.0,UPI
ORD-10743,2025-06-17,CUST-1077,Swati Kulkarni 77,Apparel,Footwear,Leather Oxford Shoes,West,Mumbai,1,2720.0,0.15,1020.0,Debit Card
ORD-10744,2024-03-08,CUST-1249,Priya Patel 249,Technology,Phones,Bluetooth Wireless Earbuds,West,Mumbai,1,2000.0,0.2,800.0,Cash on Delivery
ORD-10745,2024-06-18,CUST-1147,Tarun Choudhury 147,Office Supplies,Paper,Premium Hardbound Notebook,South,Bangalore,4,1620.0,0.1,900.0,Debit Card
ORD-10746,2025-11-03,CUST-1128,Priya Patel 128,Furniture,Chairs,Mesh Executive Chair,West,Surat,3,32400.0,0.1,3900.0,Credit Card
ORD-10747,2025-06-21,CUST-1078,Rohan Mehta 78,Technology,Monitors,27-inch 4K Monitor,North,Jaipur,3,62700.0,0.05,11700.0,UPI
ORD-10748,2025-03-30,CUST-1130,Preeti Pandey 130,Technology,Accessories,Wireless Mouse,East,Bhubaneswar,1,560.0,0.3,160.0,Cash on Delivery
ORD-10749,2024-11-13,CUST-1037,Gaurav Tiwari 37,Technology,Phones,Smartphone Pro Max,Central,Nagpur,10,427500.0,0.05,67500.0,UPI
ORD-10750,2025-04-15,CUST-1100,,Apparel,Corporate Wear,Cotton Formal Shirt,North,Delhi,1,1500.0,0.0,750.0,Cash on Delivery
ORD-10751,2024-03-30,CUST-1086,Amit Kumar 86,Office Supplies,Art,Highlighter & Marker Set,North,Delhi,2,630.0,0.1,330.0,UPI
ORD-10752,2025-08-14,CUST-1195,Abhishek Saxena 195,Furniture,Tables,Wooden Conference Table,South,Hyderabad,1,22500.0,0.1,1500.0,Debit Card
ORD-10753,2025-06-29,CUST-1082,Abhishek Saxena 82,Office Supplies,Art,Highlighter & Marker Set,North,Jaipur,1,315.0,0.1,165.0,UPI
ORD-10754,2024-01-16,CUST-1246,Gaurav Tiwari 246,Apparel,Corporate Wear,Tailored Blazer,Central,Bhopal,1,4080.0,0.15,1480.0,Cash on Delivery
ORD-10755,2024-12-26,CUST-1073,Aditya Bose 73,Apparel,Footwear,Leather Oxford Shoes,South,Chennai,1,1600.0,0.5,-100.0,Debit Card
ORD-10756,2025-07-07,CUST-1114,Sneha Reddy 114,Technology,Accessories,Mechanical Keyboard,South,Bangalore,2,7000.0,0.0,3000.0,UPI
ORD-10757,2025-01-27,CUST-1014,Siddharth Jain,Technology,Accessories,USB-C Multi-Port Hub,East,Guwahati,1,900.0,0.5,0.0,Cash on Delivery
ORD-10758,2025-10-06,CUST-1180,Manish Malhotra 180,Office Supplies,Art,Highlighter & Marker Set,Central,Indore,1,332.5,0.05,182.5,Cash on Delivery
ORD-10759,2024-03-21,CUST-1250,Neha Gupta 250,Office Supplies,Art,Highlighter & Marker Set,Central,Bhopal,1,245.0,0.3,95.0,UPI
ORD-10760,2025-04-11,CUST-1080,Amit Kumar 80,Office Supplies,Art,Highlighter & Marker Set,East,Bhubaneswar,5,1750.0,0.0,1000.0,Cash on Delivery
ORD-10761,2024-09-21,CUST-1234,Meera Sen 234,Office Supplies,Paper,A4 Multipurpose Copy Paper (Pack of 5),East,Bhubaneswar,2,2040.0,0.15,640.0,Debit Card
ORD-10762,2025-04-09,CUST-1125,Preeti Pandey 125,Technology,Accessories,Wireless Mouse,North,Chandigarh,1,560.0,0.3,160.0,Net Banking
ORD-10763,2024-06-23,CUST-1073,Aditya Bose 73,Office Supplies,Paper,A4 Multipurpose Copy Paper (Pack of 5),Central,Nagpur,1,1200.0,0.0,500.0,Net Banking
ORD-10764,2024-04-19,CUST-1084,Aarti Kapoor 84,Apparel,Corporate Wear,Tailored Blazer,North,Jaipur,2,7680.0,0.2,2480.0,Cash on Delivery
ORD-10765,2025-02-27,CUST-1062,Ravi Pillai 62,Furniture,Chairs,Mesh Executive Chair,Central,Bhopal,8,76800.0,0.2,800.0,UPI
ORD-10766,2024-12-19,CUST-1111,Siddharth Jain 111,Office Supplies,Storage,Heavy Duty Arch File Box,Central,Indore,2,1235.0,0.05,535.0,Credit Card
ORD-10767,2025-11-09,CUST-1190,Alok Deshmukh 190,Apparel,Footwear,Leather Oxford Shoes,East,Kolkata,2,4480.0,0.3,1080.0,Debit Card
ORD-10768,2025-07-22,CUST-1025,Rahul Sharma,Office Supplies,Art,Highlighter & Marker Set,South,Hyderabad,5,1750.0,0.0,1000.0,Cash on Delivery
ORD-10769,2024-04-21,CUST-1176,Shweta Mishra 176,Office Supplies,Paper,Premium Hardbound Notebook,West,Surat,2,900.0,0.0,540.0,UPI
ORD-10770,2024-08-10,CUST-1210,Tarun Choudhury 210,Technology,Phones,Bluetooth Wireless Earbuds,Central,Nagpur,3,7500.0,0.0,3900.0,Credit Card
ORD-10771,2025-04-08,CUST-1137,Rohan Mehta 137,Furniture,Tables,Wooden Conference Table,East,Guwahati,1,21250.0,0.15,250.0,Debit Card
ORD-10772,2025-08-06,CUST-1204,Pooja Verma 204,Furniture,Tables,Wooden Conference Table,East,Patna,10,125000.0,0.5,-85000.0,UPI
ORD-10773,2025-09-18,CUST-1131,Priya Patel 131,Office Supplies,Paper,Premium Hardbound Notebook,South,Hyderabad,1,270.0,0.4,90.0,UPI
ORD-10774,2024-01-01,CUST-1181,Aditya Bose 181,Apparel,Corporate Wear,Tailored Blazer,West,Mumbai,4,19200.0,0.0,8800.0,Credit Card
ORD-10775,2025-03-18,CUST-1180,Manish Malhotra 180,Apparel,Footwear,Leather Oxford Shoes,East,Patna,3,7680.0,0.2,2580.0,Net Banking
ORD-10776,2025-03-21,CUST-1140,Tarun Choudhury 140,Furniture,Chairs,Ergonomic Office Chair,South,Kochi,1,5100.0,0.4,-900.0,Net Banking
ORD-10777,2025-01-03,CUST-1216,Meera Sen 216,Office Supplies,Storage,Heavy Duty Arch File Box,South,Hyderabad,10,6500.0,0.0,3000.0,Credit Card
ORD-10778,2024-01-12,CUST-1019,Rahul Sharma,Technology,Accessories,Wireless Mouse,South,Kochi,2,1600.0,0.0,800.0,UPI
ORD-10779,2024-05-20,CUST-1165,Deepak Rao 165,Office Supplies,Storage,Heavy Duty Arch File Box,East,Guwahati,2,910.0,0.3,210.0,Cash on Delivery
ORD-10780,2025-03-10,CUST-1142,Suresh Nair 142,Office Supplies,Art,Highlighter & Marker Set,East,Patna,1,280.0,0.2,130.0,Cash on Delivery
ORD-10781,2024-01-08,CUST-1148,Bhavna Shah 148,Office Supplies,Binders,Heavy-Duty Ring Binder,South,Hyderabad,1,168.0,0.4,48.0,Cash on Delivery
ORD-10782,2025-01-10,CUST-1009,Ravi Pillai,Technology,Accessories,Mechanical Keyboard,Central,Indore,3,10500.0,0.0,4500.0,Cash on Delivery
ORD-10783,2025-05-08,CUST-1247,Pooja Verma 247,Technology,Accessories,USB-C Multi-Port Hub,South,Hyderabad,2,3600.0,0.0,1800.0,Cash on Delivery
ORD-10784,2025-09-16,CUST-1023,Meera Sen,Furniture,Chairs,Mesh Executive Chair,East,Kolkata,2,14400.0,0.4,-4600.0,Cash on Delivery
ORD-10785,2024-11-15,CUST-1232,Aarti Kapoor 232,Furniture,Bookcases,5-Tier Wooden Bookshelf,Central,Bhopal,2,7800.0,0.4,-2600.0,Net Banking
ORD-10786,2025-08-10,CUST-1188,Karan Joshi 188,Furniture,Bookcases,5-Tier Wooden Bookshelf,East,Patna,5,29250.0,0.1,3250.0,Debit Card
ORD-10787,2024-06-20,CUST-1010,Ananya Roy,Furniture,Tables,Wooden Conference Table,Central,Indore,1,17500.0,0.3,-3500.0,Cash on Delivery
ORD-10788,2024-06-22,CUST-1147,Tarun Choudhury 147,Technology,Accessories,Mechanical Keyboard,West,Mumbai,1,3500.0,0.0,1500.0,Credit Card
ORD-10789,2025-06-01,CUST-1020,Amit Kumar,Furniture,Tables,Adjustable Standing Desk,West,Pune,2,32400.0,0.1,4400.0,Debit Card
ORD-10790,2024-01-15,CUST-1190,Alok Deshmukh 190,Technology,Phones,Smartphone Pro Max,Central,Bhopal,4,180000.0,0.0,36000.0,Net Banking
ORD-10791,2025-01-13,CUST-1207,Divya Agarwal 207,Technology,Monitors,27-inch 4K Monitor,West,Pune,2,26400.0,0.4,-7600.0,UPI
ORD-10792,2024-12-17,CUST-1248,Neha Gupta 248,Technology,Phones,Bluetooth Wireless Earbuds,Central,Bhopal,3,6000.0,0.2,2400.0,Net Banking
ORD-10793,2024-08-31,CUST-1170,Amit Kumar 170,Office Supplies,Art,Highlighter & Marker Set,South,Chennai,2,595.0,0.15,295.0,UPI
ORD-10794,2025-10-02,CUST-1043,Nisha Bhat 43,Office Supplies,Art,Highlighter & Marker Set,East,Guwahati,1,210.0,0.4,60.0,Credit Card
ORD-10795,2025-01-23,CUST-1175,Vikas Singh 175,Office Supplies,Paper,Premium Hardbound Notebook,East,Patna,1,360.0,0.2,180.0,UPI
ORD-10796,2024-10-22,CUST-1115,Divya Agarwal 115,Office Supplies,Paper,Premium Hardbound Notebook,West,Mumbai,1,270.0,0.4,90.0,Debit Card
ORD-10797,2025-03-18,CUST-1157,Siddharth Jain 157,Furniture,Tables,Adjustable Standing Desk,West,Ahmedabad,1,18000.0,0.0,4000.0,Debit Card
ORD-10798,2025-11-01,CUST-1119,Shweta Mishra 119,Furniture,Chairs,Mesh Executive Chair,Central,Bhopal,2,24000.0,0.0,5000.0,Debit Card
ORD-10799,2025-07-14,CUST-1003,Rahul Sharma,Technology,Accessories,Wireless Mouse,North,Delhi,1,480.0,0.4,80.0,UPI
ORD-10800,2025-12-02,CUST-1057,Deepak Rao 57,Furniture,Tables,Wooden Conference Table,West,Pune,1,12500.0,0.5,-8500.0,UPI
ORD-10801,2024-02-28,CUST-1241,Ananya Roy 241,Furniture,Chairs,Ergonomic Office Chair,Central,Nagpur,1,8500.0,0.0,2500.0,UPI
ORD-10802,2025-09-11,CUST-1034,Divya Agarwal 34,Office Supplies,Paper,Premium Hardbound Notebook,Central,Bhopal,4,1800.0,0.0,1080.0,Debit Card
ORD-10803,2024-10-28,CUST-1240,Rahul Sharma 240,Technology,Accessories,USB-C Multi-Port Hub,East,Patna,3,4590.0,0.15,1890.0,Debit Card
ORD-10804,2024-06-14,CUST-1200,Aarti Kapoor 200,Technology,Accessories,USB-C Multi-Port Hub,West,Mumbai,1,1530.0,0.15,630.0,UPI
ORD-10805,2024-09-21,CUST-1245,Preeti Pandey 245,Furniture,Tables,Adjustable Standing Desk,South,Kochi,1,17100.0,0.05,3100.0,Cash on Delivery
ORD-10806,2025-02-06,CUST-1046,Karan Joshi 46,Office Supplies,Binders,Heavy-Duty Ring Binder,North,Lucknow,2,448.0,0.2,208.0,Credit Card
ORD-10807,2025-09-20,CUST-1165,Deepak Rao 165,Technology,Phones,Smartphone Pro Max,East,Patna,1,45000.0,0.0,9000.0,UPI
ORD-10808,2025-08-08,CUST-1187,Meera Sen 187,Furniture,Tables,Adjustable Standing Desk,East,Kolkata,4,72000.0,0.0,16000.0,UPI
ORD-10809,2024-02-08,CUST-1171,Aarti Kapoor 171,Office Supplies,Paper,Premium Hardbound Notebook,West,Pune,3,1080.0,0.2,540.0,Cash on Delivery
ORD-10810,2024-01-04,CUST-1132,Gaurav Tiwari 132,Office Supplies,Binders,Heavy-Duty Ring Binder,East,Guwahati,1,280.0,0.0,160.0,Cash on Delivery
ORD-10811,2024-08-19,CUST-1001,Shweta Mishra,Office Supplies,Paper,Premium Hardbound Notebook,East,Kolkata,2,765.0,0.15,405.0,Debit Card
ORD-10812,2025-10-21,CUST-1246,Gaurav Tiwari 246,Technology,Accessories,USB-C Multi-Port Hub,West,Ahmedabad,1,1260.0,0.3,360.0,Debit Card
ORD-10813,2025-12-02,CUST-1248,Neha Gupta 248,Office Supplies,Paper,Premium Hardbound Notebook,South,Hyderabad,2,900.0,0.0,540.0,Debit Card
ORD-10814,2025-05-13,CUST-1022,Neha Gupta,Office Supplies,Art,Highlighter & Marker Set,South,Chennai,1,350.0,0.0,200.0,Cash on Delivery
ORD-10815,2024-09-01,CUST-1126,Aarti Kapoor 126,Office Supplies,Paper,Premium Hardbound Notebook,North,Noida,2,630.0,0.3,270.0,Cash on Delivery
ORD-10816,2025-04-05,CUST-1248,Neha Gupta 248,Technology,Accessories,Wireless Mouse,North,Jaipur,1,800.0,0.0,400.0,Net Banking
ORD-10817,2024-05-01,CUST-1055,Deepak Rao 55,Apparel,Corporate Wear,Cotton Formal Shirt,East,Bhubaneswar,3,4275.0,0.05,2025.0,UPI
ORD-10818,2024-02-07,CUST-1189,Siddharth Jain 189,Technology,Phones,Bluetooth Wireless Earbuds,East,Kolkata,2,2500.0,0.5,100.0,UPI
ORD-10819,2024-09-05,CUST-1180,Manish Malhotra 180,Technology,Phones,Bluetooth Wireless Earbuds,North,Lucknow,2,4500.0,0.1,2100.0,UPI
ORD-10820,2025-04-12,CUST-1157,Siddharth Jain 157,Technology,Monitors,27-inch 4K Monitor,Central,Bhopal,3,66000.0,0.0,15000.0,UPI
ORD-10821,2025-05-24,CUST-1153,Vikas Singh 153,Furniture,Chairs,Mesh Executive Chair,North,Lucknow,1,9600.0,0.2,100.0,Debit Card
ORD-10822,2024-05-03,CUST-1250,Neha Gupta 250,Apparel,Footwear,Leather Oxford Shoes,Central,Bhopal,1,3040.0,0.05,1340.0,UPI
ORD-10823,2025-08-30,CUST-1045,Suresh Nair 45,Furniture,Bookcases,5-Tier Wooden Bookshelf,North,Delhi,1,5200.0,0.2,0.0,Credit Card
ORD-10824,2025-12-14,CUST-1043,Nisha Bhat 43,Office Supplies,Art,Highlighter & Marker Set,South,Bangalore,1,175.0,0.5,25.0,Net Banking
ORD-10825,2024-06-10,CUST-1005,Karan Joshi,Office Supplies,Binders,Heavy-Duty Ring Binder,North,Delhi,1,280.0,0.0,160.0,Cash on Delivery
ORD-10826,2024-10-17,CUST-1207,Divya Agarwal 207,Office Supplies,Binders,Heavy-Duty Ring Binder,South,Chennai,1,252.0,0.1,132.0,Cash on Delivery
ORD-10827,2025-04-06,CUST-1106,Shweta Mishra 106,Furniture,Chairs,Mesh Executive Chair,South,Bangalore,2,16800.0,0.3,-2200.0,Cash on Delivery
ORD-10828,2024-03-31,CUST-1161,Manish Malhotra 161,Furniture,Tables,Wooden Conference Table,West,Surat,1,23750.0,0.05,2750.0,Credit Card
ORD-10829,2024-04-30,CUST-1136,Amit Kumar 136,Technology,Phones,Smartphone Pro Max,Central,Indore,4,108000.0,0.4,-36000.0,Cash on Delivery
ORD-10830,2024-08-12,CUST-1119,Shweta Mishra 119,Furniture,Chairs,Ergonomic Office Chair,West,Mumbai,1,8500.0,0.0,2500.0,Net Banking
ORD-10831,2025-05-24,CUST-1046,Karan Joshi 46,Technology,Monitors,27-inch 4K Monitor,North,Delhi,2,39600.0,0.1,5600.0,Credit Card
ORD-10832,2025-03-21,CUST-1065,Ananya Roy 65,Furniture,Bookcases,5-Tier Wooden Bookshelf,Central,Indore,1,6500.0,0.0,1300.0,Cash on Delivery
ORD-10833,2024-06-29,CUST-1041,Gaurav Tiwari 41,Technology,Accessories,Wireless Mouse,East,Kolkata,1,760.0,0.05,360.0,Net Banking
ORD-10834,2025-08-29,CUST-1149,Shweta Mishra 149,Furniture,Bookcases,5-Tier Wooden Bookshelf,East,Bhubaneswar,3,16575.0,0.15,975.0,Credit Card
ORD-10835,2024-04-22,CUST-1084,Aarti Kapoor 84,Furniture,Chairs,Mesh Executive Chair,North,Lucknow,3,34200.0,0.05,5700.0,Net Banking
ORD-10836,2024-08-13,CUST-1019,Rahul Sharma,Office Supplies,Binders,Heavy-Duty Ring Binder,Central,Indore,1,224.0,0.2,104.0,Credit Card
ORD-10837,2024-08-09,CUST-1238,Suresh Nair 238,Office Supplies,Art,Highlighter & Marker Set,South,Kochi,1,245.0,0.3,95.0,Credit Card
ORD-10838,2025-10-09,CUST-1070,Pooja Verma 70,Furniture,Chairs,Ergonomic Office Chair,West,Pune,1,4250.0,0.5,-1750.0,UPI
ORD-10839,2024-11-15,CUST-1108,Aditya Bose 108,Technology,Monitors,27-inch 4K Monitor,West,Pune,4,44000.0,0.5,-24000.0,Credit Card
ORD-10840,2025-10-15,CUST-1232,Aarti Kapoor 232,Technology,Monitors,27-inch 4K Monitor,Central,Nagpur,4,88000.0,0.0,20000.0,Net Banking
ORD-10841,2025-06-18,CUST-1126,Aarti Kapoor 126,Furniture,Chairs,Ergonomic Office Chair,Central,Indore,3,22950.0,0.1,4950.0,UPI
ORD-10842,2025-03-14,CUST-1189,Siddharth Jain 189,Furniture,Chairs,Mesh Executive Chair,South,Hyderabad,1,11400.0,0.05,1900.0,Cash on Delivery
ORD-10843,2024-06-01,CUST-1234,Meera Sen 234,Apparel,Footwear,Leather Oxford Shoes,North,Chandigarh,8,25600.0,0.0,12000.0,Net Banking
ORD-10844,2025-05-31,CUST-1009,Ravi Pillai,Office Supplies,Storage,Heavy Duty Arch File Box,Central,Indore,2,1300.0,0.0,600.0,Net Banking
ORD-10845,2025-05-22,CUST-1062,Ravi Pillai 62,Technology,Accessories,USB-C Multi-Port Hub,Central,Bhopal,2,2880.0,0.2,1080.0,Credit Card
ORD-10846,2024-05-15,CUST-1092,Karan Joshi 92,Furniture,Tables,Wooden Conference Table,South,Bangalore,1,22500.0,0.1,1500.0,Credit Card
ORD-10847,2025-12-21,CUST-1147,Tarun Choudhury 147,Apparel,Footwear,Leather Oxford Shoes,North,Chandigarh,2,6400.0,0.0,3000.0,Net Banking
ORD-10848,2024-07-08,CUST-1203,Ananya Roy 203,Office Supplies,Paper,A4 Multipurpose Copy Paper (Pack of 5),East,Kolkata,4,4800.0,0.0,2000.0,Net Banking
ORD-10849,2025-10-10,CUST-1110,Sneha Reddy 110,Furniture,Tables,Adjustable Standing Desk,Central,Nagpur,2,34200.0,0.05,6200.0,UPI
ORD-10850,2025-09-27,CUST-1226,Rohan Mehta 226,Furniture,Bookcases,5-Tier Wooden Bookshelf,North,Noida,5,27625.0,0.15,1625.0,UPI
ORD-10851,2024-04-23,CUST-1099,Deepak Rao 99,Office Supplies,Paper,A4 Multipurpose Copy Paper (Pack of 5),East,Kolkata,1,1200.0,0.0,500.0,Cash on Delivery
ORD-10852,2025-12-25,CUST-1053,Kavita Das 53,Technology,Phones,Bluetooth Wireless Earbuds,West,Pune,2,3500.0,0.3,1100.0,Cash on Delivery
ORD-10853,2025-12-25,CUST-1058,Aditya Bose 58,Furniture,Bookcases,5-Tier Wooden Bookshelf,West,Ahmedabad,2,10400.0,0.2,0.0,Debit Card
ORD-10854,2024-02-25,CUST-1017,Manish Malhotra,Office Supplies,Paper,A4 Multipurpose Copy Paper (Pack of 5),West,Surat,2,1440.0,0.4,40.0,UPI
ORD-10855,2025-04-26,CUST-1182,Amit Kumar 182,Apparel,Corporate Wear,Tailored Blazer,Central,Indore,2,8160.0,0.15,2960.0,UPI
ORD-10856,2024-07-11,CUST-1229,Aarti Kapoor 229,Office Supplies,Art,Highlighter & Marker Set,North,Delhi,1,350.0,0.0,200.0,Debit Card
ORD-10857,2024-03-19,CUST-1028,Nisha Bhat,Technology,Monitors,27-inch 4K Monitor,West,Mumbai,2,30800.0,0.3,-3200.0,Credit Card
ORD-10858,2024-07-28,CUST-1134,Kavita Das 134,Technology,Accessories,Wireless Mouse,West,Surat,5,2400.0,0.4,400.0,Credit Card
ORD-10859,2025-04-30,CUST-1089,Alok Deshmukh 89,Office Supplies,Storage,Heavy Duty Arch File Box,East,Kolkata,1,650.0,0.0,300.0,UPI
ORD-10860,2024-08-25,CUST-1214,Aarti Kapoor 214,Apparel,Corporate Wear,Cotton Formal Shirt,West,Surat,2,2550.0,0.15,1050.0,Net Banking
ORD-10861,2025-08-30,CUST-1171,Aarti Kapoor 171,Apparel,Corporate Wear,Cotton Formal Shirt,Central,Indore,2,1500.0,0.5,0.0,Credit Card
ORD-10862,2024-11-08,CUST-1124,Suresh Nair 124,Office Supplies,Paper,A4 Multipurpose Copy Paper (Pack of 5),West,Mumbai,1,1080.0,0.1,380.0,Net Banking
ORD-10863,2024-06-19,CUST-1159,Ravi Pillai 159,Technology,Monitors,27-inch 4K Monitor,Central,Indore,1,22000.0,0.0,5000.0,Credit Card
ORD-10864,2024-06-14,CUST-1061,Priya Patel 61,Technology,Phones,Smartphone Pro Max,North,Jaipur,2,63000.0,0.3,-9000.0,Debit Card
ORD-10865,2025-01-13,CUST-1048,Rohan Mehta 48,Furniture,Chairs,Ergonomic Office Chair,Central,Nagpur,1,7225.0,0.15,1225.0,Debit Card
ORD-10866,2024-05-31,CUST-1096,Deepak Rao 96,Office Supplies,Art,Highlighter & Marker Set,Central,Bhopal,2,700.0,0.0,400.0,UPI
ORD-10867,2025-02-18,CUST-1239,Rajesh Iyer 239,Office Supplies,Binders,Heavy-Duty Ring Binder,South,Kochi,4,1120.0,0.0,640.0,UPI
ORD-10868,2025-07-13,CUST-1250,Neha Gupta 250,Apparel,Corporate Wear,Cotton Formal Shirt,West,Ahmedabad,2,2700.0,0.1,1200.0,Cash on Delivery
ORD-10869,2025-12-24,CUST-1233,Bhavna Shah 233,Office Supplies,Art,Highlighter & Marker Set,West,Mumbai,3,1050.0,0.0,600.0,Credit Card
ORD-10870,2025-11-25,CUST-1079,Nisha Bhat 79,Technology,Accessories,Wireless Mouse,East,Bhubaneswar,1,800.0,0.0,400.0,Debit Card
ORD-10871,2024-02-26,CUST-1156,Siddharth Jain 156,Furniture,Chairs,Ergonomic Office Chair,Central,Nagpur,1,7650.0,0.1,1650.0,Credit Card
ORD-10872,2024-01-24,CUST-1022,Neha Gupta,Apparel,Corporate Wear,Tailored Blazer,East,Kolkata,8,30720.0,0.2,9920.0,Credit Card
ORD-10873,2025-05-17,CUST-1082,Abhishek Saxena 82,Apparel,Corporate Wear,Cotton Formal Shirt,North,Jaipur,1,1200.0,0.2,450.0,Debit Card
ORD-10874,2025-01-30,CUST-1096,Deepak Rao 96,Technology,Accessories,Wireless Mouse,West,Ahmedabad,1,560.0,0.3,160.0,Cash on Delivery
ORD-10875,2024-03-30,CUST-1056,Alok Deshmukh 56,Office Supplies,Art,Highlighter & Marker Set,East,Guwahati,1,280.0,0.2,130.0,Net Banking
ORD-10876,2024-05-22,CUST-1214,Aarti Kapoor 214,Apparel,Footwear,Leather Oxford Shoes,Central,Bhopal,1,2880.0,0.1,1180.0,Net Banking
ORD-10877,2025-06-21,CUST-1086,Amit Kumar 86,Technology,Accessories,USB-C Multi-Port Hub,Central,Indore,1,1440.0,0.2,540.0,Debit Card
ORD-10878,2025-02-28,CUST-1045,Suresh Nair 45,Apparel,Corporate Wear,Tailored Blazer,East,Bhubaneswar,1,3840.0,0.2,1240.0,Debit Card
ORD-10879,2025-07-21,CUST-1126,Aarti Kapoor 126,Technology,Accessories,Mechanical Keyboard,West,Ahmedabad,2,4900.0,0.3,900.0,Credit Card
ORD-10880,2024-01-28,CUST-1203,Ananya Roy 203,Technology,Accessories,Wireless Mouse,South,Hyderabad,1,560.0,0.3,160.0,UPI
ORD-10881,2025-10-31,CUST-1074,Tarun Choudhury 74,Office Supplies,Storage,Heavy Duty Arch File Box,South,Kochi,4,2470.0,0.05,1070.0,UPI
ORD-10882,2024-05-02,CUST-1196,Tarun Choudhury 196,Furniture,Tables,Adjustable Standing Desk,East,Kolkata,2,30600.0,0.15,2600.0,Cash on Delivery
ORD-10883,2025-05-07,CUST-1145,Rajesh Iyer 145,Office Supplies,Storage,Heavy Duty Arch File Box,West,Surat,8,5200.0,0.0,2400.0,Debit Card
ORD-10884,2025-06-08,CUST-1188,Karan Joshi 188,Apparel,Footwear,Leather Oxford Shoes,North,Jaipur,1,3200.0,0.0,1500.0,Credit Card
ORD-10885,2024-11-23,CUST-1178,Gaurav Tiwari 178,Technology,Phones,Bluetooth Wireless Earbuds,West,Pune,1,2125.0,0.15,925.0,Net Banking
ORD-10886,2025-10-13,CUST-1092,Karan Joshi 92,Technology,Accessories,Mechanical Keyboard,West,Ahmedabad,2,7000.0,0.0,3000.0,Cash on Delivery
ORD-10887,2024-07-17,CUST-1197,Siddharth Jain 197,Technology,Monitors,27-inch 4K Monitor,North,Noida,3,39600.0,0.4,-11400.0,Debit Card
ORD-10888,2024-11-19,CUST-1176,Shweta Mishra 176,Furniture,Tables,Wooden Conference Table,West,Ahmedabad,1,12500.0,0.5,-8500.0,Debit Card
ORD-10889,2024-05-27,CUST-1004,Ravi Pillai,Technology,Phones,Bluetooth Wireless Earbuds,Central,Indore,1,1750.0,0.3,550.0,Net Banking
ORD-10890,2024-12-14,CUST-1042,Sneha Reddy 42,Technology,Phones,Smartphone Pro Max,South,Chennai,2,85500.0,0.05,13500.0,Cash on Delivery
ORD-10891,2025-09-20,CUST-1177,Sneha Reddy 177,Apparel,Corporate Wear,Cotton Formal Shirt,Central,Nagpur,2,3000.0,0.0,1500.0,Net Banking
ORD-10892,2025-04-16,CUST-1235,Bhavna Shah 235,Technology,Accessories,USB-C Multi-Port Hub,North,Lucknow,4,5040.0,0.3,1440.0,Debit Card
ORD-10893,2024-11-15,CUST-1036,Karan Joshi 36,Office Supplies,Art,Highlighter & Marker Set,Central,Nagpur,3,892.5,0.15,442.5,Credit Card
ORD-10894,2025-12-27,CUST-1031,Siddharth Jain 31,Furniture,Chairs,Mesh Executive Chair,South,Chennai,2,21600.0,0.1,2600.0,Credit Card
ORD-10895,2024-08-02,CUST-1034,Divya Agarwal 34,Technology,Accessories,USB-C Multi-Port Hub,East,Kolkata,1,1260.0,0.3,360.0,Net Banking
ORD-10896,2024-02-13,CUST-1051,Ananya Roy 51,Technology,Phones,Smartphone Pro Max,North,Noida,2,63000.0,0.3,-9000.0,UPI
ORD-10897,2024-09-16,CUST-1012,Ravi Pillai,Technology,Accessories,USB-C Multi-Port Hub,West,Mumbai,3,5400.0,0.0,2700.0,Cash on Delivery
ORD-10898,2024-07-29,CUST-1151,Vikas Singh 151,Furniture,Chairs,Ergonomic Office Chair,South,Hyderabad,1,8500.0,0.0,2500.0,Debit Card
ORD-10899,2025-08-16,CUST-1090,Ananya Roy 90,Office Supplies,Paper,A4 Multipurpose Copy Paper (Pack of 5),South,Chennai,2,2400.0,0.0,1000.0,UPI
ORD-10900,2025-08-15,CUST-1196,Tarun Choudhury 196,Technology,Accessories,Wireless Mouse,Central,Bhopal,3,2160.0,0.1,960.0,Credit Card
ORD-10901,2025-07-04,CUST-1002,Ananya Roy,Technology,Phones,Smartphone Pro Max,South,Kochi,1,22500.0,0.5,-13500.0,Credit Card
ORD-10902,2025-03-26,CUST-1173,Alok Deshmukh 173,Technology,Phones,Smartphone Pro Max,South,Hyderabad,8,288000.0,0.2,0.0,Credit Card
ORD-10903,2025-06-10,CUST-1059,Karan Joshi 59,Office Supplies,Storage,Heavy Duty Arch File Box,North,Jaipur,1,650.0,0.0,300.0,Cash on Delivery
ORD-10904,2024-05-19,CUST-1127,Aarti Kapoor 127,Office Supplies,Paper,A4 Multipurpose Copy Paper (Pack of 5),West,Mumbai,1,840.0,0.3,140.0,UPI
ORD-10905,2025-01-29,CUST-1073,Aditya Bose 73,Office Supplies,Art,Highlighter & Marker Set,Central,Nagpur,1,245.0,0.3,95.0,Credit Card
ORD-10906,2025-07-21,CUST-1105,Abhishek Saxena 105,Furniture,Tables,Wooden Conference Table,East,Bhubaneswar,4,70000.0,0.3,-14000.0,Debit Card
ORD-10907,2024-07-02,CUST-1004,Ravi Pillai,Office Supplies,Binders,Heavy-Duty Ring Binder,North,Chandigarh,1,280.0,0.0,160.0,UPI
ORD-10908,2024-05-26,CUST-1102,Karan Joshi 102,Office Supplies,Paper,Premium Hardbound Notebook,Central,Bhopal,3,1350.0,0.0,810.0,UPI
ORD-10909,2025-01-07,CUST-1250,Neha Gupta 250,Furniture,Chairs,Ergonomic Office Chair,West,Pune,2,13600.0,0.2,1600.0,UPI
ORD-10910,2024-08-26,CUST-1215,Sneha Reddy 215,Office Supplies,Storage,Heavy Duty Arch File Box,East,Patna,3,975.0,0.5,-75.0,Cash on Delivery
ORD-10911,2024-10-06,CUST-1206,Sneha Reddy 206,Office Supplies,Paper,Premium Hardbound Notebook,West,Surat,2,720.0,0.2,360.0,Net Banking
ORD-10912,2025-06-07,CUST-1072,Shweta Mishra 72,Technology,Phones,Bluetooth Wireless Earbuds,East,Kolkata,1,1750.0,0.3,550.0,Net Banking
ORD-10913,2024-08-24,CUST-1161,Manish Malhotra 161,Technology,Phones,Bluetooth Wireless Earbuds,North,Delhi,3,7500.0,0.0,3900.0,Net Banking
ORD-10914,2025-10-13,CUST-1155,Ravi Pillai 155,Furniture,Bookcases,5-Tier Wooden Bookshelf,South,Hyderabad,2,13000.0,0.0,2600.0,UPI
ORD-10915,2025-11-07,CUST-1197,Siddharth Jain 197,Office Supplies,Binders,Heavy-Duty Ring Binder,East,Bhubaneswar,1,196.0,0.3,76.0,Net Banking
ORD-10916,2025-05-31,CUST-1067,Kavita Das 67,Apparel,Corporate Wear,Tailored Blazer,West,Mumbai,5,24000.0,0.0,11000.0,Net Banking
ORD-10917,2024-05-01,CUST-1099,Deepak Rao 99,Office Supplies,Art,Highlighter & Marker Set,West,Surat,1,350.0,0.0,200.0,UPI
ORD-10918,2024-06-30,CUST-1143,Rohan Mehta 143,Furniture,Tables,Wooden Conference Table,South,Kochi,1,22500.0,0.1,1500.0,Net Banking
ORD-10919,2025-05-14,CUST-1196,Tarun Choudhury 196,Technology,Phones,Smartphone Pro Max,Central,Nagpur,2,54000.0,0.4,-18000.0,Cash on Delivery
ORD-10920,2025-08-08,CUST-1121,Siddharth Jain 121,Office Supplies,Binders,Heavy-Duty Ring Binder,Central,Bhopal,2,448.0,0.2,208.0,Debit Card
ORD-10921,2025-05-21,CUST-1152,Karan Joshi 152,Office Supplies,Paper,Premium Hardbound Notebook,Central,Nagpur,1,405.0,0.1,225.0,Debit Card
ORD-10922,2024-03-03,CUST-1008,Vikas Singh,Apparel,Footwear,Leather Oxford Shoes,North,Lucknow,3,8160.0,0.15,3060.0,Cash on Delivery
ORD-10923,2024-01-28,CUST-1196,Tarun Choudhury 196,Furniture,Bookcases,5-Tier Wooden Bookshelf,East,Kolkata,1,5525.0,0.15,325.0,Net Banking
ORD-10924,2024-10-08,CUST-1061,Priya Patel 61,Furniture,Tables,Wooden Conference Table,Central,Bhopal,4,100000.0,0.0,16000.0,Debit Card
ORD-10925,2024-04-27,CUST-1087,Alok Deshmukh 87,Technology,Monitors,27-inch 4K Monitor,North,Noida,1,15400.0,0.3,-1600.0,Net Banking
ORD-10926,2025-08-04,CUST-1132,Gaurav Tiwari 132,Office Supplies,Storage,Heavy Duty Arch File Box,West,Mumbai,2,650.0,0.5,-50.0,UPI
ORD-10927,2024-11-20,CUST-1100,Rohan Mehta 100,Furniture,Bookcases,5-Tier Wooden Bookshelf,Central,Bhopal,3,19500.0,0.0,3900.0,Credit Card
ORD-10928,2024-12-10,CUST-1208,Rahul Sharma 208,Furniture,Bookcases,5-Tier Wooden Bookshelf,South,Hyderabad,1,5200.0,0.2,0.0,Credit Card
ORD-10929,2025-05-23,CUST-1163,Swati Kulkarni 163,Technology,Accessories,USB-C Multi-Port Hub,Central,Bhopal,1,1800.0,0.0,900.0,Debit Card
ORD-10930,2025-08-10,CUST-1103,Nisha Bhat 103,Furniture,Chairs,Mesh Executive Chair,Central,Nagpur,5,30000.0,0.5,-17500.0,UPI
ORD-10931,2025-08-29,CUST-1087,Alok Deshmukh 87,Furniture,Tables,Adjustable Standing Desk,North,Noida,3,37800.0,0.3,-4200.0,Net Banking
ORD-10932,2024-08-02,CUST-1089,Alok Deshmukh 89,Technology,Accessories,USB-C Multi-Port Hub,West,Ahmedabad,1,1080.0,0.4,180.0,Debit Card
ORD-10933,2024-07-23,CUST-1107,Amit Kumar 107,Office Supplies,Paper,Premium Hardbound Notebook,West,Surat,2,540.0,0.4,180.0,Credit Card
ORD-10934,2024-01-20,CUST-1161,Manish Malhotra 161,Apparel,Corporate Wear,Cotton Formal Shirt,South,Kochi,1,1050.0,0.3,300.0,Debit Card
ORD-10935,2025-10-15,CUST-1158,Karan Joshi 158,Office Supplies,Storage,Heavy Duty Arch File Box,Central,Nagpur,2,780.0,0.4,80.0,Credit Card
ORD-10936,2025-01-08,CUST-1119,Shweta Mishra 119,Technology,Phones,Bluetooth Wireless Earbuds,South,Chennai,3,6750.0,0.1,3150.0,Net Banking
ORD-10937,2025-02-24,CUST-1082,Abhishek Saxena 82,Technology,Accessories,USB-C Multi-Port Hub,South,Kochi,1,1620.0,0.1,720.0,Credit Card
ORD-10938,2024-09-19,CUST-1176,Shweta Mishra 176,Furniture,Chairs,Mesh Executive Chair,East,Bhubaneswar,1,11400.0,0.05,1900.0,UPI
ORD-10939,2024-09-08,CUST-1205,Manish Malhotra 205,Furniture,Tables,Wooden Conference Table,East,Guwahati,2,40000.0,0.2,-2000.0,Net Banking
ORD-10940,2025-10-24,CUST-1052,Amit Kumar 52,Technology,Monitors,27-inch 4K Monitor,West,Pune,1,19800.0,0.1,2800.0,Cash on Delivery
ORD-10941,2024-06-29,CUST-1165,Deepak Rao 165,Technology,Accessories,Mechanical Keyboard,East,Kolkata,1,3500.0,0.0,1500.0,Debit Card
ORD-10942,2025-09-08,CUST-1077,Swati Kulkarni 77,Technology,Accessories,USB-C Multi-Port Hub,East,Patna,2,3600.0,0.0,1800.0,Net Banking
ORD-10943,2024-05-23,CUST-1061,Priya Patel 61,Technology,Phones,Smartphone Pro Max,Central,Nagpur,2,90000.0,0.0,18000.0,Cash on Delivery
ORD-10944,2025-11-11,CUST-1244,Tarun Choudhury 244,Apparel,Corporate Wear,Cotton Formal Shirt,West,Surat,4,5700.0,0.05,2700.0,Cash on Delivery
ORD-10945,2024-05-05,CUST-1198,Aarti Kapoor 198,Furniture,Bookcases,5-Tier Wooden Bookshelf,West,Surat,3,18525.0,0.05,2925.0,Net Banking
ORD-10946,2024-08-11,CUST-1037,Gaurav Tiwari 37,Technology,Phones,Smartphone Pro Max,South,Chennai,5,157500.0,0.3,-22500.0,Net Banking
ORD-10947,2024-09-17,CUST-1221,Pooja Verma 221,Apparel,Footwear,Leather Oxford Shoes,North,Chandigarh,2,6400.0,0.0,3000.0,Debit Card
ORD-10948,2025-07-12,CUST-1109,Shweta Mishra 109,Office Supplies,Binders,Heavy-Duty Ring Binder,South,Hyderabad,4,1120.0,0.0,640.0,Debit Card
ORD-10949,2025-05-01,CUST-1184,Kavita Das 184,Office Supplies,Paper,A4 Multipurpose Copy Paper (Pack of 5),West,Mumbai,2,1200.0,0.5,-200.0,UPI
ORD-10950,2025-11-09,CUST-1014,Siddharth Jain,Furniture,Chairs,Mesh Executive Chair,West,Surat,1,10200.0,0.15,700.0,UPI
ORD-10951,2025-07-01,CUST-1222,Preeti Pandey 222,Furniture,Chairs,Mesh Executive Chair,East,Guwahati,1,9600.0,0.2,100.0,Debit Card
ORD-10952,2024-10-10,CUST-1054,Ananya Roy 54,Technology,Monitors,27-inch 4K Monitor,East,Patna,4,70400.0,0.2,2400.0,UPI
ORD-10953,2024-10-07,CUST-1211,Ravi Pillai 211,Office Supplies,Binders,Heavy-Duty Ring Binder,East,Guwahati,4,952.0,0.15,472.0,Net Banking
ORD-10954,2024-04-12,CUST-1212,Karan Joshi 212,Technology,Monitors,27-inch 4K Monitor,West,Mumbai,1,11000.0,0.5,-6000.0,Cash on Delivery
ORD-10955,2024-11-30,CUST-1008,Vikas Singh,Technology,Accessories,Mechanical Keyboard,South,Kochi,3,10500.0,0.0,4500.0,UPI
ORD-10956,2025-02-14,CUST-1052,Amit Kumar 52,Furniture,Tables,Wooden Conference Table,West,Mumbai,1,23750.0,0.05,2750.0,Cash on Delivery
ORD-10957,2025-12-31,CUST-1213,Meera Sen 213,Technology,Phones,Bluetooth Wireless Earbuds,Central,Nagpur,1,2125.0,0.15,925.0,Net Banking
ORD-10958,2025-05-04,CUST-1224,Meera Sen 224,Technology,Phones,Bluetooth Wireless Earbuds,West,Pune,2,4250.0,0.15,1850.0,Debit Card
ORD-10959,2024-07-22,CUST-1022,Neha Gupta,Office Supplies,Storage,Heavy Duty Arch File Box,West,Pune,1,520.0,0.2,170.0,Cash on Delivery
ORD-10960,2024-08-17,CUST-1006,Neha Gupta,Technology,Accessories,Wireless Mouse,Central,Nagpur,2,1520.0,0.05,720.0,UPI
ORD-10961,2025-04-18,CUST-1051,Ananya Roy 51,Furniture,Tables,Adjustable Standing Desk,South,Bangalore,1,14400.0,0.2,400.0,Cash on Delivery
ORD-10962,2024-09-23,CUST-1039,Rahul Sharma 39,Technology,Accessories,USB-C Multi-Port Hub,West,Pune,5,9000.0,0.0,4500.0,UPI
ORD-10963,2025-06-22,CUST-1112,Ravi Pillai 112,Office Supplies,Art,Highlighter & Marker Set,East,Kolkata,1,332.5,0.05,182.5,Credit Card
ORD-10964,2024-09-29,CUST-1074,Tarun Choudhury 74,Office Supplies,Binders,Heavy-Duty Ring Binder,East,Bhubaneswar,1,266.0,0.05,146.0,Cash on Delivery
ORD-10965,2024-08-08,CUST-1211,Ravi Pillai 211,Furniture,Tables,Wooden Conference Table,South,Kochi,1,25000.0,0.0,4000.0,UPI
ORD-10966,2024-10-24,CUST-1061,Priya Patel 61,Office Supplies,Art,Highlighter & Marker Set,South,Hyderabad,2,490.0,0.3,190.0,UPI
ORD-10967,2024-01-11,CUST-1121,Siddharth Jain 121,Technology,Phones,Bluetooth Wireless Earbuds,West,Surat,2,4000.0,0.2,1600.0,Net Banking
ORD-10968,2025-09-03,CUST-1066,Bhavna Shah 66,Technology,Accessories,USB-C Multi-Port Hub,North,Noida,1,1530.0,0.15,630.0,Credit Card
ORD-10969,2025-04-27,CUST-1233,Bhavna Shah 233,Office Supplies,Paper,A4 Multipurpose Copy Paper (Pack of 5),Central,Nagpur,5,3000.0,0.5,-500.0,UPI
ORD-10970,2024-01-06,CUST-1065,Ananya Roy 65,Apparel,Corporate Wear,Cotton Formal Shirt,Central,Indore,1,1200.0,0.2,450.0,Debit Card
ORD-10971,2024-05-15,CUST-1248,Neha Gupta 248,Apparel,Corporate Wear,Tailored Blazer,North,Noida,1,4800.0,0.0,2200.0,Cash on Delivery
ORD-10972,2025-05-19,CUST-1239,Rajesh Iyer 239,Furniture,Bookcases,5-Tier Wooden Bookshelf,East,Bhubaneswar,1,3900.0,0.4,-1300.0,Net Banking
ORD-10973,2024-05-25,CUST-1067,Kavita Das 67,Technology,Phones,Smartphone Pro Max,West,Mumbai,8,252000.0,0.3,-36000.0,Debit Card
ORD-10974,2025-01-04,CUST-1238,Suresh Nair 238,Office Supplies,Storage,Heavy Duty Arch File Box,West,Ahmedabad,2,1170.0,0.1,470.0,Cash on Delivery
ORD-10975,2024-11-16,CUST-1043,Nisha Bhat 43,Furniture,Bookcases,5-Tier Wooden Bookshelf,East,Bhubaneswar,2,9100.0,0.3,-1300.0,UPI
ORD-10976,2024-07-12,CUST-1039,Rahul Sharma 39,Technology,Accessories,Mechanical Keyboard,South,Chennai,1,3150.0,0.1,1150.0,Credit Card
ORD-10977,2025-12-23,CUST-1030,Nisha Bhat,Office Supplies,Binders,Heavy-Duty Ring Binder,North,Chandigarh,1,168.0,0.4,48.0,Net Banking
ORD-10978,2025-04-13,CUST-1127,Aarti Kapoor 127,Technology,Phones,Smartphone Pro Max,South,Bangalore,1,42750.0,0.05,6750.0,Debit Card
ORD-10979,2024-07-03,CUST-1214,Aarti Kapoor 214,Technology,Monitors,27-inch 4K Monitor,Central,Indore,2,22000.0,0.5,-12000.0,Credit Card
ORD-10980,2025-08-20,CUST-1249,Priya Patel 249,Technology,Accessories,Wireless Mouse,Central,Nagpur,1,800.0,0.0,400.0,Credit Card
ORD-10981,2025-05-25,CUST-1174,Ananya Roy 174,Technology,Phones,Smartphone Pro Max,West,Mumbai,1,45000.0,0.0,9000.0,Net Banking
ORD-10982,2025-01-17,CUST-1152,Karan Joshi 152,Technology,Phones,Smartphone Pro Max,West,Pune,1,31500.0,0.3,-4500.0,Net Banking
ORD-10983,2025-04-09,CUST-1161,Manish Malhotra 161,Furniture,Tables,Adjustable Standing Desk,Central,Nagpur,1,18000.0,0.0,4000.0,Cash on Delivery
ORD-10984,2025-04-08,CUST-1084,Aarti Kapoor 84,Apparel,Footwear,Leather Oxford Shoes,South,Chennai,4,11520.0,0.1,4720.0,Debit Card
ORD-10985,2024-02-26,CUST-1191,Rahul Sharma 191,Technology,Accessories,USB-C Multi-Port Hub,Central,Nagpur,1,1440.0,0.2,540.0,Debit Card
ORD-10986,2024-07-01,CUST-1062,Ravi Pillai 62,Office Supplies,Paper,Premium Hardbound Notebook,North,Delhi,4,1800.0,0.0,1080.0,Net Banking
ORD-10987,2025-02-16,CUST-1073,Aditya Bose 73,Technology,Phones,Bluetooth Wireless Earbuds,North,Jaipur,2,4000.0,0.2,1600.0,Debit Card
ORD-10988,2025-12-02,CUST-1092,Karan Joshi 92,Technology,Phones,Smartphone Pro Max,West,Pune,2,72000.0,0.2,0.0,Net Banking
ORD-10989,2024-10-01,CUST-1109,Shweta Mishra 109,Technology,Accessories,USB-C Multi-Port Hub,East,Patna,2,2880.0,0.2,1080.0,Net Banking
ORD-10990,2024-04-05,CUST-1011,Abhishek Saxena,Apparel,Corporate Wear,Cotton Formal Shirt,West,Surat,2,3000.0,0.0,1500.0,Net Banking
ORD-10991,2025-06-23,CUST-1162,Tarun Choudhury 162,Apparel,Corporate Wear,Cotton Formal Shirt,North,Jaipur,2,3000.0,0.0,1500.0,Net Banking
ORD-10992,2024-10-22,CUST-1232,Aarti Kapoor 232,Furniture,Tables,Wooden Conference Table,South,Kochi,1,25000.0,0.0,4000.0,Cash on Delivery
ORD-10993,2024-03-19,CUST-1235,Bhavna Shah 235,Technology,Accessories,Mechanical Keyboard,Central,Bhopal,2,5600.0,0.2,1600.0,UPI
ORD-10994,2025-04-20,CUST-1170,Amit Kumar 170,Apparel,Footwear,Leather Oxford Shoes,West,Ahmedabad,1,3200.0,0.0,1500.0,Cash on Delivery
ORD-10995,2024-01-17,CUST-1030,Nisha Bhat,Office Supplies,Art,Highlighter & Marker Set,South,Chennai,3,1050.0,0.0,600.0,UPI
ORD-10996,2025-03-02,CUST-1225,Aditya Bose 225,Furniture,Tables,Wooden Conference Table,West,Surat,3,52500.0,0.3,-10500.0,Cash on Delivery
ORD-10997,2024-09-28,CUST-1088,Neha Gupta 88,Technology,Monitors,27-inch 4K Monitor,South,Chennai,1,11000.0,0.5,-6000.0,Debit Card
ORD-10998,2025-12-01,CUST-1002,Ananya Roy,Office Supplies,Paper,Premium Hardbound Notebook,North,Delhi,1,315.0,0.3,135.0,Net Banking
ORD-10999,2025-12-09,CUST-1169,Rajesh Iyer 169,Office Supplies,Binders,Heavy-Duty Ring Binder,West,Ahmedabad,2,448.0,0.2,208.0,Debit Card
ORD-11000,2024-03-30,CUST-1033,Neha Gupta 33,Technology,Phones,Bluetooth Wireless Earbuds,North,Lucknow,1,2500.0,0.0,1300.0,Credit Card
ORD-11001,2024-01-28,CUST-1054,Ananya Roy 54,Office Supplies,Binders,Heavy-Duty Ring Binder,South,Chennai,1,168.0,0.4,48.0,Credit Card
ORD-11002,2024-03-29,CUST-1078,Rohan Mehta 78,Office Supplies,Art,Highlighter & Marker Set,South,Kochi,1,350.0,0.0,200.0,Credit Card
ORD-11003,2024-06-05,CUST-1190,Alok Deshmukh 190,Office Supplies,Art,Highlighter & Marker Set,East,Guwahati,1,245.0,0.3,95.0,Cash on Delivery
ORD-11004,2024-09-05,CUST-1052,Amit Kumar 52,Furniture,Tables,Wooden Conference Table,Central,Indore,1,25000.0,0.0,4000.0,UPI
ORD-11005,2025-10-07,CUST-1111,Siddharth Jain 111,Office Supplies,Storage,Heavy Duty Arch File Box,East,Patna,1,520.0,0.2,170.0,Net Banking
ORD-11006,2025-06-09,CUST-1152,Karan Joshi 152,Office Supplies,Binders,Heavy-Duty Ring Binder,South,Bangalore,2,448.0,0.2,208.0,Cash on Delivery
ORD-11007,2024-11-19,CUST-1069,Siddharth Jain 69,Office Supplies,Storage,Heavy Duty Arch File Box,East,Kolkata,2,1105.0,0.15,405.0,Net Banking
ORD-11008,2025-12-15,CUST-1042,Sneha Reddy 42,Furniture,Tables,Wooden Conference Table,South,Kochi,1,23750.0,0.05,2750.0,Cash on Delivery
ORD-11009,2024-08-12,CUST-1151,Vikas Singh 151,Furniture,Bookcases,5-Tier Wooden Bookshelf,Central,Nagpur,2,13000.0,0.0,2600.0,Debit Card
ORD-11010,2025-12-29,CUST-1107,Amit Kumar 107,Office Supplies,Paper,A4 Multipurpose Copy Paper (Pack of 5),East,Bhubaneswar,2,2160.0,0.1,760.0,UPI
ORD-11011,2025-11-14,CUST-1045,Suresh Nair 45,Furniture,Chairs,Ergonomic Office Chair,South,Kochi,1,6800.0,0.2,800.0,Net Banking
ORD-11012,2024-12-02,CUST-1005,Karan Joshi,Office Supplies,Paper,A4 Multipurpose Copy Paper (Pack of 5),West,Ahmedabad,2,2400.0,0.0,1000.0,Cash on Delivery
ORD-11013,2024-02-02,CUST-1207,Divya Agarwal 207,Technology,Accessories,USB-C Multi-Port Hub,West,Surat,1,1710.0,0.05,810.0,UPI
ORD-11014,2025-07-29,CUST-1058,Aditya Bose 58,Office Supplies,Binders,Heavy-Duty Ring Binder,West,Ahmedabad,3,840.0,0.0,480.0,Cash on Delivery
ORD-11015,2024-09-30,CUST-1230,Sneha Reddy 230,Technology,Phones,Bluetooth Wireless Earbuds,Central,Nagpur,2,5000.0,0.0,2600.0,Net Banking
ORD-11016,2025-04-13,CUST-1247,Pooja Verma 247,Technology,Phones,Smartphone Pro Max,North,Noida,2,90000.0,0.0,18000.0,Cash on Delivery
ORD-11017,2024-02-12,CUST-1130,Preeti Pandey 130,Technology,Phones,Smartphone Pro Max,South,Bangalore,4,153000.0,0.15,9000.0,Credit Card
ORD-11018,2024-10-26,CUST-1196,Tarun Choudhury 196,Apparel,Corporate Wear,Cotton Formal Shirt,East,Kolkata,1,1275.0,0.15,525.0,Debit Card
ORD-11019,2024-05-21,CUST-1032,Manish Malhotra 32,Furniture,Chairs,Ergonomic Office Chair,East,Guwahati,3,25500.0,0.0,7500.0,Credit Card
ORD-11020,2025-04-30,CUST-1088,Neha Gupta 88,Furniture,Tables,Wooden Conference Table,Central,Bhopal,1,21250.0,0.15,250.0,Net Banking
ORD-11021,2025-01-04,CUST-1162,Tarun Choudhury 162,Furniture,Chairs,Mesh Executive Chair,South,Kochi,3,36000.0,0.0,7500.0,Net Banking
ORD-11022,2025-02-27,CUST-1236,Rahul Sharma 236,Office Supplies,Storage,Heavy Duty Arch File Box,East,Patna,5,2275.0,0.3,525.0,Credit Card
ORD-11023,2024-01-11,CUST-1184,Kavita Das 184,Apparel,Corporate Wear,Cotton Formal Shirt,North,Delhi,1,1200.0,0.2,450.0,Credit Card
ORD-11024,2025-03-20,CUST-1016,Swati Kulkarni,Office Supplies,Paper,Premium Hardbound Notebook,North,Lucknow,4,1800.0,0.0,1080.0,Cash on Delivery
ORD-11025,2024-10-29,CUST-1227,Vikas Singh 227,Apparel,Corporate Wear,Tailored Blazer,West,Ahmedabad,4,19200.0,0.0,8800.0,Debit Card
ORD-11026,2025-06-24,CUST-1157,Siddharth Jain 157,Technology,Phones,Bluetooth Wireless Earbuds,East,Guwahati,2,3000.0,0.4,600.0,Cash on Delivery
ORD-11027,2025-09-25,CUST-1167,Vikas Singh 167,Office Supplies,Art,Highlighter & Marker Set,West,Surat,3,945.0,0.1,495.0,UPI
ORD-11028,2024-02-07,CUST-1138,Bhavna Shah 138,Furniture,Bookcases,5-Tier Wooden Bookshelf,East,Bhubaneswar,2,7800.0,0.4,-2600.0,Debit Card
ORD-11029,2024-08-06,CUST-1024,Aditya Bose,Apparel,Corporate Wear,Cotton Formal Shirt,Central,Indore,2,3000.0,0.0,1500.0,UPI
ORD-11030,2024-01-29,CUST-1228,Deepak Rao 228,Apparel,Corporate Wear,Tailored Blazer,Central,Indore,1,4320.0,0.1,1720.0,Net Banking
ORD-11031,2025-06-01,CUST-1029,Shweta Mishra,Technology,Accessories,Mechanical Keyboard,West,Ahmedabad,2,5950.0,0.15,1950.0,UPI
ORD-11032,2024-02-18,CUST-1194,Ananya Roy 194,Technology,Phones,Smartphone Pro Max,East,Patna,2,90000.0,0.0,18000.0,Net Banking
ORD-11033,2024-12-13,CUST-1207,Divya Agarwal 207,Apparel,Footwear,Leather Oxford Shoes,Central,Nagpur,4,7680.0,0.4,880.0,Cash on Delivery
ORD-11034,2024-08-27,CUST-1090,Ananya Roy 90,Furniture,Tables,Wooden Conference Table,West,Pune,3,45000.0,0.4,-18000.0,Credit Card
ORD-11035,2024-04-17,CUST-1084,Aarti Kapoor 84,Apparel,Corporate Wear,Cotton Formal Shirt,Central,Bhopal,3,3825.0,0.15,1575.0,Net Banking
ORD-11036,2024-04-10,CUST-1038,Alok Deshmukh 38,Office Supplies,Storage,Heavy Duty Arch File Box,East,Kolkata,1,520.0,0.2,170.0,Credit Card
ORD-11037,2025-05-02,CUST-1055,Deepak Rao 55,Office Supplies,Art,Highlighter & Marker Set,North,Jaipur,2,560.0,0.2,260.0,Cash on Delivery
ORD-11038,2025-07-26,CUST-1133,Suresh Nair 133,Office Supplies,Paper,Premium Hardbound Notebook,West,Surat,2,630.0,0.3,270.0,Net Banking
ORD-11039,2025-03-02,CUST-1211,Ravi Pillai 211,Technology,Monitors,27-inch 4K Monitor,South,Chennai,2,30800.0,0.3,-3200.0,Credit Card
ORD-11040,2025-12-22,CUST-1136,Amit Kumar 136,Technology,Phones,Smartphone Pro Max,South,Kochi,2,90000.0,0.0,18000.0,Cash on Delivery
ORD-11041,2025-01-13,CUST-1236,Rahul Sharma 236,Technology,Phones,Smartphone Pro Max,Central,Indore,1,38250.0,0.15,2250.0,Cash on Delivery
ORD-11042,2024-10-04,CUST-1096,Deepak Rao 96,Furniture,Tables,Wooden Conference Table,West,Ahmedabad,1,25000.0,0.0,4000.0,Credit Card
ORD-11043,2024-05-25,CUST-1201,Shweta Mishra 201,Apparel,Footwear,Leather Oxford Shoes,East,Kolkata,5,14400.0,0.1,5900.0,Debit Card
ORD-11044,2024-08-08,CUST-1047,Vikas Singh 47,Office Supplies,Binders,Heavy-Duty Ring Binder,North,Delhi,2,560.0,0.0,320.0,UPI
ORD-11045,2025-03-03,CUST-1124,Suresh Nair 124,Apparel,Footwear,Leather Oxford Shoes,West,Surat,4,10240.0,0.2,3440.0,Net Banking
ORD-11046,2025-09-12,CUST-1034,Divya Agarwal 34,Technology,Phones,Bluetooth Wireless Earbuds,Central,Nagpur,2,3500.0,0.3,1100.0,Net Banking
ORD-11047,2024-06-01,CUST-1222,Preeti Pandey 222,Furniture,Bookcases,5-Tier Wooden Bookshelf,North,Noida,2,10400.0,0.2,0.0,Net Banking
ORD-11048,2024-08-26,CUST-1231,Siddharth Jain 231,Office Supplies,Paper,Premium Hardbound Notebook,West,Mumbai,5,1575.0,0.3,675.0,Debit Card
ORD-11049,2025-10-23,CUST-1007,Neha Gupta,Apparel,Footwear,Leather Oxford Shoes,West,Mumbai,2,6400.0,0.0,3000.0,Credit Card
ORD-11050,2025-09-25,CUST-1139,Swati Kulkarni 139,Apparel,Footwear,Leather Oxford Shoes,North,Noida,2,4480.0,0.3,1080.0,Cash on Delivery
ORD-11051,2024-01-20,CUST-1031,Siddharth Jain 31,Apparel,Corporate Wear,Tailored Blazer,South,Bangalore,1,4560.0,0.05,1960.0,Credit Card
ORD-11052,2025-12-23,CUST-1149,Shweta Mishra 149,Office Supplies,Art,Highlighter & Marker Set,North,Noida,2,560.0,0.2,260.0,Cash on Delivery
ORD-11053,2024-02-16,CUST-1126,Aarti Kapoor 126,Technology,Accessories,Wireless Mouse,West,Surat,1,800.0,0.0,400.0,Cash on Delivery
ORD-11054,2024-11-20,CUST-1024,Aditya Bose,Technology,Phones,Smartphone Pro Max,North,Noida,1,45000.0,0.0,9000.0,Credit Card
ORD-11055,2024-09-18,CUST-1197,Siddharth Jain 197,Technology,Accessories,USB-C Multi-Port Hub,South,Hyderabad,5,9000.0,0.0,4500.0,UPI
ORD-11056,2025-09-21,CUST-1247,Pooja Verma 247,Furniture,Bookcases,5-Tier Wooden Bookshelf,South,Bangalore,3,17550.0,0.1,1950.0,Net Banking
ORD-11057,2024-04-11,CUST-1082,Abhishek Saxena 82,Technology,Phones,Bluetooth Wireless Earbuds,East,Patna,1,2500.0,0.0,1300.0,UPI
ORD-11058,2024-07-26,CUST-1062,Ravi Pillai 62,Apparel,Footwear,Leather Oxford Shoes,South,Kochi,2,3840.0,0.4,440.0,Net Banking
ORD-11059,2024-04-27,CUST-1069,Siddharth Jain 69,Technology,Accessories,Mechanical Keyboard,West,Surat,2,7000.0,0.0,3000.0,Net Banking
ORD-11060,2024-01-30,CUST-1105,Abhishek Saxena 105,Furniture,Chairs,Mesh Executive Chair,North,Jaipur,2,12000.0,0.5,-7000.0,UPI
ORD-11061,2024-09-09,CUST-1196,Tarun Choudhury 196,Apparel,Corporate Wear,Tailored Blazer,South,Hyderabad,2,6720.0,0.3,1520.0,UPI
ORD-11062,2025-10-13,CUST-1201,Shweta Mishra 201,Technology,Phones,Bluetooth Wireless Earbuds,West,Pune,3,4500.0,0.4,900.0,Net Banking
ORD-11063,2025-07-22,CUST-1116,Kavita Das 116,Technology,Accessories,Mechanical Keyboard,North,Chandigarh,5,8750.0,0.5,-1250.0,Debit Card
ORD-11064,2025-10-30,CUST-1001,Shweta Mishra,Technology,Accessories,Mechanical Keyboard,East,Patna,2,5600.0,0.2,1600.0,Debit Card
ORD-11065,2025-12-10,CUST-1012,Ravi Pillai,Technology,Monitors,27-inch 4K Monitor,Central,Nagpur,1,22000.0,0.0,5000.0,Net Banking
ORD-11066,2025-10-24,CUST-1143,Rohan Mehta 143,Furniture,Tables,Adjustable Standing Desk,East,Bhubaneswar,2,30600.0,0.15,2600.0,Debit Card
ORD-11067,2025-12-15,CUST-1070,Pooja Verma 70,Furniture,Chairs,Mesh Executive Chair,West,Ahmedabad,1,6000.0,0.5,-3500.0,Debit Card
ORD-11068,2024-01-17,CUST-1234,Meera Sen 234,Technology,Phones,Bluetooth Wireless Earbuds,North,Noida,2,5000.0,0.0,2600.0,Credit Card
ORD-11069,2025-02-27,CUST-1143,Rohan Mehta 143,Office Supplies,Binders,Heavy-Duty Ring Binder,East,Kolkata,3,840.0,0.0,480.0,Cash on Delivery
ORD-11070,2024-02-01,CUST-1229,Aarti Kapoor 229,Office Supplies,Art,Highlighter & Marker Set,North,Jaipur,8,2240.0,0.2,1040.0,Cash on Delivery
ORD-11071,2025-01-01,CUST-1100,Rohan Mehta 100,Technology,Monitors,27-inch 4K Monitor,North,Delhi,2,41800.0,0.05,7800.0,Net Banking
ORD-11072,2024-01-10,CUST-1057,Deepak Rao 57,Technology,Accessories,Wireless Mouse,West,Ahmedabad,1,400.0,0.5,0.0,Debit Card
ORD-11073,2024-08-14,CUST-1060,Gaurav Tiwari 60,Office Supplies,Binders,Heavy-Duty Ring Binder,West,Mumbai,1,140.0,0.5,20.0,Credit Card
ORD-11074,2024-01-08,CUST-1051,Ananya Roy 51,Office Supplies,Paper,Premium Hardbound Notebook,North,Jaipur,2,630.0,0.3,270.0,Credit Card
ORD-11075,2025-07-19,CUST-1050,Suresh Nair 50,Apparel,Footwear,Leather Oxford Shoes,Central,Nagpur,1,1600.0,0.5,-100.0,Credit Card
ORD-11076,2024-03-07,CUST-1033,Neha Gupta 33,Furniture,Tables,Adjustable Standing Desk,Central,Bhopal,4,64800.0,0.1,8800.0,Credit Card
ORD-11077,2025-12-22,CUST-1137,Rohan Mehta 137,Furniture,Tables,Adjustable Standing Desk,Central,Indore,1,14400.0,0.2,400.0,UPI
ORD-11078,2024-11-26,CUST-1105,Abhishek Saxena 105,Furniture,Tables,Adjustable Standing Desk,North,Noida,2,30600.0,0.15,2600.0,Cash on Delivery
ORD-11079,2024-02-14,CUST-1227,Vikas Singh 227,Furniture,Chairs,Mesh Executive Chair,North,Jaipur,4,28800.0,0.4,-9200.0,Net Banking
ORD-11080,2024-10-11,CUST-1021,Rohan Mehta,Apparel,Footwear,Leather Oxford Shoes,North,Lucknow,8,20480.0,0.2,6880.0,UPI
ORD-11081,2024-09-12,CUST-1051,Ananya Roy 51,Technology,Monitors,27-inch 4K Monitor,West,Ahmedabad,1,22000.0,0.0,5000.0,UPI
ORD-11082,2025-05-06,CUST-1111,Siddharth Jain 111,Technology,Accessories,Wireless Mouse,Central,Nagpur,5,3600.0,0.1,1600.0,Credit Card
ORD-11083,2024-04-20,CUST-1122,Neha Gupta 122,Furniture,Chairs,Mesh Executive Chair,West,Mumbai,3,21600.0,0.4,-6900.0,Credit Card
ORD-11084,2024-03-15,CUST-1199,Karan Joshi 199,Office Supplies,Art,Highlighter & Marker Set,North,Chandigarh,2,700.0,0.0,400.0,UPI
ORD-11085,2024-02-04,CUST-1097,Sneha Reddy 97,Furniture,Bookcases,5-Tier Wooden Bookshelf,North,Lucknow,1,4550.0,0.3,-650.0,UPI
ORD-11086,2024-11-04,CUST-1111,Siddharth Jain 111,Technology,Accessories,USB-C Multi-Port Hub,North,Delhi,2,3240.0,0.1,1440.0,Net Banking
ORD-11087,2025-02-15,CUST-1025,Rahul Sharma,Office Supplies,Storage,Heavy Duty Arch File Box,South,Bangalore,2,910.0,0.3,210.0,Net Banking
ORD-11088,2025-09-27,CUST-1159,Ravi Pillai 159,Technology,Phones,Smartphone Pro Max,West,Mumbai,2,76500.0,0.15,4500.0,Cash on Delivery
ORD-11089,2024-07-16,CUST-1028,Nisha Bhat,Technology,Phones,Smartphone Pro Max,North,Noida,3,67500.0,0.5,-40500.0,Credit Card
ORD-11090,2025-08-09,CUST-1033,Neha Gupta 33,Apparel,Corporate Wear,Cotton Formal Shirt,West,Ahmedabad,1,750.0,0.5,0.0,Net Banking
ORD-11091,2024-07-09,CUST-1063,Divya Agarwal 63,Technology,Phones,Bluetooth Wireless Earbuds,North,Delhi,1,1250.0,0.5,50.0,Net Banking
ORD-11092,2025-06-09,CUST-1246,Gaurav Tiwari 246,Office Supplies,Paper,A4 Multipurpose Copy Paper (Pack of 5),West,Pune,1,1080.0,0.1,380.0,Cash on Delivery
ORD-11093,2024-10-17,CUST-1151,Vikas Singh 151,Technology,Phones,Bluetooth Wireless Earbuds,North,Lucknow,2,3000.0,0.4,600.0,UPI
ORD-11094,2025-03-08,CUST-1089,Alok Deshmukh 89,Furniture,Chairs,Ergonomic Office Chair,South,Chennai,3,21675.0,0.15,3675.0,Credit Card
ORD-11095,2025-11-14,CUST-1178,Gaurav Tiwari 178,Office Supplies,Art,Highlighter & Marker Set,Central,Nagpur,1,175.0,0.5,25.0,Cash on Delivery
ORD-11096,2024-12-09,CUST-1108,Aditya Bose 108,Furniture,Bookcases,5-Tier Wooden Bookshelf,South,Bangalore,2,13000.0,0.0,2600.0,Net Banking
ORD-11097,2024-08-12,CUST-1236,Rahul Sharma 236,Technology,Accessories,Wireless Mouse,South,Chennai,2,1520.0,0.05,720.0,Credit Card
ORD-11098,2025-05-07,CUST-1189,Siddharth Jain 189,Furniture,Bookcases,5-Tier Wooden Bookshelf,East,Bhubaneswar,1,6500.0,0.0,1300.0,Debit Card
ORD-11099,2024-01-11,CUST-1019,Rahul Sharma,Office Supplies,Paper,A4 Multipurpose Copy Paper (Pack of 5),North,Noida,1,1080.0,0.1,380.0,Net Banking
ORD-11100,2024-07-18,CUST-1162,Tarun Choudhury 162,Apparel,Footwear,Leather Oxford Shoes,West,Mumbai,8,24320.0,0.05,10720.0,Credit Card
ORD-11101,2024-11-24,CUST-1045,Suresh Nair 45,Furniture,Bookcases,5-Tier Wooden Bookshelf,Central,Bhopal,1,6500.0,0.0,1300.0,Credit Card
ORD-11102,2024-09-25,CUST-1234,Meera Sen 234,Technology,Phones,Smartphone Pro Max,North,Lucknow,1,45000.0,0.0,9000.0,Debit Card
ORD-11103,2024-08-03,CUST-1079,Nisha Bhat 79,Office Supplies,Art,Highlighter & Marker Set,South,Hyderabad,3,1050.0,0.0,600.0,Cash on Delivery
ORD-11104,2025-09-30,CUST-1226,Rohan Mehta 226,Office Supplies,Storage,Heavy Duty Arch File Box,North,Delhi,1,650.0,0.0,300.0,Credit Card
ORD-11105,2024-07-15,CUST-1137,Rohan Mehta 137,Office Supplies,Paper,Premium Hardbound Notebook,West,Ahmedabad,2,855.0,0.05,495.0,UPI
ORD-11106,2025-09-22,CUST-1151,Vikas Singh 151,Furniture,Chairs,Ergonomic Office Chair,Central,Indore,3,21675.0,0.15,3675.0,Credit Card
ORD-11107,2024-02-24,CUST-1162,Tarun Choudhury 162,Furniture,Tables,Adjustable Standing Desk,South,Kochi,1,18000.0,0.0,4000.0,Net Banking
ORD-11108,2025-11-10,CUST-1043,Nisha Bhat 43,Apparel,Corporate Wear,Cotton Formal Shirt,East,Patna,2,2100.0,0.3,600.0,Credit Card
ORD-11109,2024-11-25,CUST-1135,Karan Joshi 135,Office Supplies,Binders,Heavy-Duty Ring Binder,East,Guwahati,1,224.0,0.2,104.0,Cash on Delivery
ORD-11110,2025-10-07,CUST-1116,Kavita Das 116,Furniture,Chairs,Mesh Executive Chair,East,Bhubaneswar,1,9600.0,0.2,100.0,Cash on Delivery
ORD-11111,2024-06-09,CUST-1240,Rahul Sharma 240,Office Supplies,Paper,A4 Multipurpose Copy Paper (Pack of 5),West,Mumbai,1,1200.0,0.0,500.0,Debit Card
ORD-11112,2025-03-31,CUST-1133,Suresh Nair 133,Office Supplies,Paper,A4 Multipurpose Copy Paper (Pack of 5),South,Bangalore,2,1200.0,0.5,-200.0,Debit Card
ORD-11113,2025-03-12,CUST-1116,Kavita Das 116,Office Supplies,Art,Highlighter & Marker Set,East,Guwahati,1,245.0,0.3,95.0,Debit Card
ORD-11114,2024-10-06,CUST-1046,Karan Joshi 46,Office Supplies,Art,Highlighter & Marker Set,South,Hyderabad,2,595.0,0.15,295.0,UPI
ORD-11115,2024-10-28,CUST-1132,Gaurav Tiwari 132,Apparel,Corporate Wear,Tailored Blazer,North,Jaipur,4,19200.0,0.0,8800.0,UPI
ORD-11116,2024-03-14,CUST-1093,Divya Agarwal 93,Technology,Accessories,Mechanical Keyboard,Central,Bhopal,1,2975.0,0.15,975.0,Debit Card
ORD-11117,2024-11-05,CUST-1197,Siddharth Jain 197,Furniture,Tables,Adjustable Standing Desk,South,Chennai,10,108000.0,0.4,-32000.0,Debit Card
ORD-11118,2024-01-09,CUST-1198,Aarti Kapoor 198,Furniture,Tables,Wooden Conference Table,West,Ahmedabad,3,60000.0,0.2,-3000.0,Net Banking
ORD-11119,2025-08-16,CUST-1194,Ananya Roy 194,Technology,Accessories,Wireless Mouse,East,Bhubaneswar,4,3040.0,0.05,1440.0,Credit Card
ORD-11120,2024-08-02,CUST-1122,Neha Gupta 122,Furniture,Chairs,Mesh Executive Chair,Central,Nagpur,3,25200.0,0.3,-3300.0,Net Banking
ORD-11121,2024-12-14,CUST-1081,Priya Patel 81,Furniture,Chairs,Ergonomic Office Chair,East,Guwahati,1,5950.0,0.3,-50.0,Cash on Delivery
ORD-11122,2024-01-31,CUST-1096,Deepak Rao 96,Technology,Phones,Bluetooth Wireless Earbuds,Central,Bhopal,1,2500.0,0.0,1300.0,Net Banking
ORD-11123,2025-11-05,CUST-1087,Alok Deshmukh 87,Furniture,Chairs,Mesh Executive Chair,East,Guwahati,2,19200.0,0.2,200.0,Cash on Delivery
ORD-11124,2024-10-19,CUST-1202,Suresh Nair 202,Technology,Accessories,Mechanical Keyboard,South,Chennai,8,23800.0,0.15,7800.0,Cash on Delivery
ORD-11125,2025-10-06,CUST-1234,Meera Sen 234,Apparel,Footwear,Leather Oxford Shoes,East,Guwahati,1,2560.0,0.2,860.0,UPI
ORD-11126,2025-07-01,CUST-1099,Deepak Rao 99,Furniture,Chairs,Ergonomic Office Chair,East,Kolkata,1,5950.0,0.3,-50.0,Debit Card
ORD-11127,2024-04-05,CUST-1044,Manish Malhotra 44,Technology,Phones,Smartphone Pro Max,Central,Bhopal,1,22500.0,0.5,-13500.0,Net Banking
ORD-11128,2024-01-28,CUST-1048,Rohan Mehta 48,Furniture,Chairs,Ergonomic Office Chair,North,Chandigarh,1,8075.0,0.05,2075.0,Debit Card
ORD-11129,2025-11-06,CUST-1117,Karan Joshi 117,Technology,Accessories,Mechanical Keyboard,West,Mumbai,1,2800.0,0.2,800.0,Net Banking
ORD-11130,2024-06-09,CUST-1029,Shweta Mishra,Technology,Phones,Bluetooth Wireless Earbuds,Central,Indore,2,5000.0,0.0,2600.0,Net Banking
ORD-11131,2024-07-30,CUST-1034,Divya Agarwal 34,Furniture,Chairs,Ergonomic Office Chair,West,Surat,3,17850.0,0.3,-150.0,Credit Card
ORD-11132,2025-09-10,CUST-1148,Bhavna Shah 148,Furniture,Tables,Wooden Conference Table,Central,Bhopal,2,35000.0,0.3,-7000.0,Debit Card
ORD-11133,2024-07-25,CUST-1002,Ananya Roy,Technology,Phones,Bluetooth Wireless Earbuds,East,Kolkata,3,3750.0,0.5,150.0,Credit Card
ORD-11134,2025-06-22,CUST-1085,Pooja Verma 85,Apparel,Footwear,Leather Oxford Shoes,East,Guwahati,2,6400.0,0.0,3000.0,UPI
ORD-11135,2024-10-21,CUST-1236,Rahul Sharma 236,Office Supplies,Art,Highlighter & Marker Set,West,Ahmedabad,1,350.0,0.0,200.0,Net Banking
ORD-11136,2024-09-12,CUST-1046,Karan Joshi 46,Office Supplies,Storage,Heavy Duty Arch File Box,East,Guwahati,4,2600.0,0.0,1200.0,Cash on Delivery
ORD-11137,2024-04-07,CUST-1101,Abhishek Saxena 101,Technology,Accessories,Mechanical Keyboard,South,Chennai,1,2100.0,0.4,100.0,Debit Card
ORD-11138,2025-11-13,CUST-1179,Abhishek Saxena 179,Furniture,Chairs,Ergonomic Office Chair,East,Guwahati,10,51000.0,0.4,-9000.0,UPI
ORD-11139,2025-01-12,CUST-1020,Amit Kumar,Technology,Phones,Smartphone Pro Max,Central,Indore,1,45000.0,0.0,9000.0,Debit Card
ORD-11140,2024-07-31,CUST-1130,Preeti Pandey 130,Technology,Accessories,Mechanical Keyboard,East,Kolkata,1,2450.0,0.3,450.0,Net Banking
ORD-11141,2024-12-17,CUST-1220,Shweta Mishra 220,Furniture,Chairs,Ergonomic Office Chair,East,Kolkata,1,8500.0,0.0,2500.0,Credit Card
ORD-11142,2024-11-30,CUST-1119,Shweta Mishra 119,Office Supplies,Binders,Heavy-Duty Ring Binder,East,Kolkata,1,266.0,0.05,146.0,Net Banking
ORD-11143,2024-05-23,CUST-1121,Siddharth Jain 121,Furniture,Tables,Adjustable Standing Desk,South,Chennai,3,27000.0,0.5,-15000.0,UPI
ORD-11144,2024-06-30,CUST-1076,Deepak Rao 76,Technology,Phones,Smartphone Pro Max,Central,Nagpur,1,45000.0,0.0,9000.0,UPI
ORD-11145,2025-11-12,CUST-1046,Karan Joshi 46,Furniture,Chairs,Ergonomic Office Chair,North,Noida,1,8500.0,0.0,2500.0,Cash on Delivery
ORD-11146,2025-10-18,CUST-1169,Rajesh Iyer 169,Technology,Phones,Smartphone Pro Max,East,Patna,1,22500.0,0.5,-13500.0,UPI
ORD-11147,2024-02-19,CUST-1198,Aarti Kapoor 198,Office Supplies,Paper,Premium Hardbound Notebook,South,Chennai,1,427.5,0.05,247.5,Credit Card
ORD-11148,2024-04-03,CUST-1005,Karan Joshi,Office Supplies,Storage,Heavy Duty Arch File Box,North,Delhi,1,617.5,0.05,267.5,UPI
ORD-11149,2024-08-13,CUST-1246,Gaurav Tiwari 246,Technology,Phones,Smartphone Pro Max,South,Chennai,1,27000.0,0.4,-9000.0,UPI
ORD-11150,2024-12-07,CUST-1160,Swati Kulkarni 160,Furniture,Chairs,Ergonomic Office Chair,Central,Indore,5,42500.0,0.0,12500.0,Credit Card
ORD-11151,2024-08-06,CUST-1028,Nisha Bhat,Office Supplies,Paper,A4 Multipurpose Copy Paper (Pack of 5),West,Pune,1,1020.0,0.15,320.0,UPI
ORD-11152,2025-02-02,CUST-1055,Deepak Rao 55,Office Supplies,Art,Highlighter & Marker Set,South,Bangalore,2,630.0,0.1,330.0,Cash on Delivery
ORD-11153,2025-01-12,CUST-1012,Ravi Pillai,Technology,Accessories,USB-C Multi-Port Hub,South,Kochi,1,900.0,0.5,0.0,Net Banking
ORD-11154,2024-04-14,CUST-1183,Kavita Das 183,Apparel,Corporate Wear,Tailored Blazer,Central,Bhopal,1,4800.0,0.0,2200.0,Cash on Delivery
ORD-11155,2024-11-28,CUST-1179,Abhishek Saxena 179,Office Supplies,Paper,Premium Hardbound Notebook,South,Hyderabad,1,382.5,0.15,202.5,Net Banking
ORD-11156,2024-03-10,CUST-1086,Amit Kumar 86,Technology,Accessories,Wireless Mouse,Central,Nagpur,1,480.0,0.4,80.0,Credit Card
ORD-11157,2025-05-30,CUST-1151,Vikas Singh 151,Technology,Accessories,Wireless Mouse,South,Bangalore,2,1600.0,0.0,800.0,Debit Card
ORD-11158,2024-08-30,CUST-1189,Siddharth Jain 189,Office Supplies,Storage,Heavy Duty Arch File Box,South,Bangalore,1,552.5,0.15,202.5,Net Banking
ORD-11159,2024-11-07,CUST-1165,Deepak Rao 165,Technology,Accessories,Mechanical Keyboard,South,Kochi,3,8925.0,0.15,2925.0,Credit Card
ORD-11160,2024-10-17,CUST-1203,Ananya Roy 203,Office Supplies,Storage,Heavy Duty Arch File Box,West,Mumbai,1,552.5,0.15,202.5,Debit Card
ORD-11161,2024-09-05,CUST-1053,Kavita Das 53,Apparel,Corporate Wear,Tailored Blazer,North,Lucknow,3,13680.0,0.05,5880.0,Cash on Delivery
ORD-11162,2025-01-25,CUST-1134,Kavita Das 134,Furniture,Bookcases,5-Tier Wooden Bookshelf,South,Kochi,2,13000.0,0.0,2600.0,Net Banking
ORD-11163,2024-03-12,CUST-1245,Preeti Pandey 245,Furniture,Chairs,Ergonomic Office Chair,North,Lucknow,5,42500.0,0.0,12500.0,UPI
ORD-11164,2024-06-26,CUST-1152,Karan Joshi 152,Apparel,Corporate Wear,Tailored Blazer,South,Chennai,2,7680.0,0.2,2480.0,Net Banking
ORD-11165,2024-10-08,CUST-1109,Shweta Mishra 109,Technology,Monitors,27-inch 4K Monitor,Central,Bhopal,1,11000.0,0.5,-6000.0,Net Banking
ORD-11166,2025-11-03,CUST-1244,Tarun Choudhury 244,Office Supplies,Paper,A4 Multipurpose Copy Paper (Pack of 5),East,Guwahati,1,840.0,0.3,140.0,Net Banking
ORD-11167,2025-06-01,CUST-1157,Siddharth Jain 157,Office Supplies,Storage,Heavy Duty Arch File Box,South,Kochi,1,520.0,0.2,170.0,Net Banking
ORD-11168,2024-03-26,CUST-1195,Abhishek Saxena 195,Furniture,Tables,Wooden Conference Table,Central,Nagpur,1,25000.0,0.0,4000.0,Debit Card
ORD-11169,2025-01-24,CUST-1119,Shweta Mishra 119,Furniture,Tables,Wooden Conference Table,East,Patna,1,12500.0,0.5,-8500.0,Net Banking
ORD-11170,2024-03-14,CUST-1086,Amit Kumar 86,Technology,Phones,Bluetooth Wireless Earbuds,East,Bhubaneswar,1,2375.0,0.05,1175.0,UPI
ORD-11171,2024-01-14,CUST-1221,Pooja Verma 221,Apparel,Corporate Wear,Cotton Formal Shirt,West,Surat,1,1200.0,0.2,450.0,Net Banking
ORD-11172,2025-01-17,CUST-1099,Deepak Rao 99,Office Supplies,Binders,Heavy-Duty Ring Binder,West,Mumbai,1,280.0,0.0,160.0,UPI
ORD-11173,2025-01-29,CUST-1239,Rajesh Iyer 239,Apparel,Footwear,Leather Oxford Shoes,South,Chennai,3,8640.0,0.1,3540.0,Debit Card
ORD-11174,2025-06-05,CUST-1182,Amit Kumar 182,Office Supplies,Binders,Heavy-Duty Ring Binder,West,Mumbai,2,448.0,0.2,208.0,Credit Card
ORD-11175,2024-09-05,CUST-1123,Abhishek Saxena 123,Technology,Accessories,Mechanical Keyboard,West,Mumbai,2,7000.0,0.0,3000.0,Debit Card
ORD-11176,2025-09-11,CUST-1117,Karan Joshi 117,Technology,Phones,Bluetooth Wireless Earbuds,West,Pune,2,5000.0,0.0,2600.0,UPI
ORD-11177,2024-04-29,CUST-1198,Aarti Kapoor 198,Technology,Accessories,USB-C Multi-Port Hub,East,Guwahati,3,5400.0,0.0,2700.0,Cash on Delivery
ORD-11178,2024-07-12,CUST-1225,Aditya Bose 225,Office Supplies,Storage,Heavy Duty Arch File Box,South,Kochi,1,585.0,0.1,235.0,Cash on Delivery
ORD-11179,2025-06-29,CUST-1169,Rajesh Iyer 169,Office Supplies,Paper,Premium Hardbound Notebook,Central,Indore,3,1350.0,0.0,810.0,UPI
ORD-11180,2025-10-13,CUST-1205,Manish Malhotra 205,Office Supplies,Paper,A4 Multipurpose Copy Paper (Pack of 5),South,Hyderabad,3,2880.0,0.2,780.0,Debit Card
ORD-11181,2024-01-07,CUST-1044,Manish Malhotra 44,Office Supplies,Binders,Heavy-Duty Ring Binder,North,Delhi,1,224.0,0.2,104.0,Cash on Delivery
ORD-11182,2025-03-02,CUST-1168,Meera Sen 168,Furniture,Tables,Wooden Conference Table,East,Bhubaneswar,1,25000.0,0.0,4000.0,Credit Card
ORD-11183,2024-07-21,CUST-1125,Preeti Pandey 125,Technology,Monitors,27-inch 4K Monitor,Central,Bhopal,2,41800.0,0.05,7800.0,Credit Card
ORD-11184,2024-07-24,CUST-1016,Swati Kulkarni,Technology,Monitors,27-inch 4K Monitor,South,Hyderabad,8,140800.0,0.2,4800.0,Net Banking
ORD-11185,2025-10-03,CUST-1028,Nisha Bhat,Technology,Monitors,27-inch 4K Monitor,North,Jaipur,1,22000.0,0.0,5000.0,Debit Card
ORD-11186,2024-03-06,CUST-1088,Neha Gupta 88,Technology,Accessories,Wireless Mouse,Central,Bhopal,2,1600.0,0.0,800.0,UPI
ORD-11187,2024-03-03,CUST-1069,Siddharth Jain 69,Technology,Accessories,Wireless Mouse,Central,Bhopal,1,480.0,0.4,80.0,UPI
ORD-11188,2025-01-19,CUST-1155,Ravi Pillai 155,Apparel,Corporate Wear,Cotton Formal Shirt,West,Surat,2,2550.0,0.15,1050.0,Cash on Delivery
ORD-11189,2025-03-15,CUST-1087,Alok Deshmukh 87,Office Supplies,Paper,A4 Multipurpose Copy Paper (Pack of 5),West,Ahmedabad,3,3060.0,0.15,960.0,Net Banking
ORD-11190,2025-01-22,CUST-1157,Siddharth Jain 157,Technology,Accessories,Mechanical Keyboard,West,Ahmedabad,3,10500.0,0.0,4500.0,Net Banking
ORD-11191,2025-12-16,CUST-1214,Aarti Kapoor 214,Technology,Phones,Bluetooth Wireless Earbuds,North,Noida,1,1500.0,0.4,300.0,Debit Card
ORD-11192,2025-12-17,CUST-1064,Siddharth Jain 64,Office Supplies,Paper,A4 Multipurpose Copy Paper (Pack of 5),East,Guwahati,2,2280.0,0.05,880.0,UPI
ORD-11193,2025-10-15,CUST-1209,Ravi Pillai 209,Furniture,Bookcases,5-Tier Wooden Bookshelf,North,Jaipur,4,22100.0,0.15,1300.0,Net Banking
ORD-11194,2024-08-27,CUST-1156,Siddharth Jain 156,Office Supplies,Binders,Heavy-Duty Ring Binder,East,Kolkata,1,196.0,0.3,76.0,UPI
ORD-11195,2025-01-29,CUST-1076,Deepak Rao 76,Furniture,Chairs,Ergonomic Office Chair,South,Bangalore,1,8500.0,0.0,2500.0,Debit Card
ORD-11196,2025-11-20,CUST-1224,Meera Sen 224,Office Supplies,Art,Highlighter & Marker Set,South,Kochi,5,1225.0,0.3,475.0,Cash on Delivery
ORD-11197,2024-09-03,CUST-1063,Divya Agarwal 63,Furniture,Chairs,Ergonomic Office Chair,South,Bangalore,1,8500.0,0.0,2500.0,Credit Card
ORD-11198,2024-11-30,CUST-1197,Siddharth Jain 197,Furniture,Tables,Adjustable Standing Desk,South,Hyderabad,2,36000.0,0.0,8000.0,Credit Card
ORD-11199,2025-07-01,CUST-1163,Swati Kulkarni 163,Office Supplies,Binders,Heavy-Duty Ring Binder,North,Jaipur,4,560.0,0.5,80.0,Cash on Delivery
ORD-11200,2024-03-07,CUST-1165,,Furniture,Bookcases,5-Tier Wooden Bookshelf,East,Guwahati,2,7800.0,0.4,-2600.0,Net Banking
ORD-11201,2024-08-26,CUST-1058,Aditya Bose 58,Furniture,Tables,Adjustable Standing Desk,North,Jaipur,1,18000.0,0.0,4000.0,Debit Card
ORD-11202,2025-08-29,CUST-1240,Rahul Sharma 240,Furniture,Chairs,Ergonomic Office Chair,North,Noida,1,7225.0,0.15,1225.0,Net Banking
ORD-11203,2025-08-13,CUST-1189,Siddharth Jain 189,Technology,Accessories,Wireless Mouse,West,Mumbai,2,1520.0,0.05,720.0,Net Banking
ORD-11204,2025-03-09,CUST-1082,Abhishek Saxena 82,Office Supplies,Paper,A4 Multipurpose Copy Paper (Pack of 5),South,Chennai,1,1200.0,0.0,500.0,Cash on Delivery
ORD-11205,2025-04-16,CUST-1081,Priya Patel 81,Technology,Phones,Bluetooth Wireless Earbuds,West,Pune,2,3500.0,0.3,1100.0,Credit Card
ORD-11206,2025-09-07,CUST-1073,Aditya Bose 73,Technology,Phones,Bluetooth Wireless Earbuds,North,Noida,1,1500.0,0.4,300.0,UPI
ORD-11207,2024-10-07,CUST-1181,Aditya Bose 181,Apparel,Footwear,Leather Oxford Shoes,East,Bhubaneswar,2,5120.0,0.2,1720.0,UPI
ORD-11208,2024-12-07,CUST-1218,Ananya Roy 218,Furniture,Chairs,Mesh Executive Chair,North,Lucknow,4,38400.0,0.2,400.0,Debit Card
ORD-11209,2025-11-06,CUST-1041,Gaurav Tiwari 41,Technology,Accessories,Wireless Mouse,Central,Indore,1,560.0,0.3,160.0,Debit Card
ORD-11210,2025-02-04,CUST-1101,Abhishek Saxena 101,Technology,Accessories,USB-C Multi-Port Hub,Central,Nagpur,1,1710.0,0.05,810.0,Cash on Delivery
ORD-11211,2025-02-07,CUST-1025,Rahul Sharma,Technology,Phones,Bluetooth Wireless Earbuds,West,Mumbai,3,6750.0,0.1,3150.0,Net Banking
ORD-11212,2025-10-15,CUST-1179,Abhishek Saxena 179,Office Supplies,Binders,Heavy-Duty Ring Binder,West,Pune,1,266.0,0.05,146.0,UPI
ORD-11213,2025-01-05,CUST-1186,Divya Agarwal 186,Apparel,Footwear,Leather Oxford Shoes,North,Lucknow,1,2560.0,0.2,860.0,Credit Card
ORD-11214,2024-02-27,CUST-1025,Rahul Sharma,Office Supplies,Paper,A4 Multipurpose Copy Paper (Pack of 5),East,Bhubaneswar,5,6000.0,0.0,2500.0,Cash on Delivery
ORD-11215,2025-11-05,CUST-1161,Manish Malhotra 161,Office Supplies,Paper,Premium Hardbound Notebook,South,Bangalore,1,360.0,0.2,180.0,Net Banking
ORD-11216,2024-11-05,CUST-1245,Preeti Pandey 245,Technology,Monitors,27-inch 4K Monitor,East,Kolkata,3,52800.0,0.2,1800.0,Debit Card
ORD-11217,2025-10-09,CUST-1095,Preeti Pandey 95,Technology,Accessories,Wireless Mouse,North,Delhi,1,560.0,0.3,160.0,Cash on Delivery
ORD-11218,2024-08-18,CUST-1006,Neha Gupta,Apparel,Footwear,Leather Oxford Shoes,Central,Nagpur,2,6400.0,0.0,3000.0,Cash on Delivery
ORD-11219,2024-07-04,CUST-1099,Deepak Rao 99,Office Supplies,Binders,Heavy-Duty Ring Binder,East,Patna,2,560.0,0.0,320.0,Debit Card
ORD-11220,2024-03-06,CUST-1183,Kavita Das 183,Apparel,Corporate Wear,Tailored Blazer,South,Kochi,3,14400.0,0.0,6600.0,Net Banking
ORD-11221,2025-07-23,CUST-1210,Tarun Choudhury 210,Apparel,Corporate Wear,Tailored Blazer,Central,Indore,1,2400.0,0.5,-200.0,Cash on Delivery
ORD-11222,2025-12-31,CUST-1167,Vikas Singh 167,Technology,Phones,Smartphone Pro Max,South,Bangalore,1,22500.0,0.5,-13500.0,Credit Card
ORD-11223,2024-01-06,CUST-1143,Rohan Mehta 143,Office Supplies,Art,Highlighter & Marker Set,West,Mumbai,1,175.0,0.5,25.0,Credit Card
ORD-11224,2025-12-09,CUST-1218,Ananya Roy 218,Technology,Accessories,Mechanical Keyboard,North,Delhi,2,5950.0,0.15,1950.0,Cash on Delivery
ORD-11225,2024-06-24,CUST-1109,Shweta Mishra 109,Technology,Accessories,Wireless Mouse,South,Hyderabad,1,480.0,0.4,80.0,Debit Card
ORD-11226,2025-11-05,CUST-1036,Karan Joshi 36,Apparel,Footwear,Leather Oxford Shoes,East,Patna,2,5440.0,0.15,2040.0,Cash on Delivery
ORD-11227,2025-07-05,CUST-1131,Priya Patel 131,Furniture,Chairs,Ergonomic Office Chair,North,Delhi,1,8075.0,0.05,2075.0,Credit Card
ORD-11228,2024-11-02,CUST-1056,Alok Deshmukh 56,Technology,Phones,Bluetooth Wireless Earbuds,Central,Nagpur,1,2125.0,0.15,925.0,Debit Card
ORD-11229,2024-05-11,CUST-1187,Meera Sen 187,Office Supplies,Storage,Heavy Duty Arch File Box,North,Noida,1,520.0,0.2,170.0,Credit Card
ORD-11230,2025-02-13,CUST-1117,Karan Joshi 117,Technology,Accessories,USB-C Multi-Port Hub,West,Surat,5,9000.0,0.0,4500.0,Cash on Delivery
ORD-11231,2024-07-27,CUST-1019,Rahul Sharma,Furniture,Tables,Adjustable Standing Desk,South,Hyderabad,2,21600.0,0.4,-6400.0,Cash on Delivery
ORD-11232,2024-06-16,CUST-1108,Aditya Bose 108,Technology,Phones,Bluetooth Wireless Earbuds,West,Surat,1,1250.0,0.5,50.0,Credit Card
ORD-11233,2024-03-20,CUST-1070,Pooja Verma 70,Technology,Phones,Smartphone Pro Max,Central,Bhopal,2,72000.0,0.2,0.0,UPI
ORD-11234,2024-12-03,CUST-1093,Divya Agarwal 93,Furniture,Bookcases,5-Tier Wooden Bookshelf,West,Pune,4,24700.0,0.05,3900.0,Debit Card
ORD-11235,2024-01-11,CUST-1026,Siddharth Jain,Office Supplies,Paper,Premium Hardbound Notebook,South,Kochi,5,2250.0,0.0,1350.0,Credit Card
ORD-11236,2025-06-23,CUST-1187,Meera Sen 187,Furniture,Tables,Wooden Conference Table,Central,Indore,1,21250.0,0.15,250.0,Cash on Delivery
ORD-11237,2024-10-15,CUST-1156,Siddharth Jain 156,Technology,Phones,Smartphone Pro Max,North,Lucknow,1,36000.0,0.2,0.0,Credit Card
ORD-11238,2024-12-19,CUST-1174,Ananya Roy 174,Apparel,Corporate Wear,Tailored Blazer,Central,Nagpur,4,15360.0,0.2,4960.0,Net Banking
ORD-11239,2025-08-29,CUST-1033,Neha Gupta 33,Furniture,Tables,Adjustable Standing Desk,North,Noida,3,54000.0,0.0,12000.0,Credit Card
ORD-11240,2025-01-22,CUST-1146,Kavita Das 146,Furniture,Tables,Adjustable Standing Desk,North,Jaipur,3,51300.0,0.05,9300.0,Cash on Delivery
ORD-11241,2025-03-04,CUST-1181,Aditya Bose 181,Office Supplies,Art,Highlighter & Marker Set,South,Kochi,8,1960.0,0.3,760.0,Cash on Delivery
ORD-11242,2024-11-17,CUST-1242,Bhavna Shah 242,Furniture,Chairs,Mesh Executive Chair,West,Mumbai,5,48000.0,0.2,500.0,Debit Card
ORD-11243,2024-04-02,CUST-1163,Swati Kulkarni 163,Technology,Accessories,USB-C Multi-Port Hub,North,Lucknow,5,9000.0,0.0,4500.0,Cash on Delivery
ORD-11244,2024-02-28,CUST-1022,Neha Gupta,Furniture,Tables,Wooden Conference Table,Central,Indore,3,75000.0,0.0,12000.0,Net Banking
ORD-11245,2025-11-24,CUST-1188,Karan Joshi 188,Technology,Phones,Bluetooth Wireless Earbuds,East,Guwahati,2,3000.0,0.4,600.0,UPI
ORD-11246,2025-02-19,CUST-1004,Ravi Pillai,Furniture,Chairs,Ergonomic Office Chair,North,Chandigarh,3,21675.0,0.15,3675.0,Credit Card
ORD-11247,2025-11-08,CUST-1211,Ravi Pillai 211,Apparel,Corporate Wear,Cotton Formal Shirt,Central,Bhopal,2,3000.0,0.0,1500.0,Cash on Delivery
ORD-11248,2024-08-18,CUST-1045,Suresh Nair 45,Technology,Accessories,USB-C Multi-Port Hub,West,Pune,2,3600.0,0.0,1800.0,Net Banking
ORD-11249,2025-05-22,CUST-1098,Deepak Rao 98,Technology,Monitors,27-inch 4K Monitor,West,Mumbai,1,20900.0,0.05,3900.0,Cash on Delivery
ORD-11250,2024-04-30,CUST-1075,Alok Deshmukh 75,Furniture,Tables,Wooden Conference Table,East,Patna,1,25000.0,0.0,4000.0,Cash on Delivery
ORD-11251,2025-02-07,CUST-1056,Alok Deshmukh 56,Furniture,Tables,Wooden Conference Table,Central,Bhopal,5,62500.0,0.5,-42500.0,Net Banking
ORD-11252,2024-02-28,CUST-1092,Karan Joshi 92,Technology,Accessories,Wireless Mouse,Central,Indore,1,680.0,0.15,280.0,UPI
ORD-11253,2024-01-06,CUST-1090,Ananya Roy 90,Technology,Monitors,27-inch 4K Monitor,East,Patna,1,17600.0,0.2,600.0,Net Banking
ORD-11254,2024-07-21,CUST-1022,Neha Gupta,Apparel,Corporate Wear,Cotton Formal Shirt,Central,Bhopal,1,1050.0,0.3,300.0,UPI
ORD-11255,2024-06-08,CUST-1197,Siddharth Jain 197,Furniture,Tables,Adjustable Standing Desk,South,Kochi,1,16200.0,0.1,2200.0,Debit Card
ORD-11256,2025-03-14,CUST-1229,Aarti Kapoor 229,Technology,Monitors,27-inch 4K Monitor,Central,Indore,1,15400.0,0.3,-1600.0,Net Banking
ORD-11257,2024-06-14,CUST-1036,Karan Joshi 36,Office Supplies,Paper,A4 Multipurpose Copy Paper (Pack of 5),East,Kolkata,1,1140.0,0.05,440.0,UPI
ORD-11258,2024-07-13,CUST-1073,Aditya Bose 73,Technology,Accessories,Mechanical Keyboard,South,Kochi,1,2975.0,0.15,975.0,UPI
ORD-11259,2024-06-13,CUST-1171,Aarti Kapoor 171,Furniture,Chairs,Ergonomic Office Chair,East,Patna,1,5950.0,0.3,-50.0,Cash on Delivery
ORD-11260,2025-05-22,CUST-1205,Manish Malhotra 205,Technology,Phones,Bluetooth Wireless Earbuds,West,Surat,2,4000.0,0.2,1600.0,Credit Card
ORD-11261,2024-04-22,CUST-1246,Gaurav Tiwari 246,Technology,Phones,Smartphone Pro Max,North,Lucknow,1,27000.0,0.4,-9000.0,UPI
ORD-11262,2025-12-27,CUST-1088,Neha Gupta 88,Office Supplies,Storage,Heavy Duty Arch File Box,Central,Nagpur,1,455.0,0.3,105.0,Debit Card
ORD-11263,2024-10-15,CUST-1195,Abhishek Saxena 195,Office Supplies,Storage,Heavy Duty Arch File Box,South,Chennai,3,1950.0,0.0,900.0,Credit Card
ORD-11264,2024-10-14,CUST-1222,Preeti Pandey 222,Furniture,Tables,Adjustable Standing Desk,South,Kochi,1,18000.0,0.0,4000.0,Cash on Delivery
ORD-11265,2025-09-17,CUST-1047,Vikas Singh 47,Furniture,Chairs,Ergonomic Office Chair,Central,Nagpur,2,16150.0,0.05,4150.0,UPI
ORD-11266,2024-05-15,CUST-1103,Nisha Bhat 103,Technology,Accessories,Mechanical Keyboard,West,Pune,4,11200.0,0.2,3200.0,UPI
ORD-11267,2025-09-23,CUST-1052,Amit Kumar 52,Technology,Accessories,USB-C Multi-Port Hub,North,Chandigarh,1,1620.0,0.1,720.0,Credit Card
ORD-11268,2024-08-15,CUST-1087,Alok Deshmukh 87,Office Supplies,Storage,Heavy Duty Arch File Box,East,Kolkata,2,1300.0,0.0,600.0,Debit Card
ORD-11269,2024-04-22,CUST-1069,Siddharth Jain 69,Office Supplies,Paper,A4 Multipurpose Copy Paper (Pack of 5),West,Ahmedabad,3,3420.0,0.05,1320.0,Debit Card
ORD-11270,2024-02-18,CUST-1047,Vikas Singh 47,Technology,Accessories,Mechanical Keyboard,North,Delhi,2,5950.0,0.15,1950.0,Credit Card
ORD-11271,2024-10-19,CUST-1233,Bhavna Shah 233,Technology,Phones,Smartphone Pro Max,East,Bhubaneswar,1,31500.0,0.3,-4500.0,Debit Card
ORD-11272,2024-10-22,CUST-1004,Ravi Pillai,Apparel,Corporate Wear,Tailored Blazer,South,Hyderabad,1,4080.0,0.15,1480.0,Cash on Delivery
ORD-11273,2025-06-25,CUST-1155,Ravi Pillai 155,Office Supplies,Paper,A4 Multipurpose Copy Paper (Pack of 5),South,Hyderabad,1,960.0,0.2,260.0,UPI
ORD-11274,2024-04-18,CUST-1034,Divya Agarwal 34,Technology,Phones,Smartphone Pro Max,North,Noida,5,213750.0,0.05,33750.0,Credit Card
ORD-11275,2025-12-22,CUST-1026,Siddharth Jain,Technology,Accessories,USB-C Multi-Port Hub,Central,Nagpur,1,1260.0,0.3,360.0,Credit Card
ORD-11276,2025-06-30,CUST-1185,Aditya Bose 185,Technology,Phones,Bluetooth Wireless Earbuds,North,Lucknow,1,1500.0,0.4,300.0,Debit Card
ORD-11277,2025-07-27,CUST-1250,Neha Gupta 250,Office Supplies,Paper,A4 Multipurpose Copy Paper (Pack of 5),West,Surat,2,2400.0,0.0,1000.0,Net Banking
ORD-11278,2024-03-10,CUST-1124,Suresh Nair 124,Office Supplies,Storage,Heavy Duty Arch File Box,Central,Nagpur,3,1950.0,0.0,900.0,Cash on Delivery
ORD-11279,2024-10-07,CUST-1034,Divya Agarwal 34,Furniture,Tables,Wooden Conference Table,North,Noida,1,23750.0,0.05,2750.0,Net Banking
ORD-11280,2025-05-21,CUST-1176,Shweta Mishra 176,Apparel,Corporate Wear,Tailored Blazer,Central,Bhopal,1,2880.0,0.4,280.0,Net Banking
ORD-11281,2025-07-29,CUST-1200,Aarti Kapoor 200,Office Supplies,Paper,Premium Hardbound Notebook,East,Patna,1,450.0,0.0,270.0,Credit Card
ORD-11282,2025-08-08,CUST-1056,Alok Deshmukh 56,Apparel,Footwear,Leather Oxford Shoes,North,Noida,2,3840.0,0.4,440.0,Debit Card
ORD-11283,2024-11-06,CUST-1076,Deepak Rao 76,Furniture,Tables,Adjustable Standing Desk,Central,Bhopal,1,18000.0,0.0,4000.0,Cash on Delivery
ORD-11284,2024-08-31,CUST-1075,Alok Deshmukh 75,Technology,Accessories,Mechanical Keyboard,South,Hyderabad,4,12600.0,0.1,4600.0,UPI
ORD-11285,2025-10-19,CUST-1211,Ravi Pillai 211,Furniture,Chairs,Ergonomic Office Chair,Central,Bhopal,1,7225.0,0.15,1225.0,Cash on Delivery
ORD-11286,2025-01-12,CUST-1084,Aarti Kapoor 84,Technology,Accessories,USB-C Multi-Port Hub,Central,Indore,3,4320.0,0.2,1620.0,Cash on Delivery
ORD-11287,2024-10-21,CUST-1209,Ravi Pillai 209,Technology,Accessories,Wireless Mouse,West,Pune,3,2160.0,0.1,960.0,Credit Card
ORD-11288,2024-09-19,CUST-1249,Priya Patel 249,Technology,Accessories,Wireless Mouse,Central,Nagpur,8,3200.0,0.5,0.0,UPI
ORD-11289,2025-12-05,CUST-1168,Meera Sen 168,Furniture,Tables,Adjustable Standing Desk,Central,Nagpur,1,12600.0,0.3,-1400.0,Credit Card
ORD-11290,2024-12-21,CUST-1207,Divya Agarwal 207,Office Supplies,Paper,Premium Hardbound Notebook,South,Kochi,1,360.0,0.2,180.0,Debit Card
ORD-11291,2024-05-31,CUST-1231,Siddharth Jain 231,Office Supplies,Binders,Heavy-Duty Ring Binder,North,Chandigarh,1,280.0,0.0,160.0,Credit Card
ORD-11292,2024-07-12,CUST-1146,Kavita Das 146,Office Supplies,Binders,Heavy-Duty Ring Binder,South,Hyderabad,1,280.0,0.0,160.0,Credit Card
ORD-11293,2025-02-07,CUST-1176,Shweta Mishra 176,Furniture,Chairs,Ergonomic Office Chair,North,Lucknow,1,8075.0,0.05,2075.0,Net Banking
ORD-11294,2025-10-22,CUST-1026,Siddharth Jain,Apparel,Corporate Wear,Cotton Formal Shirt,South,Bangalore,2,2400.0,0.2,900.0,Net Banking
ORD-11295,2024-01-22,CUST-1029,Shweta Mishra,Technology,Accessories,Wireless Mouse,North,Lucknow,1,800.0,0.0,400.0,Debit Card
ORD-11296,2024-05-26,CUST-1241,Ananya Roy 241,Technology,Accessories,Wireless Mouse,North,Delhi,2,1360.0,0.15,560.0,UPI
ORD-11297,2024-07-26,CUST-1036,Karan Joshi 36,Office Supplies,Binders,Heavy-Duty Ring Binder,Central,Indore,3,756.0,0.1,396.0,Debit Card
ORD-11298,2025-05-05,CUST-1040,Aarti Kapoor 40,Furniture,Chairs,Mesh Executive Chair,North,Noida,2,14400.0,0.4,-4600.0,UPI
ORD-11299,2024-01-22,CUST-1212,Karan Joshi 212,Technology,Accessories,Mechanical Keyboard,North,Noida,1,2100.0,0.4,100.0,Net Banking
ORD-11300,2024-05-25,CUST-1001,Shweta Mishra,Furniture,Chairs,Mesh Executive Chair,North,Lucknow,1,12000.0,0.0,2500.0,Debit Card
ORD-11301,2025-12-13,CUST-1176,Shweta Mishra 176,Technology,Phones,Smartphone Pro Max,East,Bhubaneswar,10,427500.0,0.05,67500.0,UPI
ORD-11302,2024-10-15,CUST-1158,Karan Joshi 158,Furniture,Bookcases,5-Tier Wooden Bookshelf,North,Jaipur,4,26000.0,0.0,5200.0,UPI
ORD-11303,2025-09-11,CUST-1039,Rahul Sharma 39,Technology,Monitors,27-inch 4K Monitor,East,Patna,2,35200.0,0.2,1200.0,Credit Card
ORD-11304,2025-11-14,CUST-1160,Swati Kulkarni 160,Furniture,Tables,Wooden Conference Table,West,Mumbai,1,17500.0,0.3,-3500.0,Debit Card
ORD-11305,2024-09-28,CUST-1208,Rahul Sharma 208,Technology,Accessories,USB-C Multi-Port Hub,North,Lucknow,3,5400.0,0.0,2700.0,Debit Card
ORD-11306,2024-05-31,CUST-1100,Rohan Mehta 100,Office Supplies,Art,Highlighter & Marker Set,East,Kolkata,1,280.0,0.2,130.0,Debit Card
ORD-11307,2024-05-28,CUST-1024,Aditya Bose,Furniture,Bookcases,5-Tier Wooden Bookshelf,South,Chennai,3,16575.0,0.15,975.0,Debit Card
ORD-11308,2025-05-21,CUST-1109,Shweta Mishra 109,Office Supplies,Binders,Heavy-Duty Ring Binder,East,Patna,1,266.0,0.05,146.0,Net Banking
ORD-11309,2025-03-04,CUST-1141,Nisha Bhat 141,Office Supplies,Binders,Heavy-Duty Ring Binder,Central,Nagpur,2,336.0,0.4,96.0,Credit Card
ORD-11310,2025-01-28,CUST-1022,Neha Gupta,Apparel,Footwear,Leather Oxford Shoes,East,Bhubaneswar,3,9120.0,0.05,4020.0,Debit Card
ORD-11311,2024-01-03,CUST-1053,Kavita Das 53,Technology,Accessories,Wireless Mouse,West,Surat,5,4000.0,0.0,2000.0,UPI
ORD-11312,2024-12-23,CUST-1218,Ananya Roy 218,Technology,Phones,Bluetooth Wireless Earbuds,West,Surat,1,1500.0,0.4,300.0,Net Banking
ORD-11313,2024-09-05,CUST-1054,Ananya Roy 54,Furniture,Chairs,Mesh Executive Chair,North,Lucknow,1,12000.0,0.0,2500.0,Net Banking
ORD-11314,2024-01-27,CUST-1179,Abhishek Saxena 179,Office Supplies,Storage,Heavy Duty Arch File Box,West,Mumbai,3,975.0,0.5,-75.0,UPI
ORD-11315,2025-05-03,CUST-1215,Sneha Reddy 215,Technology,Monitors,27-inch 4K Monitor,North,Lucknow,1,22000.0,0.0,5000.0,Credit Card
ORD-11316,2024-03-19,CUST-1004,Ravi Pillai,Apparel,Footwear,Leather Oxford Shoes,East,Bhubaneswar,3,6720.0,0.3,1620.0,Credit Card
ORD-11317,2025-06-24,CUST-1179,Abhishek Saxena 179,Furniture,Tables,Wooden Conference Table,East,Guwahati,3,52500.0,0.3,-10500.0,UPI
ORD-11318,2024-10-21,CUST-1009,Ravi Pillai,Technology,Monitors,27-inch 4K Monitor,Central,Bhopal,1,17600.0,0.2,600.0,Net Banking
ORD-11319,2025-07-21,CUST-1183,Kavita Das 183,Furniture,Tables,Adjustable Standing Desk,Central,Nagpur,1,17100.0,0.05,3100.0,Net Banking
ORD-11320,2024-06-09,CUST-1070,Pooja Verma 70,Technology,Accessories,USB-C Multi-Port Hub,Central,Indore,8,14400.0,0.0,7200.0,Credit Card
ORD-11321,2025-02-14,CUST-1159,Ravi Pillai 159,Technology,Accessories,Mechanical Keyboard,South,Kochi,1,2100.0,0.4,100.0,Cash on Delivery
ORD-11322,2024-03-20,CUST-1210,Tarun Choudhury 210,Office Supplies,Art,Highlighter & Marker Set,East,Patna,2,560.0,0.2,260.0,Net Banking
ORD-11323,2024-06-17,CUST-1014,Siddharth Jain,Office Supplies,Paper,A4 Multipurpose Copy Paper (Pack of 5),East,Bhubaneswar,1,1200.0,0.0,500.0,UPI
ORD-11324,2025-01-06,CUST-1155,Ravi Pillai 155,Furniture,Bookcases,5-Tier Wooden Bookshelf,North,Lucknow,1,3900.0,0.4,-1300.0,UPI
ORD-11325,2024-03-07,CUST-1055,Deepak Rao 55,Technology,Accessories,Wireless Mouse,West,Pune,2,1600.0,0.0,800.0,Credit Card
ORD-11326,2024-12-19,CUST-1012,Ravi Pillai,Apparel,Footwear,Leather Oxford Shoes,East,Kolkata,1,3200.0,0.0,1500.0,Debit Card
ORD-11327,2024-01-09,CUST-1092,Karan Joshi 92,Furniture,Tables,Wooden Conference Table,East,Bhubaneswar,1,20000.0,0.2,-1000.0,Debit Card
ORD-11328,2024-05-12,CUST-1180,Manish Malhotra 180,Technology,Phones,Smartphone Pro Max,West,Surat,4,108000.0,0.4,-36000.0,UPI
ORD-11329,2025-05-29,CUST-1207,Divya Agarwal 207,Technology,Phones,Bluetooth Wireless Earbuds,North,Noida,3,5250.0,0.3,1650.0,Cash on Delivery
ORD-11330,2024-02-08,CUST-1075,Alok Deshmukh 75,Technology,Monitors,27-inch 4K Monitor,South,Kochi,1,22000.0,0.0,5000.0,Credit Card
ORD-11331,2024-08-08,CUST-1207,Divya Agarwal 207,Technology,Phones,Bluetooth Wireless Earbuds,South,Hyderabad,1,2500.0,0.0,1300.0,Debit Card
ORD-11332,2024-10-24,CUST-1220,Shweta Mishra 220,Office Supplies,Storage,Heavy Duty Arch File Box,North,Chandigarh,1,325.0,0.5,-25.0,Cash on Delivery
ORD-11333,2024-03-17,CUST-1246,Gaurav Tiwari 246,Technology,Phones,Bluetooth Wireless Earbuds,Central,Nagpur,10,25000.0,0.0,13000.0,UPI
ORD-11334,2024-05-26,CUST-1197,Siddharth Jain 197,Furniture,Tables,Wooden Conference Table,Central,Bhopal,2,35000.0,0.3,-7000.0,Debit Card
ORD-11335,2024-06-22,CUST-1240,Rahul Sharma 240,Furniture,Tables,Wooden Conference Table,South,Bangalore,1,21250.0,0.15,250.0,Debit Card
ORD-11336,2024-04-01,CUST-1019,Rahul Sharma,Technology,Monitors,27-inch 4K Monitor,East,Patna,8,158400.0,0.1,22400.0,Net Banking
ORD-11337,2025-10-27,CUST-1241,Ananya Roy 241,Technology,Phones,Smartphone Pro Max,Central,Indore,1,40500.0,0.1,4500.0,Net Banking
ORD-11338,2025-02-22,CUST-1220,Shweta Mishra 220,Technology,Phones,Bluetooth Wireless Earbuds,East,Patna,2,2500.0,0.5,100.0,Debit Card
ORD-11339,2025-01-17,CUST-1022,Neha Gupta,Office Supplies,Storage,Heavy Duty Arch File Box,Central,Indore,1,650.0,0.0,300.0,Cash on Delivery
ORD-11340,2025-10-23,CUST-1211,Ravi Pillai 211,Apparel,Corporate Wear,Tailored Blazer,North,Lucknow,4,17280.0,0.1,6880.0,Net Banking
ORD-11341,2024-06-11,CUST-1146,Kavita Das 146,Office Supplies,Paper,Premium Hardbound Notebook,North,Lucknow,1,315.0,0.3,135.0,UPI
ORD-11342,2024-12-23,CUST-1165,Deepak Rao 165,Apparel,Corporate Wear,Tailored Blazer,East,Kolkata,1,4800.0,0.0,2200.0,Net Banking
ORD-11343,2025-03-19,CUST-1052,Amit Kumar 52,Office Supplies,Paper,Premium Hardbound Notebook,West,Mumbai,1,225.0,0.5,45.0,Net Banking
ORD-11344,2024-08-05,CUST-1180,Manish Malhotra 180,Office Supplies,Binders,Heavy-Duty Ring Binder,North,Jaipur,2,336.0,0.4,96.0,Credit Card
ORD-11345,2025-04-26,CUST-1038,Alok Deshmukh 38,Furniture,Chairs,Ergonomic Office Chair,West,Mumbai,8,54400.0,0.2,6400.0,UPI
ORD-11346,2025-01-05,CUST-1203,Ananya Roy 203,Office Supplies,Storage,Heavy Duty Arch File Box,East,Bhubaneswar,1,650.0,0.0,300.0,Net Banking
ORD-11347,2024-10-03,CUST-1037,Gaurav Tiwari 37,Technology,Accessories,USB-C Multi-Port Hub,West,Surat,1,1260.0,0.3,360.0,Net Banking
ORD-11348,2025-06-21,CUST-1055,Deepak Rao 55,Furniture,Tables,Adjustable Standing Desk,South,Bangalore,1,14400.0,0.2,400.0,Debit Card
ORD-11349,2024-11-14,CUST-1124,Suresh Nair 124,Office Supplies,Binders,Heavy-Duty Ring Binder,Central,Nagpur,3,672.0,0.2,312.0,Debit Card
ORD-11350,2025-12-10,CUST-1211,Ravi Pillai 211,Technology,Accessories,Wireless Mouse,Central,Nagpur,1,400.0,0.5,0.0,Cash on Delivery
ORD-11351,2024-05-28,CUST-1083,Neha Gupta 83,Furniture,Bookcases,5-Tier Wooden Bookshelf,North,Lucknow,4,26000.0,0.0,5200.0,Net Banking
ORD-11352,2024-12-14,CUST-1068,Amit Kumar 68,Apparel,Corporate Wear,Cotton Formal Shirt,North,Chandigarh,5,7500.0,0.0,3750.0,Net Banking
ORD-11353,2025-10-16,CUST-1025,Rahul Sharma,Technology,Accessories,Mechanical Keyboard,South,Chennai,1,2100.0,0.4,100.0,Credit Card
ORD-11354,2025-09-07,CUST-1097,Sneha Reddy 97,Furniture,Chairs,Ergonomic Office Chair,West,Pune,5,21250.0,0.5,-8750.0,UPI
ORD-11355,2025-01-14,CUST-1209,Ravi Pillai 209,Office Supplies,Paper,A4 Multipurpose Copy Paper (Pack of 5),North,Jaipur,4,2880.0,0.4,80.0,UPI
ORD-11356,2025-12-17,CUST-1117,Karan Joshi 117,Office Supplies,Storage,Heavy Duty Arch File Box,East,Patna,1,390.0,0.4,40.0,Net Banking
ORD-11357,2025-06-19,CUST-1250,Neha Gupta 250,Furniture,Bookcases,5-Tier Wooden Bookshelf,North,Lucknow,2,11050.0,0.15,650.0,Credit Card
ORD-11358,2025-07-20,CUST-1153,Vikas Singh 153,Technology,Monitors,27-inch 4K Monitor,Central,Indore,1,17600.0,0.2,600.0,Debit Card
ORD-11359,2025-12-19,CUST-1237,Aditya Bose 237,Technology,Phones,Smartphone Pro Max,North,Delhi,1,45000.0,0.0,9000.0,Cash on Delivery
ORD-11360,2025-02-25,CUST-1027,Rohan Mehta,Office Supplies,Binders,Heavy-Duty Ring Binder,Central,Nagpur,1,196.0,0.3,76.0,Cash on Delivery
ORD-11361,2025-08-18,CUST-1207,Divya Agarwal 207,Technology,Accessories,Mechanical Keyboard,West,Surat,1,2450.0,0.3,450.0,Cash on Delivery
ORD-11362,2025-01-25,CUST-1030,Nisha Bhat,Furniture,Chairs,Ergonomic Office Chair,East,Kolkata,1,5950.0,0.3,-50.0,Net Banking
ORD-11363,2025-10-22,CUST-1190,Alok Deshmukh 190,Office Supplies,Paper,Premium Hardbound Notebook,North,Jaipur,3,810.0,0.4,270.0,Debit Card
ORD-11364,2024-10-01,CUST-1068,Amit Kumar 68,Furniture,Tables,Wooden Conference Table,East,Bhubaneswar,1,20000.0,0.2,-1000.0,UPI
ORD-11365,2024-01-16,CUST-1007,Neha Gupta,Technology,Phones,Bluetooth Wireless Earbuds,West,Ahmedabad,1,1250.0,0.5,50.0,Net Banking
ORD-11366,2024-09-04,CUST-1143,Rohan Mehta 143,Office Supplies,Paper,Premium Hardbound Notebook,South,Kochi,3,675.0,0.5,135.0,Net Banking
ORD-11367,2024-05-11,CUST-1241,Ananya Roy 241,Office Supplies,Paper,Premium Hardbound Notebook,South,Kochi,4,1080.0,0.4,360.0,Credit Card
ORD-11368,2025-03-23,CUST-1060,Gaurav Tiwari 60,Technology,Phones,Smartphone Pro Max,South,Bangalore,2,72000.0,0.2,0.0,Debit Card
ORD-11369,2025-07-20,CUST-1041,Gaurav Tiwari 41,Furniture,Bookcases,5-Tier Wooden Bookshelf,South,Bangalore,1,5200.0,0.2,0.0,UPI
ORD-11370,2025-10-05,CUST-1040,Aarti Kapoor 40,Technology,Accessories,Wireless Mouse,Central,Nagpur,2,1600.0,0.0,800.0,Cash on Delivery
ORD-11371,2025-01-26,CUST-1007,Neha Gupta,Technology,Phones,Bluetooth Wireless Earbuds,East,Patna,1,2375.0,0.05,1175.0,Debit Card
ORD-11372,2024-07-17,CUST-1138,Bhavna Shah 138,Furniture,Chairs,Mesh Executive Chair,East,Patna,2,21600.0,0.1,2600.0,UPI
ORD-11373,2024-05-27,CUST-1161,Manish Malhotra 161,Technology,Accessories,Wireless Mouse,Central,Bhopal,1,400.0,0.5,0.0,UPI
ORD-11374,2024-04-19,CUST-1037,Gaurav Tiwari 37,Furniture,Tables,Wooden Conference Table,West,Pune,1,17500.0,0.3,-3500.0,Debit Card
ORD-11375,2024-07-31,CUST-1101,Abhishek Saxena 101,Technology,Phones,Smartphone Pro Max,East,Kolkata,1,31500.0,0.3,-4500.0,UPI
ORD-11376,2024-08-03,CUST-1176,Shweta Mishra 176,Office Supplies,Storage,Heavy Duty Arch File Box,East,Patna,2,910.0,0.3,210.0,Credit Card
ORD-11377,2024-07-03,CUST-1077,Swati Kulkarni 77,Technology,Accessories,Wireless Mouse,South,Bangalore,1,680.0,0.15,280.0,Debit Card
ORD-11378,2025-05-10,CUST-1158,Karan Joshi 158,Apparel,Corporate Wear,Tailored Blazer,North,Lucknow,2,8640.0,0.1,3440.0,UPI
ORD-11379,2024-07-16,CUST-1156,Siddharth Jain 156,Technology,Accessories,Wireless Mouse,Central,Bhopal,2,1600.0,0.0,800.0,Credit Card
ORD-11380,2025-01-08,CUST-1030,Nisha Bhat,Furniture,Chairs,Ergonomic Office Chair,North,Jaipur,1,8500.0,0.0,2500.0,Credit Card
ORD-11381,2024-10-03,CUST-1090,Ananya Roy 90,Apparel,Corporate Wear,Tailored Blazer,West,Surat,3,10080.0,0.3,2280.0,Net Banking
ORD-11382,2025-06-08,CUST-1243,Deepak Rao 243,Office Supplies,Paper,Premium Hardbound Notebook,South,Hyderabad,1,405.0,0.1,225.0,Net Banking
ORD-11383,2024-04-15,CUST-1150,Divya Agarwal 150,Apparel,Footwear,Leather Oxford Shoes,West,Pune,3,6720.0,0.3,1620.0,Net Banking
ORD-11384,2025-04-01,CUST-1109,Shweta Mishra 109,Furniture,Tables,Adjustable Standing Desk,West,Mumbai,2,28800.0,0.2,800.0,Credit Card
ORD-11385,2025-08-03,CUST-1091,Kavita Das 91,Office Supplies,Paper,A4 Multipurpose Copy Paper (Pack of 5),North,Chandigarh,1,1200.0,0.0,500.0,Cash on Delivery
ORD-11386,2024-09-16,CUST-1151,Vikas Singh 151,Office Supplies,Storage,Heavy Duty Arch File Box,West,Ahmedabad,1,650.0,0.0,300.0,Credit Card
ORD-11387,2024-11-26,CUST-1048,Rohan Mehta 48,Office Supplies,Paper,A4 Multipurpose Copy Paper (Pack of 5),South,Bangalore,1,1020.0,0.15,320.0,Debit Card
ORD-11388,2024-05-28,CUST-1200,Aarti Kapoor 200,Furniture,Bookcases,5-Tier Wooden Bookshelf,North,Delhi,1,6500.0,0.0,1300.0,Debit Card
ORD-11389,2024-08-06,CUST-1120,Nisha Bhat 120,Apparel,Footwear,Leather Oxford Shoes,West,Pune,2,5120.0,0.2,1720.0,Debit Card
ORD-11390,2025-09-08,CUST-1055,Deepak Rao 55,Apparel,Corporate Wear,Cotton Formal Shirt,South,Bangalore,2,1500.0,0.5,0.0,UPI
ORD-11391,2025-08-10,CUST-1229,Aarti Kapoor 229,Office Supplies,Storage,Heavy Duty Arch File Box,East,Patna,3,1852.5,0.05,802.5,Credit Card
ORD-11392,2024-02-20,CUST-1206,Sneha Reddy 206,Office Supplies,Binders,Heavy-Duty Ring Binder,East,Kolkata,10,2240.0,0.2,1040.0,UPI
ORD-11393,2024-05-07,CUST-1116,Kavita Das 116,Technology,Monitors,27-inch 4K Monitor,Central,Indore,2,41800.0,0.05,7800.0,Cash on Delivery
ORD-11394,2024-01-22,CUST-1073,Aditya Bose 73,Technology,Accessories,Wireless Mouse,Central,Bhopal,4,2880.0,0.1,1280.0,Credit Card
ORD-11395,2025-02-16,CUST-1010,Ananya Roy,Apparel,Corporate Wear,Tailored Blazer,Central,Bhopal,1,4800.0,0.0,2200.0,UPI
ORD-11396,2025-04-26,CUST-1025,Rahul Sharma,Office Supplies,Storage,Heavy Duty Arch File Box,West,Ahmedabad,1,552.5,0.15,202.5,Net Banking
ORD-11397,2024-03-22,CUST-1143,Rohan Mehta 143,Furniture,Bookcases,5-Tier Wooden Bookshelf,East,Kolkata,1,4550.0,0.3,-650.0,Net Banking
ORD-11398,2025-10-18,CUST-1032,Manish Malhotra 32,Office Supplies,Paper,A4 Multipurpose Copy Paper (Pack of 5),Central,Bhopal,1,1200.0,0.0,500.0,UPI
ORD-11399,2024-05-22,CUST-1027,Rohan Mehta,Furniture,Bookcases,5-Tier Wooden Bookshelf,East,Bhubaneswar,1,6175.0,0.05,975.0,Debit Card
ORD-11400,2025-07-04,CUST-1002,Ananya Roy,Technology,Accessories,Mechanical Keyboard,West,Mumbai,1,3150.0,0.1,1150.0,UPI
ORD-11401,2024-09-27,CUST-1085,Pooja Verma 85,Office Supplies,Paper,Premium Hardbound Notebook,West,Pune,4,900.0,0.5,180.0,Net Banking
ORD-11402,2024-05-02,CUST-1033,Neha Gupta 33,Furniture,Bookcases,5-Tier Wooden Bookshelf,South,Kochi,2,13000.0,0.0,2600.0,Cash on Delivery
ORD-11403,2025-06-24,CUST-1062,Ravi Pillai 62,Apparel,Footwear,Leather Oxford Shoes,East,Guwahati,8,21760.0,0.15,8160.0,Net Banking
ORD-11404,2024-08-19,CUST-1024,Aditya Bose,Furniture,Tables,Adjustable Standing Desk,West,Mumbai,1,17100.0,0.05,3100.0,Credit Card
ORD-11405,2025-11-02,CUST-1055,Deepak Rao 55,Technology,Accessories,Wireless Mouse,South,Kochi,3,2280.0,0.05,1080.0,Net Banking
ORD-11406,2024-04-17,CUST-1088,Neha Gupta 88,Furniture,Chairs,Ergonomic Office Chair,Central,Nagpur,2,14450.0,0.15,2450.0,Debit Card
ORD-11407,2025-12-26,CUST-1040,Aarti Kapoor 40,Apparel,Corporate Wear,Cotton Formal Shirt,North,Lucknow,1,1275.0,0.15,525.0,Net Banking
ORD-11408,2025-04-08,CUST-1223,Shweta Mishra 223,Apparel,Corporate Wear,Cotton Formal Shirt,South,Kochi,1,1350.0,0.1,600.0,Net Banking
ORD-11409,2024-06-17,CUST-1176,Shweta Mishra 176,Furniture,Tables,Wooden Conference Table,Central,Nagpur,1,17500.0,0.3,-3500.0,UPI
ORD-11410,2024-04-22,CUST-1062,Ravi Pillai 62,Technology,Accessories,Wireless Mouse,East,Bhubaneswar,1,560.0,0.3,160.0,Cash on Delivery
ORD-11411,2025-04-08,CUST-1091,Kavita Das 91,Furniture,Tables,Adjustable Standing Desk,North,Noida,1,14400.0,0.2,400.0,Credit Card
ORD-11412,2024-06-03,CUST-1102,Karan Joshi 102,Apparel,Corporate Wear,Cotton Formal Shirt,East,Patna,1,1350.0,0.1,600.0,Debit Card
ORD-11413,2024-04-10,CUST-1013,Tarun Choudhury,Office Supplies,Paper,Premium Hardbound Notebook,East,Bhubaneswar,1,360.0,0.2,180.0,Credit Card
ORD-11414,2025-08-31,CUST-1071,Preeti Pandey 71,Apparel,Corporate Wear,Cotton Formal Shirt,Central,Indore,2,3000.0,0.0,1500.0,UPI
ORD-11415,2025-10-08,CUST-1030,Nisha Bhat,Technology,Accessories,Mechanical Keyboard,North,Noida,1,3500.0,0.0,1500.0,Cash on Delivery
ORD-11416,2024-04-13,CUST-1071,Preeti Pandey 71,Furniture,Chairs,Mesh Executive Chair,Central,Nagpur,3,28800.0,0.2,300.0,Net Banking
ORD-11417,2024-04-13,CUST-1057,Deepak Rao 57,Furniture,Tables,Adjustable Standing Desk,East,Bhubaneswar,1,17100.0,0.05,3100.0,Debit Card
ORD-11418,2025-12-10,CUST-1188,Karan Joshi 188,Technology,Accessories,Wireless Mouse,North,Lucknow,2,800.0,0.5,0.0,Net Banking
ORD-11419,2024-11-08,CUST-1177,Sneha Reddy 177,Furniture,Chairs,Mesh Executive Chair,South,Hyderabad,2,24000.0,0.0,5000.0,Credit Card
ORD-11420,2024-12-06,CUST-1037,Gaurav Tiwari 37,Technology,Accessories,Wireless Mouse,East,Guwahati,1,800.0,0.0,400.0,Debit Card
ORD-11421,2024-03-19,CUST-1044,Manish Malhotra 44,Technology,Accessories,Wireless Mouse,Central,Indore,5,2000.0,0.5,0.0,UPI
ORD-11422,2025-05-15,CUST-1224,Meera Sen 224,Furniture,Chairs,Mesh Executive Chair,East,Kolkata,1,12000.0,0.0,2500.0,Cash on Delivery
ORD-11423,2025-11-27,CUST-1214,Aarti Kapoor 214,Furniture,Chairs,Mesh Executive Chair,Central,Nagpur,1,12000.0,0.0,2500.0,UPI
ORD-11424,2024-04-12,CUST-1078,Rohan Mehta 78,Furniture,Bookcases,5-Tier Wooden Bookshelf,East,Guwahati,3,11700.0,0.4,-3900.0,Debit Card
ORD-11425,2025-11-10,CUST-1094,Shweta Mishra 94,Office Supplies,Art,Highlighter & Marker Set,North,Jaipur,1,297.5,0.15,147.5,Cash on Delivery
ORD-11426,2025-11-10,CUST-1231,Siddharth Jain 231,Office Supplies,Binders,Heavy-Duty Ring Binder,North,Jaipur,2,560.0,0.0,320.0,Credit Card
ORD-11427,2025-02-24,CUST-1220,Shweta Mishra 220,Furniture,Chairs,Mesh Executive Chair,South,Hyderabad,2,22800.0,0.05,3800.0,Cash on Delivery
ORD-11428,2025-12-13,CUST-1093,Divya Agarwal 93,Furniture,Chairs,Ergonomic Office Chair,North,Lucknow,4,27200.0,0.2,3200.0,UPI
ORD-11429,2024-10-07,CUST-1174,Ananya Roy 174,Apparel,Corporate Wear,Tailored Blazer,East,Bhubaneswar,1,4080.0,0.15,1480.0,Debit Card
ORD-11430,2025-02-04,CUST-1151,Vikas Singh 151,Office Supplies,Storage,Heavy Duty Arch File Box,West,Ahmedabad,1,325.0,0.5,-25.0,Cash on Delivery
ORD-11431,2025-12-04,CUST-1111,Siddharth Jain 111,Office Supplies,Art,Highlighter & Marker Set,Central,Indore,1,350.0,0.0,200.0,Net Banking
ORD-11432,2025-12-05,CUST-1134,Kavita Das 134,Furniture,Tables,Wooden Conference Table,Central,Nagpur,2,45000.0,0.1,3000.0,Net Banking
ORD-11433,2024-11-01,CUST-1117,Karan Joshi 117,Technology,Accessories,Mechanical Keyboard,South,Hyderabad,3,10500.0,0.0,4500.0,UPI
ORD-11434,2025-05-15,CUST-1079,Nisha Bhat 79,Technology,Accessories,Wireless Mouse,East,Patna,2,1600.0,0.0,800.0,UPI
ORD-11435,2024-09-14,CUST-1036,Karan Joshi 36,Office Supplies,Paper,A4 Multipurpose Copy Paper (Pack of 5),West,Pune,5,5400.0,0.1,1900.0,Credit Card
ORD-11436,2024-07-20,CUST-1111,Siddharth Jain 111,Apparel,Footwear,Leather Oxford Shoes,North,Jaipur,1,2240.0,0.3,540.0,Debit Card
ORD-11437,2024-09-11,CUST-1208,Rahul Sharma 208,Office Supplies,Paper,Premium Hardbound Notebook,East,Guwahati,5,2250.0,0.0,1350.0,Debit Card
ORD-11438,2024-11-05,CUST-1045,Suresh Nair 45,Apparel,Footwear,Leather Oxford Shoes,East,Patna,3,9600.0,0.0,4500.0,Credit Card
ORD-11439,2024-09-13,CUST-1035,Swati Kulkarni 35,Office Supplies,Storage,Heavy Duty Arch File Box,Central,Bhopal,1,650.0,0.0,300.0,Debit Card
ORD-11440,2025-08-03,CUST-1238,Suresh Nair 238,Office Supplies,Art,Highlighter & Marker Set,Central,Bhopal,1,280.0,0.2,130.0,UPI
ORD-11441,2024-05-21,CUST-1135,Karan Joshi 135,Office Supplies,Art,Highlighter & Marker Set,West,Ahmedabad,2,560.0,0.2,260.0,Net Banking
ORD-11442,2025-03-06,CUST-1247,Pooja Verma 247,Office Supplies,Storage,Heavy Duty Arch File Box,East,Kolkata,4,2600.0,0.0,1200.0,Net Banking
ORD-11443,2024-03-31,CUST-1194,Ananya Roy 194,Technology,Phones,Bluetooth Wireless Earbuds,Central,Indore,3,3750.0,0.5,150.0,Cash on Delivery
ORD-11444,2025-01-17,CUST-1033,Neha Gupta 33,Apparel,Corporate Wear,Tailored Blazer,Central,Indore,1,3840.0,0.2,1240.0,Credit Card
ORD-11445,2025-02-16,CUST-1172,Priya Patel 172,Technology,Accessories,Wireless Mouse,East,Guwahati,3,2400.0,0.0,1200.0,UPI
ORD-11446,2024-10-03,CUST-1167,Vikas Singh 167,Technology,Phones,Smartphone Pro Max,West,Mumbai,3,67500.0,0.5,-40500.0,Net Banking
ORD-11447,2025-10-04,CUST-1190,Alok Deshmukh 190,Apparel,Footwear,Leather Oxford Shoes,Central,Nagpur,3,9120.0,0.05,4020.0,Cash on Delivery
ORD-11448,2024-05-27,CUST-1144,Shweta Mishra 144,Office Supplies,Binders,Heavy-Duty Ring Binder,South,Chennai,4,1120.0,0.0,640.0,Debit Card
ORD-11449,2025-10-26,CUST-1125,Preeti Pandey 125,Furniture,Chairs,Ergonomic Office Chair,North,Delhi,1,4250.0,0.5,-1750.0,UPI
ORD-11450,2025-06-16,CUST-1025,Rahul Sharma,Furniture,Chairs,Mesh Executive Chair,South,Bangalore,2,14400.0,0.4,-4600.0,Net Banking
ORD-11451,2025-02-04,CUST-1015,Amit Kumar,Technology,Phones,Smartphone Pro Max,West,Surat,2,90000.0,0.0,18000.0,Credit Card
ORD-11452,2025-07-13,CUST-1067,Kavita Das 67,Office Supplies,Art,Highlighter & Marker Set,Central,Bhopal,1,350.0,0.0,200.0,Credit Card
ORD-11453,2024-05-25,CUST-1210,Tarun Choudhury 210,Furniture,Chairs,Mesh Executive Chair,South,Chennai,2,21600.0,0.1,2600.0,Debit Card
ORD-11454,2025-12-16,CUST-1095,Preeti Pandey 95,Furniture,Tables,Adjustable Standing Desk,East,Guwahati,2,36000.0,0.0,8000.0,Net Banking
ORD-11455,2025-03-02,CUST-1209,Ravi Pillai 209,Office Supplies,Storage,Heavy Duty Arch File Box,South,Bangalore,1,650.0,0.0,300.0,Cash on Delivery
ORD-11456,2025-02-02,CUST-1003,Rahul Sharma,Apparel,Footwear,Leather Oxford Shoes,West,Mumbai,2,3200.0,0.5,-200.0,Net Banking
ORD-11457,2024-02-13,CUST-1233,Bhavna Shah 233,Office Supplies,Paper,A4 Multipurpose Copy Paper (Pack of 5),South,Kochi,4,3360.0,0.3,560.0,Debit Card
ORD-11458,2024-01-10,CUST-1041,Gaurav Tiwari 41,Office Supplies,Paper,A4 Multipurpose Copy Paper (Pack of 5),Central,Nagpur,1,720.0,0.4,20.0,Net Banking
ORD-11459,2025-06-09,CUST-1017,Manish Malhotra,Technology,Monitors,27-inch 4K Monitor,South,Hyderabad,2,22000.0,0.5,-12000.0,Debit Card
ORD-11460,2025-04-15,CUST-1184,Kavita Das 184,Technology,Phones,Bluetooth Wireless Earbuds,West,Ahmedabad,4,10000.0,0.0,5200.0,Net Banking
ORD-11461,2025-01-20,CUST-1247,Pooja Verma 247,Office Supplies,Binders,Heavy-Duty Ring Binder,Central,Nagpur,1,168.0,0.4,48.0,Cash on Delivery
ORD-11462,2024-09-22,CUST-1034,Divya Agarwal 34,Furniture,Bookcases,5-Tier Wooden Bookshelf,Central,Nagpur,1,3250.0,0.5,-1950.0,Net Banking
ORD-11463,2024-03-10,CUST-1012,Ravi Pillai,Technology,Accessories,Wireless Mouse,South,Chennai,1,800.0,0.0,400.0,Net Banking
ORD-11464,2025-11-26,CUST-1195,Abhishek Saxena 195,Furniture,Chairs,Mesh Executive Chair,South,Bangalore,4,48000.0,0.0,10000.0,Net Banking
ORD-11465,2025-03-06,CUST-1237,Aditya Bose 237,Technology,Accessories,USB-C Multi-Port Hub,North,Noida,1,1800.0,0.0,900.0,UPI
ORD-11466,2025-03-28,CUST-1196,Tarun Choudhury 196,Office Supplies,Paper,A4 Multipurpose Copy Paper (Pack of 5),Central,Nagpur,3,3600.0,0.0,1500.0,Debit Card
ORD-11467,2024-04-20,CUST-1179,Abhishek Saxena 179,Office Supplies,Art,Highlighter & Marker Set,East,Bhubaneswar,8,1400.0,0.5,200.0,Cash on Delivery
ORD-11468,2024-07-23,CUST-1051,Ananya Roy 51,Furniture,Tables,Adjustable Standing Desk,East,Guwahati,2,34200.0,0.05,6200.0,Credit Card
ORD-11469,2024-06-14,CUST-1112,Ravi Pillai 112,Apparel,Corporate Wear,Cotton Formal Shirt,South,Bangalore,2,3000.0,0.0,1500.0,Credit Card
ORD-11470,2024-02-04,CUST-1208,Rahul Sharma 208,Technology,Phones,Bluetooth Wireless Earbuds,North,Jaipur,3,3750.0,0.5,150.0,Cash on Delivery
ORD-11471,2024-03-14,CUST-1088,Neha Gupta 88,Technology,Monitors,27-inch 4K Monitor,Central,Indore,1,20900.0,0.05,3900.0,Cash on Delivery
ORD-11472,2025-04-30,CUST-1129,Neha Gupta 129,Office Supplies,Paper,A4 Multipurpose Copy Paper (Pack of 5),West,Pune,3,2520.0,0.3,420.0,Net Banking
ORD-11473,2025-10-02,CUST-1019,Rahul Sharma,Apparel,Footwear,Leather Oxford Shoes,North,Lucknow,3,8640.0,0.1,3540.0,UPI
ORD-11474,2024-04-30,CUST-1128,Priya Patel 128,Furniture,Chairs,Mesh Executive Chair,North,Noida,2,24000.0,0.0,5000.0,Credit Card
ORD-11475,2024-10-23,CUST-1065,Ananya Roy 65,Office Supplies,Paper,Premium Hardbound Notebook,West,Mumbai,4,1800.0,0.0,1080.0,Debit Card
ORD-11476,2024-03-17,CUST-1137,Rohan Mehta 137,Apparel,Footwear,Leather Oxford Shoes,South,Hyderabad,1,3200.0,0.0,1500.0,Cash on Delivery
ORD-11477,2025-12-15,CUST-1150,Divya Agarwal 150,Office Supplies,Binders,Heavy-Duty Ring Binder,West,Mumbai,1,224.0,0.2,104.0,Debit Card
ORD-11478,2024-07-24,CUST-1086,Amit Kumar 86,Technology,Accessories,Mechanical Keyboard,South,Chennai,2,5950.0,0.15,1950.0,UPI
ORD-11479,2024-08-29,CUST-1127,Aarti Kapoor 127,Technology,Accessories,USB-C Multi-Port Hub,Central,Nagpur,3,5400.0,0.0,2700.0,Debit Card
ORD-11480,2024-03-13,CUST-1244,Tarun Choudhury 244,Office Supplies,Storage,Heavy Duty Arch File Box,Central,Nagpur,2,1300.0,0.0,600.0,Cash on Delivery
ORD-11481,2025-05-05,CUST-1243,Deepak Rao 243,Technology,Phones,Bluetooth Wireless Earbuds,West,Mumbai,1,1750.0,0.3,550.0,Cash on Delivery
ORD-11482,2024-08-18,CUST-1167,Vikas Singh 167,Office Supplies,Paper,A4 Multipurpose Copy Paper (Pack of 5),East,Guwahati,1,1140.0,0.05,440.0,UPI
ORD-11483,2024-02-26,CUST-1007,Neha Gupta,Furniture,Chairs,Ergonomic Office Chair,Central,Nagpur,4,34000.0,0.0,10000.0,Cash on Delivery
ORD-11484,2025-05-08,CUST-1014,Siddharth Jain,Office Supplies,Paper,Premium Hardbound Notebook,East,Bhubaneswar,1,360.0,0.2,180.0,Cash on Delivery
ORD-11485,2024-05-21,CUST-1030,Nisha Bhat,Office Supplies,Art,Highlighter & Marker Set,North,Noida,8,2380.0,0.15,1180.0,Debit Card
ORD-11486,2024-07-17,CUST-1088,Neha Gupta 88,Office Supplies,Storage,Heavy Duty Arch File Box,North,Lucknow,1,325.0,0.5,-25.0,UPI
ORD-11487,2024-08-20,CUST-1106,Shweta Mishra 106,Apparel,Corporate Wear,Tailored Blazer,Central,Bhopal,10,48000.0,0.0,22000.0,Credit Card
ORD-11488,2024-02-28,CUST-1020,Amit Kumar,Technology,Accessories,Mechanical Keyboard,South,Kochi,1,3500.0,0.0,1500.0,Debit Card
ORD-11489,2024-12-24,CUST-1228,Deepak Rao 228,Furniture,Chairs,Mesh Executive Chair,West,Pune,2,16800.0,0.3,-2200.0,UPI
ORD-11490,2025-11-18,CUST-1053,Kavita Das 53,Office Supplies,Binders,Heavy-Duty Ring Binder,West,Pune,1,252.0,0.1,132.0,Debit Card
ORD-11491,2025-07-18,CUST-1075,Alok Deshmukh 75,Furniture,Chairs,Mesh Executive Chair,Central,Indore,1,7200.0,0.4,-2300.0,Cash on Delivery
ORD-11492,2024-04-16,CUST-1014,Siddharth Jain,Office Supplies,Paper,A4 Multipurpose Copy Paper (Pack of 5),East,Guwahati,1,1140.0,0.05,440.0,Credit Card
ORD-11493,2025-06-17,CUST-1060,Gaurav Tiwari 60,Furniture,Tables,Wooden Conference Table,Central,Bhopal,1,25000.0,0.0,4000.0,UPI
ORD-11494,2024-08-28,CUST-1179,Abhishek Saxena 179,Office Supplies,Art,Highlighter & Marker Set,East,Kolkata,1,350.0,0.0,200.0,Debit Card
ORD-11495,2024-10-11,CUST-1077,Swati Kulkarni 77,Technology,Accessories,USB-C Multi-Port Hub,North,Jaipur,4,5760.0,0.2,2160.0,Net Banking
ORD-11496,2024-01-20,CUST-1221,Pooja Verma 221,Office Supplies,Paper,Premium Hardbound Notebook,East,Guwahati,1,427.5,0.05,247.5,Net Banking
ORD-11497,2024-07-07,CUST-1169,Rajesh Iyer 169,Office Supplies,Storage,Heavy Duty Arch File Box,Central,Bhopal,2,1300.0,0.0,600.0,Cash on Delivery
ORD-11498,2024-12-22,CUST-1233,Bhavna Shah 233,Furniture,Bookcases,5-Tier Wooden Bookshelf,West,Pune,3,16575.0,0.15,975.0,Cash on Delivery
ORD-11499,2025-03-20,CUST-1222,Preeti Pandey 222,Office Supplies,Storage,Heavy Duty Arch File Box,North,Delhi,2,1170.0,0.1,470.0,Cash on Delivery
ORD-11500,2025-04-19,CUST-1109,Shweta Mishra 109,Apparel,Footwear,Leather Oxford Shoes,Central,Nagpur,1,2560.0,0.2,860.0,Net Banking
ORD-11501,2024-08-31,CUST-1034,Divya Agarwal 34,Technology,Accessories,Wireless Mouse,West,Ahmedabad,1,760.0,0.05,360.0,Cash on Delivery
ORD-11502,2024-11-02,CUST-1158,Karan Joshi 158,Furniture,Tables,Adjustable Standing Desk,West,Ahmedabad,2,18000.0,0.5,-10000.0,UPI
ORD-11503,2024-05-07,CUST-1079,Nisha Bhat 79,Apparel,Footwear,Leather Oxford Shoes,West,Ahmedabad,3,6720.0,0.3,1620.0,Net Banking
ORD-11504,2024-01-18,CUST-1113,Neha Gupta 113,Technology,Accessories,Wireless Mouse,East,Kolkata,5,2800.0,0.3,800.0,Cash on Delivery
ORD-11505,2024-08-11,CUST-1105,Abhishek Saxena 105,Technology,Accessories,Mechanical Keyboard,Central,Bhopal,1,1750.0,0.5,-250.0,Cash on Delivery
ORD-11506,2024-11-17,CUST-1113,Neha Gupta 113,Technology,Monitors,27-inch 4K Monitor,West,Ahmedabad,1,15400.0,0.3,-1600.0,Credit Card
ORD-11507,2024-08-20,CUST-1162,Tarun Choudhury 162,Technology,Monitors,27-inch 4K Monitor,South,Bangalore,1,22000.0,0.0,5000.0,Credit Card
ORD-11508,2025-12-01,CUST-1113,Neha Gupta 113,Apparel,Footwear,Leather Oxford Shoes,West,Mumbai,2,6080.0,0.05,2680.0,UPI
ORD-11509,2024-09-22,CUST-1250,Neha Gupta 250,Furniture,Tables,Adjustable Standing Desk,North,Jaipur,2,36000.0,0.0,8000.0,Cash on Delivery
ORD-11510,2024-08-28,CUST-1090,Ananya Roy 90,Technology,Phones,Smartphone Pro Max,North,Noida,1,27000.0,0.4,-9000.0,UPI
ORD-11511,2024-08-30,CUST-1053,Kavita Das 53,Furniture,Bookcases,5-Tier Wooden Bookshelf,Central,Indore,3,15600.0,0.2,0.0,UPI
ORD-11512,2025-10-19,CUST-1073,Aditya Bose 73,Technology,Phones,Bluetooth Wireless Earbuds,North,Jaipur,2,4250.0,0.15,1850.0,Debit Card
ORD-11513,2025-02-21,CUST-1230,Sneha Reddy 230,Office Supplies,Paper,A4 Multipurpose Copy Paper (Pack of 5),East,Patna,2,2400.0,0.0,1000.0,Debit Card
ORD-11514,2024-02-15,CUST-1075,Alok Deshmukh 75,Technology,Phones,Bluetooth Wireless Earbuds,Central,Bhopal,1,2375.0,0.05,1175.0,Debit Card
ORD-11515,2025-06-07,CUST-1184,Kavita Das 184,Apparel,Corporate Wear,Cotton Formal Shirt,Central,Nagpur,1,1425.0,0.05,675.0,Net Banking
ORD-11516,2025-08-19,CUST-1009,Ravi Pillai,Technology,Phones,Bluetooth Wireless Earbuds,East,Kolkata,5,11875.0,0.05,5875.0,Cash on Delivery
ORD-11517,2025-05-30,CUST-1148,Bhavna Shah 148,Apparel,Corporate Wear,Tailored Blazer,East,Kolkata,3,8640.0,0.4,840.0,UPI
ORD-11518,2025-09-13,CUST-1121,Siddharth Jain 121,Apparel,Corporate Wear,Cotton Formal Shirt,Central,Indore,1,1425.0,0.05,675.0,Cash on Delivery
ORD-11519,2024-10-27,CUST-1085,Pooja Verma 85,Furniture,Chairs,Mesh Executive Chair,West,Pune,2,24000.0,0.0,5000.0,Credit Card
ORD-11520,2025-03-31,CUST-1188,Karan Joshi 188,Office Supplies,Storage,Heavy Duty Arch File Box,West,Mumbai,1,390.0,0.4,40.0,UPI
ORD-11521,2025-01-05,CUST-1168,Meera Sen 168,Office Supplies,Binders,Heavy-Duty Ring Binder,Central,Bhopal,1,224.0,0.2,104.0,Credit Card
ORD-11522,2025-08-06,CUST-1212,Karan Joshi 212,Technology,Phones,Bluetooth Wireless Earbuds,Central,Bhopal,3,6000.0,0.2,2400.0,Cash on Delivery
ORD-11523,2025-11-26,CUST-1074,Tarun Choudhury 74,Furniture,Bookcases,5-Tier Wooden Bookshelf,West,Mumbai,1,5200.0,0.2,0.0,Cash on Delivery
ORD-11524,2024-05-31,CUST-1148,Bhavna Shah 148,Office Supplies,Binders,Heavy-Duty Ring Binder,South,Chennai,4,1120.0,0.0,640.0,Credit Card
ORD-11525,2024-05-03,CUST-1108,Aditya Bose 108,Furniture,Tables,Adjustable Standing Desk,Central,Nagpur,5,90000.0,0.0,20000.0,Credit Card
ORD-11526,2024-02-04,CUST-1214,Aarti Kapoor 214,Office Supplies,Storage,Heavy Duty Arch File Box,North,Lucknow,8,5200.0,0.0,2400.0,Cash on Delivery
ORD-11527,2025-06-26,CUST-1236,Rahul Sharma 236,Office Supplies,Paper,Premium Hardbound Notebook,East,Patna,1,270.0,0.4,90.0,Credit Card
ORD-11528,2025-11-27,CUST-1230,Sneha Reddy 230,Furniture,Bookcases,5-Tier Wooden Bookshelf,Central,Nagpur,2,13000.0,0.0,2600.0,UPI
ORD-11529,2024-12-29,CUST-1234,Meera Sen 234,Office Supplies,Storage,Heavy Duty Arch File Box,East,Guwahati,1,455.0,0.3,105.0,Credit Card
ORD-11530,2024-07-06,CUST-1186,Divya Agarwal 186,Apparel,Footwear,Leather Oxford Shoes,Central,Bhopal,1,3200.0,0.0,1500.0,Cash on Delivery
ORD-11531,2025-08-30,CUST-1095,Preeti Pandey 95,Office Supplies,Art,Highlighter & Marker Set,East,Patna,1,210.0,0.4,60.0,Cash on Delivery
ORD-11532,2024-10-13,CUST-1025,Rahul Sharma,Furniture,Chairs,Mesh Executive Chair,West,Surat,1,6000.0,0.5,-3500.0,Cash on Delivery
ORD-11533,2025-06-21,CUST-1149,Shweta Mishra 149,Apparel,Corporate Wear,Cotton Formal Shirt,East,Patna,1,1275.0,0.15,525.0,Credit Card
ORD-11534,2024-05-26,CUST-1011,Abhishek Saxena,Furniture,Chairs,Ergonomic Office Chair,East,Patna,2,8500.0,0.5,-3500.0,Debit Card
ORD-11535,2024-04-11,CUST-1089,Alok Deshmukh 89,Furniture,Tables,Wooden Conference Table,South,Bangalore,1,17500.0,0.3,-3500.0,Net Banking
ORD-11536,2024-08-17,CUST-1227,Vikas Singh 227,Technology,Monitors,27-inch 4K Monitor,West,Ahmedabad,8,176000.0,0.0,40000.0,Credit Card
ORD-11537,2025-10-07,CUST-1142,Suresh Nair 142,Apparel,Corporate Wear,Cotton Formal Shirt,South,Bangalore,2,3000.0,0.0,1500.0,Cash on Delivery
ORD-11538,2025-07-04,CUST-1205,Manish Malhotra 205,Furniture,Chairs,Ergonomic Office Chair,North,Chandigarh,3,25500.0,0.0,7500.0,Debit Card
ORD-11539,2024-07-27,CUST-1073,Aditya Bose 73,Apparel,Footwear,Leather Oxford Shoes,East,Guwahati,2,4480.0,0.3,1080.0,Debit Card
ORD-11540,2024-04-22,CUST-1184,Kavita Das 184,Technology,Phones,Smartphone Pro Max,East,Guwahati,2,90000.0,0.0,18000.0,Credit Card
ORD-11541,2024-10-12,CUST-1030,Nisha Bhat,Office Supplies,Paper,A4 Multipurpose Copy Paper (Pack of 5),North,Lucknow,3,3060.0,0.15,960.0,Credit Card
ORD-11542,2025-06-03,CUST-1086,Amit Kumar 86,Furniture,Tables,Adjustable Standing Desk,East,Kolkata,3,45900.0,0.15,3900.0,UPI
ORD-11543,2025-03-19,CUST-1026,Siddharth Jain,Apparel,Corporate Wear,Cotton Formal Shirt,West,Pune,3,4500.0,0.0,2250.0,UPI
ORD-11544,2024-09-08,CUST-1036,Karan Joshi 36,Apparel,Footwear,Leather Oxford Shoes,East,Bhubaneswar,2,5760.0,0.1,2360.0,Net Banking
ORD-11545,2024-06-04,CUST-1125,Preeti Pandey 125,Technology,Monitors,27-inch 4K Monitor,East,Patna,1,22000.0,0.0,5000.0,Cash on Delivery
ORD-11546,2024-08-07,CUST-1001,Shweta Mishra,Office Supplies,Storage,Heavy Duty Arch File Box,North,Chandigarh,2,1235.0,0.05,535.0,Credit Card
ORD-11547,2024-02-09,CUST-1108,Aditya Bose 108,Furniture,Tables,Adjustable Standing Desk,Central,Indore,2,34200.0,0.05,6200.0,Debit Card
ORD-11548,2025-05-10,CUST-1136,Amit Kumar 136,Technology,Monitors,27-inch 4K Monitor,West,Pune,4,61600.0,0.3,-6400.0,Net Banking
ORD-11549,2025-10-07,CUST-1092,Karan Joshi 92,Apparel,Corporate Wear,Tailored Blazer,East,Patna,1,4800.0,0.0,2200.0,Debit Card
ORD-11550,2025-03-05,CUST-1249,Priya Patel 249,Office Supplies,Art,Highlighter & Marker Set,West,Pune,2,700.0,0.0,400.0,Credit Card
ORD-11551,2025-04-20,CUST-1245,Preeti Pandey 245,Furniture,Bookcases,5-Tier Wooden Bookshelf,North,Jaipur,2,13000.0,0.0,2600.0,Net Banking
ORD-11552,2025-05-15,CUST-1154,Neha Gupta 154,Office Supplies,Storage,Heavy Duty Arch File Box,South,Bangalore,1,390.0,0.4,40.0,Credit Card
ORD-11553,2025-02-22,CUST-1016,Swati Kulkarni,Apparel,Corporate Wear,Tailored Blazer,West,Ahmedabad,2,7680.0,0.2,2480.0,Net Banking
ORD-11554,2025-03-28,CUST-1109,Shweta Mishra 109,Office Supplies,Paper,Premium Hardbound Notebook,West,Mumbai,1,427.5,0.05,247.5,Debit Card
ORD-11555,2025-10-13,CUST-1079,Nisha Bhat 79,Office Supplies,Art,Highlighter & Marker Set,East,Bhubaneswar,2,700.0,0.0,400.0,Cash on Delivery
ORD-11556,2024-07-30,CUST-1200,Aarti Kapoor 200,Technology,Phones,Smartphone Pro Max,Central,Nagpur,1,22500.0,0.5,-13500.0,Cash on Delivery
ORD-11557,2024-01-21,CUST-1244,Tarun Choudhury 244,Technology,Accessories,Wireless Mouse,East,Kolkata,3,2040.0,0.15,840.0,Debit Card
ORD-11558,2025-07-20,CUST-1017,Manish Malhotra,Technology,Accessories,Mechanical Keyboard,Central,Bhopal,1,3325.0,0.05,1325.0,Credit Card
ORD-11559,2025-07-02,CUST-1102,Karan Joshi 102,Furniture,Chairs,Mesh Executive Chair,West,Pune,4,40800.0,0.15,2800.0,Net Banking
ORD-11560,2024-08-08,CUST-1142,Suresh Nair 142,Furniture,Chairs,Mesh Executive Chair,North,Delhi,3,21600.0,0.4,-6900.0,UPI
ORD-11561,2025-05-28,CUST-1102,Karan Joshi 102,Office Supplies,Binders,Heavy-Duty Ring Binder,North,Lucknow,1,280.0,0.0,160.0,Credit Card
ORD-11562,2025-10-08,CUST-1064,Siddharth Jain 64,Technology,Accessories,Mechanical Keyboard,West,Mumbai,3,8400.0,0.2,2400.0,Net Banking
ORD-11563,2024-05-14,CUST-1210,Tarun Choudhury 210,Furniture,Tables,Adjustable Standing Desk,North,Delhi,1,14400.0,0.2,400.0,UPI
ORD-11564,2024-01-16,CUST-1191,Rahul Sharma 191,Apparel,Corporate Wear,Tailored Blazer,Central,Bhopal,1,2400.0,0.5,-200.0,Net Banking
ORD-11565,2024-07-17,CUST-1213,Meera Sen 213,Furniture,Tables,Wooden Conference Table,West,Surat,2,50000.0,0.0,8000.0,Debit Card
ORD-11566,2024-10-07,CUST-1026,Siddharth Jain,Furniture,Tables,Adjustable Standing Desk,Central,Indore,1,14400.0,0.2,400.0,UPI
ORD-11567,2024-08-15,CUST-1248,Neha Gupta 248,Office Supplies,Storage,Heavy Duty Arch File Box,Central,Indore,2,780.0,0.4,80.0,Cash on Delivery
ORD-11568,2024-09-07,CUST-1098,Deepak Rao 98,Technology,Accessories,Wireless Mouse,East,Guwahati,5,2400.0,0.4,400.0,UPI
ORD-11569,2025-04-08,CUST-1058,Aditya Bose 58,Apparel,Footwear,Leather Oxford Shoes,North,Chandigarh,3,6720.0,0.3,1620.0,Debit Card
ORD-11570,2025-05-03,CUST-1145,Rajesh Iyer 145,Technology,Phones,Smartphone Pro Max,West,Ahmedabad,1,45000.0,0.0,9000.0,UPI
ORD-11571,2025-07-28,CUST-1044,Manish Malhotra 44,Furniture,Chairs,Ergonomic Office Chair,East,Bhubaneswar,1,6800.0,0.2,800.0,Cash on Delivery
ORD-11572,2025-04-29,CUST-1134,Kavita Das 134,Apparel,Footwear,Leather Oxford Shoes,South,Bangalore,3,8640.0,0.1,3540.0,Net Banking
ORD-11573,2024-11-14,CUST-1214,Aarti Kapoor 214,Technology,Phones,Bluetooth Wireless Earbuds,North,Jaipur,2,2500.0,0.5,100.0,Net Banking
ORD-11574,2024-01-06,CUST-1069,Siddharth Jain 69,Furniture,Chairs,Ergonomic Office Chair,Central,Indore,2,14450.0,0.15,2450.0,Credit Card
ORD-11575,2024-11-25,CUST-1124,Suresh Nair 124,Apparel,Corporate Wear,Cotton Formal Shirt,Central,Nagpur,10,15000.0,0.0,7500.0,UPI
ORD-11576,2025-03-11,CUST-1180,Manish Malhotra 180,Technology,Accessories,USB-C Multi-Port Hub,East,Bhubaneswar,3,5400.0,0.0,2700.0,Cash on Delivery
ORD-11577,2024-05-04,CUST-1043,Nisha Bhat 43,Furniture,Chairs,Ergonomic Office Chair,East,Kolkata,1,6800.0,0.2,800.0,Net Banking
ORD-11578,2024-06-23,CUST-1161,Manish Malhotra 161,Apparel,Corporate Wear,Cotton Formal Shirt,East,Bhubaneswar,3,2700.0,0.4,450.0,Net Banking
ORD-11579,2025-02-12,CUST-1003,Rahul Sharma,Furniture,Tables,Wooden Conference Table,North,Chandigarh,10,225000.0,0.1,15000.0,Cash on Delivery
ORD-11580,2024-11-26,CUST-1096,Deepak Rao 96,Apparel,Footwear,Leather Oxford Shoes,South,Chennai,1,3040.0,0.05,1340.0,Cash on Delivery
ORD-11581,2025-01-15,CUST-1133,Suresh Nair 133,Furniture,Tables,Adjustable Standing Desk,East,Guwahati,1,15300.0,0.15,1300.0,Credit Card
ORD-11582,2024-06-17,CUST-1135,Karan Joshi 135,Office Supplies,Binders,Heavy-Duty Ring Binder,North,Jaipur,1,280.0,0.0,160.0,Net Banking
ORD-11583,2024-03-09,CUST-1002,Ananya Roy,Furniture,Tables,Wooden Conference Table,South,Chennai,2,30000.0,0.4,-12000.0,Net Banking
ORD-11584,2024-12-15,CUST-1153,Vikas Singh 153,Technology,Monitors,27-inch 4K Monitor,North,Jaipur,2,41800.0,0.05,7800.0,Debit Card
ORD-11585,2025-10-09,CUST-1073,Aditya Bose 73,Office Supplies,Storage,Heavy Duty Arch File Box,Central,Nagpur,1,325.0,0.5,-25.0,Net Banking
ORD-11586,2024-09-17,CUST-1144,Shweta Mishra 144,Apparel,Corporate Wear,Tailored Blazer,South,Bangalore,2,9600.0,0.0,4400.0,Credit Card
ORD-11587,2024-12-04,CUST-1033,Neha Gupta 33,Apparel,Corporate Wear,Cotton Formal Shirt,Central,Nagpur,3,3825.0,0.15,1575.0,Cash on Delivery
ORD-11588,2025-08-29,CUST-1155,Ravi Pillai 155,Furniture,Tables,Adjustable Standing Desk,Central,Nagpur,4,68400.0,0.05,12400.0,Credit Card
ORD-11589,2024-01-03,CUST-1201,Shweta Mishra 201,Furniture,Chairs,Mesh Executive Chair,South,Bangalore,4,24000.0,0.5,-14000.0,Credit Card
ORD-11590,2024-05-26,CUST-1043,Nisha Bhat 43,Office Supplies,Binders,Heavy-Duty Ring Binder,North,Jaipur,1,280.0,0.0,160.0,Credit Card
ORD-11591,2025-06-07,CUST-1207,Divya Agarwal 207,Office Supplies,Art,Highlighter & Marker Set,East,Guwahati,1,210.0,0.4,60.0,UPI
ORD-11592,2024-09-03,CUST-1144,Shweta Mishra 144,Office Supplies,Paper,Premium Hardbound Notebook,East,Guwahati,3,1147.5,0.15,607.5,Debit Card
ORD-11593,2025-06-18,CUST-1082,Abhishek Saxena 82,Apparel,Corporate Wear,Cotton Formal Shirt,North,Noida,3,4500.0,0.0,2250.0,Debit Card
ORD-11594,2025-11-18,CUST-1114,Sneha Reddy 114,Office Supplies,Binders,Heavy-Duty Ring Binder,West,Mumbai,2,448.0,0.2,208.0,Debit Card
ORD-11595,2024-07-01,CUST-1007,Neha Gupta,Office Supplies,Paper,A4 Multipurpose Copy Paper (Pack of 5),East,Patna,3,3420.0,0.05,1320.0,Cash on Delivery
ORD-11596,2025-07-27,CUST-1225,Aditya Bose 225,Furniture,Chairs,Ergonomic Office Chair,East,Patna,1,8500.0,0.0,2500.0,Credit Card
ORD-11597,2025-03-28,CUST-1093,Divya Agarwal 93,Apparel,Corporate Wear,Cotton Formal Shirt,South,Bangalore,2,2550.0,0.15,1050.0,UPI
ORD-11598,2025-01-12,CUST-1235,Bhavna Shah 235,Furniture,Tables,Adjustable Standing Desk,Central,Bhopal,2,36000.0,0.0,8000.0,Debit Card
ORD-11599,2025-10-19,CUST-1012,Ravi Pillai,Furniture,Tables,Adjustable Standing Desk,West,Mumbai,8,144000.0,0.0,32000.0,Net Banking
ORD-11600,2025-09-14,CUST-1162,Tarun Choudhury 162,Office Supplies,Art,Highlighter & Marker Set,East,Bhubaneswar,2,420.0,0.4,120.0,UPI
ORD-11601,2024-02-09,CUST-1095,Preeti Pandey 95,Technology,Accessories,Wireless Mouse,Central,Nagpur,1,800.0,0.0,400.0,Credit Card
ORD-11602,2024-03-25,CUST-1108,Aditya Bose 108,Technology,Phones,Smartphone Pro Max,North,Chandigarh,2,90000.0,0.0,18000.0,Debit Card
ORD-11603,2024-04-09,CUST-1220,Shweta Mishra 220,Apparel,Corporate Wear,Tailored Blazer,West,Pune,2,9600.0,0.0,4400.0,Debit Card
ORD-11604,2025-11-19,CUST-1082,Abhishek Saxena 82,Technology,Monitors,27-inch 4K Monitor,Central,Nagpur,5,66000.0,0.4,-19000.0,UPI
ORD-11605,2025-11-11,CUST-1215,Sneha Reddy 215,Technology,Accessories,Mechanical Keyboard,North,Lucknow,3,6300.0,0.4,300.0,Credit Card
ORD-11606,2024-09-30,CUST-1022,Neha Gupta,Technology,Monitors,27-inch 4K Monitor,East,Kolkata,1,20900.0,0.05,3900.0,Cash on Delivery
ORD-11607,2025-02-23,CUST-1045,Suresh Nair 45,Technology,Accessories,Wireless Mouse,West,Ahmedabad,2,1600.0,0.0,800.0,Debit Card
ORD-11608,2025-04-22,CUST-1146,Kavita Das 146,Technology,Accessories,USB-C Multi-Port Hub,Central,Indore,1,1800.0,0.0,900.0,Credit Card
ORD-11609,2024-03-29,CUST-1048,Rohan Mehta 48,Furniture,Bookcases,5-Tier Wooden Bookshelf,Central,Nagpur,5,32500.0,0.0,6500.0,UPI
ORD-11610,2024-08-10,CUST-1164,Kavita Das 164,Office Supplies,Paper,A4 Multipurpose Copy Paper (Pack of 5),East,Kolkata,4,4560.0,0.05,1760.0,Debit Card
ORD-11611,2025-11-28,CUST-1231,Siddharth Jain 231,Furniture,Chairs,Ergonomic Office Chair,South,Hyderabad,1,7650.0,0.1,1650.0,Credit Card
ORD-11612,2024-11-14,CUST-1058,Aditya Bose 58,Furniture,Chairs,Ergonomic Office Chair,West,Pune,1,7650.0,0.1,1650.0,Debit Card
ORD-11613,2025-12-15,CUST-1024,Aditya Bose,Office Supplies,Binders,Heavy-Duty Ring Binder,West,Ahmedabad,1,168.0,0.4,48.0,Net Banking
ORD-11614,2025-10-08,CUST-1044,Manish Malhotra 44,Technology,Accessories,Mechanical Keyboard,Central,Indore,1,1750.0,0.5,-250.0,Credit Card
ORD-11615,2025-12-20,CUST-1166,Neha Gupta 166,Furniture,Tables,Wooden Conference Table,South,Hyderabad,2,30000.0,0.4,-12000.0,Cash on Delivery
ORD-11616,2024-10-09,CUST-1056,Alok Deshmukh 56,Office Supplies,Art,Highlighter & Marker Set,West,Mumbai,4,840.0,0.4,240.0,Credit Card
ORD-11617,2025-05-01,CUST-1036,Karan Joshi 36,Office Supplies,Art,Highlighter & Marker Set,Central,Indore,1,280.0,0.2,130.0,Cash on Delivery
ORD-11618,2024-02-04,CUST-1083,Neha Gupta 83,Technology,Phones,Smartphone Pro Max,West,Mumbai,1,31500.0,0.3,-4500.0,Debit Card
ORD-11619,2024-12-10,CUST-1026,Siddharth Jain,Technology,Monitors,27-inch 4K Monitor,West,Ahmedabad,1,13200.0,0.4,-3800.0,Credit Card
ORD-11620,2024-01-23,CUST-1113,Neha Gupta 113,Office Supplies,Art,Highlighter & Marker Set,Central,Nagpur,2,560.0,0.2,260.0,Net Banking
ORD-11621,2024-09-06,CUST-1065,Ananya Roy 65,Office Supplies,Paper,A4 Multipurpose Copy Paper (Pack of 5),Central,Indore,2,1920.0,0.2,520.0,Debit Card
ORD-11622,2024-02-11,CUST-1249,Priya Patel 249,Furniture,Chairs,Mesh Executive Chair,Central,Bhopal,1,10800.0,0.1,1300.0,Cash on Delivery
ORD-11623,2025-02-14,CUST-1152,Karan Joshi 152,Technology,Accessories,Wireless Mouse,South,Chennai,4,1600.0,0.5,0.0,Cash on Delivery
ORD-11624,2024-07-22,CUST-1244,Tarun Choudhury 244,Apparel,Footwear,Leather Oxford Shoes,South,Chennai,2,6400.0,0.0,3000.0,UPI
ORD-11625,2024-11-12,CUST-1037,Gaurav Tiwari 37,Office Supplies,Paper,A4 Multipurpose Copy Paper (Pack of 5),East,Guwahati,1,1200.0,0.0,500.0,Credit Card
ORD-11626,2024-07-24,CUST-1227,Vikas Singh 227,Technology,Monitors,27-inch 4K Monitor,West,Ahmedabad,1,20900.0,0.05,3900.0,Credit Card
ORD-11627,2025-03-23,CUST-1024,Aditya Bose,Furniture,Chairs,Mesh Executive Chair,South,Hyderabad,1,12000.0,0.0,2500.0,Debit Card
ORD-11628,2024-04-12,CUST-1121,Siddharth Jain 121,Apparel,Corporate Wear,Tailored Blazer,East,Bhubaneswar,4,15360.0,0.2,4960.0,Net Banking
ORD-11629,2025-10-13,CUST-1033,Neha Gupta 33,Furniture,Bookcases,5-Tier Wooden Bookshelf,South,Kochi,3,17550.0,0.1,1950.0,Net Banking
ORD-11630,2025-09-03,CUST-1101,Abhishek Saxena 101,Apparel,Corporate Wear,Tailored Blazer,North,Jaipur,2,4800.0,0.5,-400.0,UPI
ORD-11631,2024-08-15,CUST-1227,Vikas Singh 227,Technology,Monitors,27-inch 4K Monitor,South,Hyderabad,1,13200.0,0.4,-3800.0,UPI
ORD-11632,2025-09-17,CUST-1154,Neha Gupta 154,Office Supplies,Paper,Premium Hardbound Notebook,North,Lucknow,1,427.5,0.05,247.5,UPI
ORD-11633,2024-08-04,CUST-1078,Rohan Mehta 78,Office Supplies,Storage,Heavy Duty Arch File Box,North,Jaipur,1,650.0,0.0,300.0,Net Banking
ORD-11634,2024-06-03,CUST-1073,Aditya Bose 73,Furniture,Tables,Wooden Conference Table,East,Guwahati,1,20000.0,0.2,-1000.0,Credit Card
ORD-11635,2024-06-16,CUST-1102,Karan Joshi 102,Apparel,Corporate Wear,Cotton Formal Shirt,North,Chandigarh,3,3825.0,0.15,1575.0,UPI
ORD-11636,2025-11-02,CUST-1206,Sneha Reddy 206,Technology,Accessories,Wireless Mouse,South,Hyderabad,1,480.0,0.4,80.0,Net Banking
ORD-11637,2025-12-03,CUST-1125,Preeti Pandey 125,Office Supplies,Paper,Premium Hardbound Notebook,East,Kolkata,1,405.0,0.1,225.0,UPI
ORD-11638,2025-09-10,CUST-1207,Divya Agarwal 207,Office Supplies,Art,Highlighter & Marker Set,Central,Indore,3,892.5,0.15,442.5,Cash on Delivery
ORD-11639,2025-01-08,CUST-1029,Shweta Mishra,Technology,Monitors,27-inch 4K Monitor,East,Guwahati,4,88000.0,0.0,20000.0,Credit Card
ORD-11640,2024-01-08,CUST-1087,Alok Deshmukh 87,Apparel,Footwear,Leather Oxford Shoes,West,Pune,2,3200.0,0.5,-200.0,Net Banking
ORD-11641,2025-03-21,CUST-1013,Tarun Choudhury,Office Supplies,Art,Highlighter & Marker Set,West,Mumbai,1,245.0,0.3,95.0,Net Banking
ORD-11642,2025-01-10,CUST-1013,Tarun Choudhury,Office Supplies,Paper,A4 Multipurpose Copy Paper (Pack of 5),West,Surat,1,1080.0,0.1,380.0,UPI
ORD-11643,2025-07-09,CUST-1069,Siddharth Jain 69,Technology,Monitors,27-inch 4K Monitor,West,Ahmedabad,1,15400.0,0.3,-1600.0,Debit Card
ORD-11644,2024-10-31,CUST-1153,Vikas Singh 153,Technology,Phones,Smartphone Pro Max,West,Mumbai,2,72000.0,0.2,0.0,Credit Card
ORD-11645,2024-06-28,CUST-1022,Neha Gupta,Apparel,Corporate Wear,Tailored Blazer,North,Lucknow,3,10080.0,0.3,2280.0,Net Banking
ORD-11646,2024-11-23,CUST-1159,Ravi Pillai 159,Furniture,Chairs,Mesh Executive Chair,Central,Nagpur,2,24000.0,0.0,5000.0,Debit Card
ORD-11647,2025-01-16,CUST-1010,Ananya Roy,Technology,Phones,Bluetooth Wireless Earbuds,Central,Nagpur,2,5000.0,0.0,2600.0,Net Banking
ORD-11648,2025-06-08,CUST-1186,Divya Agarwal 186,Technology,Accessories,USB-C Multi-Port Hub,West,Ahmedabad,1,1800.0,0.0,900.0,Credit Card
ORD-11649,2024-09-20,CUST-1185,Aditya Bose 185,Technology,Accessories,USB-C Multi-Port Hub,East,Kolkata,3,2700.0,0.5,0.0,Debit Card
ORD-11650,2024-11-06,CUST-1139,Swati Kulkarni 139,Furniture,Chairs,Mesh Executive Chair,North,Jaipur,2,22800.0,0.05,3800.0,Net Banking
ORD-11651,2024-10-08,CUST-1200,Aarti Kapoor 200,Technology,Monitors,27-inch 4K Monitor,West,Mumbai,2,44000.0,0.0,10000.0,Debit Card
ORD-11652,2024-10-01,CUST-1201,Shweta Mishra 201,Office Supplies,Storage,Heavy Duty Arch File Box,South,Hyderabad,1,325.0,0.5,-25.0,Debit Card
ORD-11653,2024-04-09,CUST-1057,Deepak Rao 57,Furniture,Chairs,Mesh Executive Chair,North,Jaipur,1,6000.0,0.5,-3500.0,Debit Card
ORD-11654,2025-12-30,CUST-1118,Bhavna Shah 118,Apparel,Footwear,Leather Oxford Shoes,East,Patna,2,4480.0,0.3,1080.0,Cash on Delivery
ORD-11655,2024-01-13,CUST-1088,Neha Gupta 88,Furniture,Bookcases,5-Tier Wooden Bookshelf,West,Ahmedabad,3,19500.0,0.0,3900.0,Net Banking
ORD-11656,2025-05-25,CUST-1054,Ananya Roy 54,Apparel,Corporate Wear,Tailored Blazer,South,Kochi,1,4800.0,0.0,2200.0,Cash on Delivery
ORD-11657,2024-03-21,CUST-1162,Tarun Choudhury 162,Office Supplies,Binders,Heavy-Duty Ring Binder,Central,Indore,1,168.0,0.4,48.0,Debit Card
ORD-11658,2024-11-15,CUST-1173,Alok Deshmukh 173,Office Supplies,Art,Highlighter & Marker Set,North,Lucknow,2,700.0,0.0,400.0,Cash on Delivery
ORD-11659,2024-12-26,CUST-1107,Amit Kumar 107,Technology,Accessories,Wireless Mouse,West,Surat,8,5120.0,0.2,1920.0,Cash on Delivery
ORD-11660,2024-05-14,CUST-1097,Sneha Reddy 97,Technology,Phones,Smartphone Pro Max,North,Chandigarh,1,45000.0,0.0,9000.0,Cash on Delivery
ORD-11661,2024-10-25,CUST-1200,Aarti Kapoor 200,Office Supplies,Paper,Premium Hardbound Notebook,Central,Indore,1,427.5,0.05,247.5,Net Banking
ORD-11662,2025-09-05,CUST-1072,Shweta Mishra 72,Furniture,Bookcases,5-Tier Wooden Bookshelf,West,Mumbai,2,11050.0,0.15,650.0,Cash on Delivery
ORD-11663,2025-07-02,CUST-1137,Rohan Mehta 137,Office Supplies,Paper,Premium Hardbound Notebook,South,Kochi,2,630.0,0.3,270.0,Debit Card
ORD-11664,2025-04-05,CUST-1041,Gaurav Tiwari 41,Technology,Monitors,27-inch 4K Monitor,East,Patna,1,18700.0,0.15,1700.0,Net Banking
ORD-11665,2025-10-13,CUST-1149,Shweta Mishra 149,Office Supplies,Storage,Heavy Duty Arch File Box,East,Guwahati,1,650.0,0.0,300.0,Cash on Delivery
ORD-11666,2024-08-17,CUST-1036,Karan Joshi 36,Apparel,Corporate Wear,Cotton Formal Shirt,North,Noida,2,2400.0,0.2,900.0,UPI
ORD-11667,2024-11-28,CUST-1043,Nisha Bhat 43,Apparel,Footwear,Leather Oxford Shoes,East,Kolkata,5,16000.0,0.0,7500.0,Cash on Delivery
ORD-11668,2025-10-31,CUST-1131,Priya Patel 131,Furniture,Chairs,Ergonomic Office Chair,South,Kochi,1,8075.0,0.05,2075.0,Credit Card
ORD-11669,2025-04-28,CUST-1240,Rahul Sharma 240,Furniture,Chairs,Ergonomic Office Chair,West,Pune,1,8500.0,0.0,2500.0,Credit Card
ORD-11670,2025-08-14,CUST-1119,Shweta Mishra 119,Office Supplies,Art,Highlighter & Marker Set,South,Kochi,8,2800.0,0.0,1600.0,Net Banking
ORD-11671,2025-05-27,CUST-1165,Deepak Rao 165,Technology,Phones,Smartphone Pro Max,Central,Indore,4,180000.0,0.0,36000.0,Credit Card
ORD-11672,2025-04-18,CUST-1185,Aditya Bose 185,Technology,Accessories,USB-C Multi-Port Hub,North,Delhi,2,2880.0,0.2,1080.0,Cash on Delivery
ORD-11673,2025-04-26,CUST-1221,Pooja Verma 221,Office Supplies,Paper,Premium Hardbound Notebook,North,Chandigarh,5,1350.0,0.4,450.0,UPI
ORD-11674,2025-09-13,CUST-1166,Neha Gupta 166,Apparel,Corporate Wear,Tailored Blazer,North,Chandigarh,2,9600.0,0.0,4400.0,Debit Card
ORD-11675,2025-02-11,CUST-1213,Meera Sen 213,Technology,Accessories,Mechanical Keyboard,West,Surat,3,6300.0,0.4,300.0,Net Banking
ORD-11676,2025-03-14,CUST-1202,Suresh Nair 202,Technology,Phones,Smartphone Pro Max,North,Lucknow,3,67500.0,0.5,-40500.0,UPI
ORD-11677,2024-06-22,CUST-1094,Shweta Mishra 94,Office Supplies,Storage,Heavy Duty Arch File Box,West,Pune,4,1820.0,0.3,420.0,Credit Card
ORD-11678,2024-09-27,CUST-1025,Rahul Sharma,Furniture,Bookcases,5-Tier Wooden Bookshelf,North,Chandigarh,4,18200.0,0.3,-2600.0,Credit Card
ORD-11679,2024-09-23,CUST-1088,Neha Gupta 88,Furniture,Tables,Wooden Conference Table,East,Patna,3,67500.0,0.1,4500.0,Cash on Delivery
ORD-11680,2024-10-08,CUST-1195,Abhishek Saxena 195,Technology,Phones,Bluetooth Wireless Earbuds,South,Hyderabad,1,2125.0,0.15,925.0,Cash on Delivery
ORD-11681,2025-01-06,CUST-1183,Kavita Das 183,Furniture,Tables,Wooden Conference Table,West,Pune,2,45000.0,0.1,3000.0,Net Banking
ORD-11682,2025-12-31,CUST-1076,Deepak Rao 76,Technology,Phones,Bluetooth Wireless Earbuds,South,Chennai,2,4000.0,0.2,1600.0,Debit Card
ORD-11683,2025-10-19,CUST-1078,Rohan Mehta 78,Technology,Phones,Bluetooth Wireless Earbuds,Central,Bhopal,1,1500.0,0.4,300.0,Cash on Delivery
ORD-11684,2025-02-19,CUST-1123,Abhishek Saxena 123,Technology,Monitors,27-inch 4K Monitor,West,Pune,2,26400.0,0.4,-7600.0,Debit Card
ORD-11685,2025-06-19,CUST-1096,Deepak Rao 96,Office Supplies,Paper,Premium Hardbound Notebook,East,Bhubaneswar,4,1260.0,0.3,540.0,Credit Card
ORD-11686,2025-05-10,CUST-1230,Sneha Reddy 230,Office Supplies,Paper,Premium Hardbound Notebook,North,Delhi,1,405.0,0.1,225.0,Credit Card
ORD-11687,2024-08-17,CUST-1039,Rahul Sharma 39,Furniture,Tables,Adjustable Standing Desk,Central,Nagpur,3,51300.0,0.05,9300.0,Debit Card
ORD-11688,2025-05-25,CUST-1118,Bhavna Shah 118,Apparel,Footwear,Leather Oxford Shoes,North,Noida,4,12160.0,0.05,5360.0,Debit Card
ORD-11689,2025-12-04,CUST-1244,Tarun Choudhury 244,Furniture,Bookcases,5-Tier Wooden Bookshelf,Central,Bhopal,1,3900.0,0.4,-1300.0,Cash on Delivery
ORD-11690,2024-03-22,CUST-1249,Priya Patel 249,Technology,Accessories,Mechanical Keyboard,East,Bhubaneswar,1,3500.0,0.0,1500.0,Credit Card
ORD-11691,2024-08-21,CUST-1177,Sneha Reddy 177,Office Supplies,Art,Highlighter & Marker Set,South,Bangalore,8,2520.0,0.1,1320.0,Cash on Delivery
ORD-11692,2024-10-24,CUST-1213,Meera Sen 213,Technology,Accessories,USB-C Multi-Port Hub,South,Hyderabad,1,1710.0,0.05,810.0,Credit Card
ORD-11693,2025-08-22,CUST-1195,Abhishek Saxena 195,Apparel,Footwear,Leather Oxford Shoes,East,Guwahati,1,3200.0,0.0,1500.0,Debit Card
ORD-11694,2025-11-04,CUST-1114,Sneha Reddy 114,Technology,Accessories,USB-C Multi-Port Hub,East,Bhubaneswar,1,900.0,0.5,0.0,Credit Card
ORD-11695,2025-09-04,CUST-1125,Preeti Pandey 125,Furniture,Tables,Wooden Conference Table,Central,Bhopal,2,50000.0,0.0,8000.0,Net Banking
ORD-11696,2025-12-20,CUST-1194,Ananya Roy 194,Office Supplies,Art,Highlighter & Marker Set,North,Jaipur,3,525.0,0.5,75.0,Debit Card
ORD-11697,2025-05-19,CUST-1162,Tarun Choudhury 162,Technology,Monitors,27-inch 4K Monitor,West,Surat,2,39600.0,0.1,5600.0,Debit Card
ORD-11698,2025-06-28,CUST-1064,Siddharth Jain 64,Furniture,Bookcases,5-Tier Wooden Bookshelf,West,Ahmedabad,2,13000.0,0.0,2600.0,Credit Card
ORD-11699,2025-05-14,CUST-1002,Ananya Roy,Furniture,Bookcases,5-Tier Wooden Bookshelf,Central,Indore,2,13000.0,0.0,2600.0,UPI
ORD-11700,2025-03-18,CUST-1173,Alok Deshmukh 173,Furniture,Tables,Wooden Conference Table,North,Chandigarh,1,15000.0,0.4,-6000.0,Credit Card
ORD-11701,2024-07-17,CUST-1200,Aarti Kapoor 200,Technology,Phones,Smartphone Pro Max,South,Chennai,1,40500.0,0.1,4500.0,Debit Card
ORD-11702,2025-06-27,CUST-1121,Siddharth Jain 121,Technology,Phones,Smartphone Pro Max,West,Pune,2,90000.0,0.0,18000.0,Debit Card
ORD-11703,2024-06-09,CUST-1050,Suresh Nair 50,Office Supplies,Paper,Premium Hardbound Notebook,South,Chennai,2,900.0,0.0,540.0,Debit Card
ORD-11704,2025-06-12,CUST-1122,Neha Gupta 122,Office Supplies,Storage,Heavy Duty Arch File Box,West,Pune,5,2275.0,0.3,525.0,Debit Card
ORD-11705,2025-01-14,CUST-1038,Alok Deshmukh 38,Furniture,Tables,Wooden Conference Table,West,Ahmedabad,3,63750.0,0.15,750.0,Net Banking
ORD-11706,2024-11-11,CUST-1101,Abhishek Saxena 101,Office Supplies,Storage,Heavy Duty Arch File Box,North,Chandigarh,1,520.0,0.2,170.0,Debit Card
ORD-11707,2025-10-23,CUST-1250,Neha Gupta 250,Office Supplies,Art,Highlighter & Marker Set,West,Mumbai,3,997.5,0.05,547.5,Credit Card
ORD-11708,2025-11-08,CUST-1076,Deepak Rao 76,Office Supplies,Paper,A4 Multipurpose Copy Paper (Pack of 5),North,Jaipur,1,960.0,0.2,260.0,Debit Card
ORD-11709,2025-07-25,CUST-1144,Shweta Mishra 144,Furniture,Chairs,Ergonomic Office Chair,South,Kochi,4,34000.0,0.0,10000.0,UPI
ORD-11710,2024-09-05,CUST-1042,Sneha Reddy 42,Furniture,Bookcases,5-Tier Wooden Bookshelf,East,Guwahati,5,32500.0,0.0,6500.0,Net Banking
ORD-11711,2025-12-05,CUST-1181,Aditya Bose 181,Office Supplies,Binders,Heavy-Duty Ring Binder,South,Hyderabad,8,1120.0,0.5,160.0,Net Banking
ORD-11712,2024-03-01,CUST-1026,Siddharth Jain,Technology,Accessories,Mechanical Keyboard,West,Ahmedabad,2,4900.0,0.3,900.0,Debit Card
ORD-11713,2024-04-23,CUST-1121,Siddharth Jain 121,Technology,Phones,Bluetooth Wireless Earbuds,North,Jaipur,8,16000.0,0.2,6400.0,Credit Card
ORD-11714,2024-06-03,CUST-1151,Vikas Singh 151,Furniture,Tables,Wooden Conference Table,Central,Bhopal,2,35000.0,0.3,-7000.0,Credit Card
ORD-11715,2024-12-01,CUST-1196,Tarun Choudhury 196,Furniture,Tables,Adjustable Standing Desk,Central,Nagpur,3,54000.0,0.0,12000.0,Credit Card
ORD-11716,2024-03-10,CUST-1223,Shweta Mishra 223,Furniture,Bookcases,5-Tier Wooden Bookshelf,West,Surat,3,18525.0,0.05,2925.0,Credit Card
ORD-11717,2024-11-24,CUST-1118,Bhavna Shah 118,Office Supplies,Paper,A4 Multipurpose Copy Paper (Pack of 5),West,Pune,2,2160.0,0.1,760.0,Debit Card
ORD-11718,2025-09-10,CUST-1192,Abhishek Saxena 192,Technology,Accessories,Wireless Mouse,South,Bangalore,2,1280.0,0.2,480.0,Net Banking
ORD-11719,2025-05-13,CUST-1205,Manish Malhotra 205,Technology,Accessories,Mechanical Keyboard,Central,Bhopal,4,8400.0,0.4,400.0,Debit Card
ORD-11720,2024-01-17,CUST-1145,Rajesh Iyer 145,Office Supplies,Storage,Heavy Duty Arch File Box,North,Noida,4,2210.0,0.15,810.0,Cash on Delivery
ORD-11721,2025-05-18,CUST-1073,Aditya Bose 73,Apparel,Footwear,Leather Oxford Shoes,West,Mumbai,3,4800.0,0.5,-300.0,UPI
ORD-11722,2025-07-25,CUST-1200,Aarti Kapoor 200,Technology,Phones,Smartphone Pro Max,Central,Bhopal,3,135000.0,0.0,27000.0,Cash on Delivery
ORD-11723,2025-04-24,CUST-1157,Siddharth Jain 157,Furniture,Chairs,Ergonomic Office Chair,North,Chandigarh,3,17850.0,0.3,-150.0,Net Banking
ORD-11724,2024-06-04,CUST-1167,Vikas Singh 167,Furniture,Bookcases,5-Tier Wooden Bookshelf,North,Lucknow,2,11050.0,0.15,650.0,Net Banking
ORD-11725,2025-06-24,CUST-1200,Aarti Kapoor 200,Office Supplies,Storage,Heavy Duty Arch File Box,North,Chandigarh,2,1300.0,0.0,600.0,Cash on Delivery
ORD-11726,2025-02-03,CUST-1005,Karan Joshi,Technology,Accessories,Wireless Mouse,South,Hyderabad,1,720.0,0.1,320.0,Credit Card
ORD-11727,2025-08-21,CUST-1173,Alok Deshmukh 173,Furniture,Bookcases,5-Tier Wooden Bookshelf,Central,Indore,2,12350.0,0.05,1950.0,Cash on Delivery
ORD-11728,2024-12-29,CUST-1184,Kavita Das 184,Apparel,Footwear,Leather Oxford Shoes,South,Chennai,3,9120.0,0.05,4020.0,Debit Card
ORD-11729,2024-07-04,CUST-1026,Siddharth Jain,Technology,Accessories,Wireless Mouse,Central,Nagpur,5,4000.0,0.0,2000.0,Credit Card
ORD-11730,2025-07-07,CUST-1090,Ananya Roy 90,Technology,Accessories,USB-C Multi-Port Hub,West,Ahmedabad,4,6840.0,0.05,3240.0,Credit Card
ORD-11731,2024-11-08,CUST-1240,Rahul Sharma 240,Furniture,Chairs,Ergonomic Office Chair,West,Mumbai,1,5950.0,0.3,-50.0,UPI
ORD-11732,2025-01-19,CUST-1007,Neha Gupta,Office Supplies,Art,Highlighter & Marker Set,South,Kochi,1,245.0,0.3,95.0,Net Banking
ORD-11733,2024-07-22,CUST-1053,Kavita Das 53,Office Supplies,Paper,Premium Hardbound Notebook,Central,Bhopal,1,450.0,0.0,270.0,Cash on Delivery
ORD-11734,2025-08-15,CUST-1186,Divya Agarwal 186,Apparel,Corporate Wear,Cotton Formal Shirt,North,Lucknow,3,4500.0,0.0,2250.0,Net Banking
ORD-11735,2025-09-11,CUST-1092,Karan Joshi 92,Furniture,Bookcases,5-Tier Wooden Bookshelf,East,Bhubaneswar,1,6500.0,0.0,1300.0,Cash on Delivery
ORD-11736,2025-01-03,CUST-1123,Abhishek Saxena 123,Furniture,Tables,Adjustable Standing Desk,Central,Bhopal,5,90000.0,0.0,20000.0,UPI
ORD-11737,2025-01-24,CUST-1206,Sneha Reddy 206,Office Supplies,Storage,Heavy Duty Arch File Box,East,Kolkata,1,585.0,0.1,235.0,UPI
ORD-11738,2025-03-20,CUST-1243,Deepak Rao 243,Furniture,Tables,Wooden Conference Table,South,Bangalore,2,40000.0,0.2,-2000.0,Net Banking
ORD-11739,2024-01-17,CUST-1244,Tarun Choudhury 244,Furniture,Tables,Adjustable Standing Desk,West,Mumbai,1,17100.0,0.05,3100.0,Credit Card
ORD-11740,2025-08-01,CUST-1003,Rahul Sharma,Technology,Phones,Bluetooth Wireless Earbuds,Central,Bhopal,1,1750.0,0.3,550.0,UPI
ORD-11741,2024-03-03,CUST-1153,Vikas Singh 153,Furniture,Chairs,Ergonomic Office Chair,West,Ahmedabad,2,17000.0,0.0,5000.0,Net Banking
ORD-11742,2024-06-25,CUST-1045,Suresh Nair 45,Apparel,Corporate Wear,Cotton Formal Shirt,South,Chennai,1,1500.0,0.0,750.0,Credit Card
ORD-11743,2024-01-31,CUST-1128,Priya Patel 128,Furniture,Chairs,Ergonomic Office Chair,West,Surat,2,15300.0,0.1,3300.0,Cash on Delivery
ORD-11744,2024-10-11,CUST-1008,Vikas Singh,Office Supplies,Binders,Heavy-Duty Ring Binder,North,Lucknow,4,1120.0,0.0,640.0,Cash on Delivery
ORD-11745,2025-01-21,CUST-1196,Tarun Choudhury 196,Apparel,Corporate Wear,Cotton Formal Shirt,South,Chennai,1,1275.0,0.15,525.0,Credit Card
ORD-11746,2024-04-04,CUST-1108,Aditya Bose 108,Technology,Accessories,USB-C Multi-Port Hub,North,Chandigarh,2,2880.0,0.2,1080.0,Cash on Delivery
ORD-11747,2025-03-26,CUST-1035,Swati Kulkarni 35,Technology,Accessories,Wireless Mouse,West,Surat,2,1440.0,0.1,640.0,Credit Card
ORD-11748,2024-11-26,CUST-1094,Shweta Mishra 94,Technology,Phones,Smartphone Pro Max,East,Guwahati,3,67500.0,0.5,-40500.0,Credit Card
ORD-11749,2024-05-08,CUST-1057,Deepak Rao 57,Apparel,Corporate Wear,Cotton Formal Shirt,South,Chennai,1,1500.0,0.0,750.0,UPI
ORD-11750,2025-02-17,CUST-1073,Aditya Bose 73,Technology,Phones,Smartphone Pro Max,South,Chennai,1,40500.0,0.1,4500.0,Debit Card
ORD-11751,2025-12-28,CUST-1172,Priya Patel 172,Apparel,Footwear,Leather Oxford Shoes,Central,Nagpur,2,5760.0,0.1,2360.0,Credit Card
ORD-11752,2024-12-01,CUST-1170,Amit Kumar 170,Technology,Phones,Bluetooth Wireless Earbuds,Central,Nagpur,5,12500.0,0.0,6500.0,Net Banking
ORD-11753,2025-10-06,CUST-1004,Ravi Pillai,Technology,Phones,Bluetooth Wireless Earbuds,North,Lucknow,1,2125.0,0.15,925.0,UPI
ORD-11754,2025-08-08,CUST-1124,Suresh Nair 124,Office Supplies,Binders,Heavy-Duty Ring Binder,West,Pune,2,280.0,0.5,40.0,Net Banking
ORD-11755,2025-04-07,CUST-1055,Deepak Rao 55,Office Supplies,Art,Highlighter & Marker Set,Central,Indore,2,700.0,0.0,400.0,Debit Card
ORD-11756,2025-11-02,CUST-1237,Aditya Bose 237,Furniture,Bookcases,5-Tier Wooden Bookshelf,West,Pune,1,4550.0,0.3,-650.0,Cash on Delivery
ORD-11757,2025-04-12,CUST-1170,Amit Kumar 170,Technology,Phones,Smartphone Pro Max,West,Ahmedabad,1,38250.0,0.15,2250.0,Net Banking
ORD-11758,2025-12-05,CUST-1025,Rahul Sharma,Furniture,Chairs,Mesh Executive Chair,East,Kolkata,1,10800.0,0.1,1300.0,Credit Card
ORD-11759,2024-11-18,CUST-1241,Ananya Roy 241,Technology,Accessories,USB-C Multi-Port Hub,Central,Bhopal,1,1080.0,0.4,180.0,Credit Card
ORD-11760,2024-05-25,CUST-1216,Meera Sen 216,Furniture,Chairs,Mesh Executive Chair,North,Lucknow,3,30600.0,0.15,2100.0,Cash on Delivery
ORD-11761,2025-09-07,CUST-1200,Aarti Kapoor 200,Technology,Phones,Bluetooth Wireless Earbuds,Central,Nagpur,2,3000.0,0.4,600.0,Debit Card
ORD-11762,2025-07-06,CUST-1059,Karan Joshi 59,Apparel,Corporate Wear,Cotton Formal Shirt,South,Hyderabad,1,1500.0,0.0,750.0,Cash on Delivery
ORD-11763,2024-08-19,CUST-1216,Meera Sen 216,Technology,Phones,Bluetooth Wireless Earbuds,Central,Nagpur,1,2375.0,0.05,1175.0,Debit Card
ORD-11764,2024-02-20,CUST-1246,Gaurav Tiwari 246,Office Supplies,Paper,Premium Hardbound Notebook,West,Surat,4,1440.0,0.2,720.0,Net Banking
ORD-11765,2025-04-24,CUST-1083,Neha Gupta 83,Technology,Phones,Bluetooth Wireless Earbuds,West,Mumbai,1,1500.0,0.4,300.0,Debit Card
ORD-11766,2024-08-01,CUST-1237,Aditya Bose 237,Technology,Accessories,USB-C Multi-Port Hub,North,Chandigarh,1,1260.0,0.3,360.0,Credit Card
ORD-11767,2024-09-05,CUST-1101,Abhishek Saxena 101,Technology,Monitors,27-inch 4K Monitor,East,Guwahati,2,41800.0,0.05,7800.0,Debit Card
ORD-11768,2024-03-13,CUST-1058,Aditya Bose 58,Furniture,Tables,Adjustable Standing Desk,South,Kochi,1,9000.0,0.5,-5000.0,Credit Card
ORD-11769,2024-07-29,CUST-1114,Sneha Reddy 114,Technology,Phones,Bluetooth Wireless Earbuds,West,Ahmedabad,1,2500.0,0.0,1300.0,Cash on Delivery
ORD-11770,2024-11-14,CUST-1198,Aarti Kapoor 198,Office Supplies,Binders,Heavy-Duty Ring Binder,South,Kochi,1,280.0,0.0,160.0,Cash on Delivery
ORD-11771,2025-09-16,CUST-1117,Karan Joshi 117,Technology,Phones,Bluetooth Wireless Earbuds,North,Jaipur,4,10000.0,0.0,5200.0,Net Banking
ORD-11772,2024-09-18,CUST-1029,Shweta Mishra,Office Supplies,Art,Highlighter & Marker Set,East,Bhubaneswar,4,980.0,0.3,380.0,Debit Card
ORD-11773,2024-08-18,CUST-1134,Kavita Das 134,Technology,Phones,Smartphone Pro Max,North,Noida,5,191250.0,0.15,11250.0,Credit Card
ORD-11774,2025-11-11,CUST-1180,Manish Malhotra 180,Office Supplies,Storage,Heavy Duty Arch File Box,East,Kolkata,2,1170.0,0.1,470.0,Debit Card
ORD-11775,2024-09-14,CUST-1164,Kavita Das 164,Apparel,Corporate Wear,Cotton Formal Shirt,West,Surat,2,2700.0,0.1,1200.0,Debit Card
ORD-11776,2024-03-26,CUST-1004,Ravi Pillai,Technology,Phones,Smartphone Pro Max,East,Bhubaneswar,2,85500.0,0.05,13500.0,Cash on Delivery
ORD-11777,2025-03-20,CUST-1171,Aarti Kapoor 171,Furniture,Tables,Adjustable Standing Desk,North,Chandigarh,2,18000.0,0.5,-10000.0,Net Banking
ORD-11778,2025-09-13,CUST-1133,Suresh Nair 133,Office Supplies,Paper,Premium Hardbound Notebook,North,Noida,1,450.0,0.0,270.0,Cash on Delivery
ORD-11779,2024-04-07,CUST-1031,Siddharth Jain 31,Furniture,Chairs,Mesh Executive Chair,West,Surat,3,36000.0,0.0,7500.0,Debit Card
ORD-11780,2025-10-24,CUST-1219,Alok Deshmukh 219,Office Supplies,Art,Highlighter & Marker Set,Central,Nagpur,1,280.0,0.2,130.0,Net Banking
ORD-11781,2025-11-16,CUST-1056,Alok Deshmukh 56,Apparel,Footwear,Leather Oxford Shoes,South,Bangalore,2,5440.0,0.15,2040.0,UPI
ORD-11782,2024-10-26,CUST-1206,Sneha Reddy 206,Technology,Accessories,Wireless Mouse,East,Patna,1,680.0,0.15,280.0,Debit Card
ORD-11783,2024-09-11,CUST-1071,Preeti Pandey 71,Office Supplies,Art,Highlighter & Marker Set,North,Jaipur,2,630.0,0.1,330.0,Credit Card
ORD-11784,2024-08-02,CUST-1143,Rohan Mehta 143,Apparel,Corporate Wear,Tailored Blazer,West,Surat,3,14400.0,0.0,6600.0,Net Banking
ORD-11785,2024-04-01,CUST-1086,Amit Kumar 86,Office Supplies,Paper,A4 Multipurpose Copy Paper (Pack of 5),Central,Nagpur,3,3420.0,0.05,1320.0,Debit Card
ORD-11786,2024-12-03,CUST-1164,Kavita Das 164,Office Supplies,Paper,Premium Hardbound Notebook,West,Surat,2,720.0,0.2,360.0,Credit Card
ORD-11787,2024-09-28,CUST-1220,Shweta Mishra 220,Office Supplies,Binders,Heavy-Duty Ring Binder,West,Ahmedabad,3,714.0,0.15,354.0,Credit Card
ORD-11788,2024-06-21,CUST-1083,Neha Gupta 83,Technology,Accessories,Wireless Mouse,North,Lucknow,2,960.0,0.4,160.0,Cash on Delivery
ORD-11789,2024-10-30,CUST-1138,Bhavna Shah 138,Technology,Monitors,27-inch 4K Monitor,East,Kolkata,1,22000.0,0.0,5000.0,Cash on Delivery
ORD-11790,2025-11-10,CUST-1068,Amit Kumar 68,Technology,Phones,Bluetooth Wireless Earbuds,West,Ahmedabad,1,2000.0,0.2,800.0,UPI
ORD-11791,2024-10-27,CUST-1249,Priya Patel 249,Technology,Accessories,USB-C Multi-Port Hub,West,Pune,1,1800.0,0.0,900.0,Credit Card
ORD-11792,2025-07-15,CUST-1040,Aarti Kapoor 40,Furniture,Tables,Adjustable Standing Desk,North,Chandigarh,1,17100.0,0.05,3100.0,Credit Card
ORD-11793,2024-08-19,CUST-1113,Neha Gupta 113,Furniture,Chairs,Ergonomic Office Chair,South,Bangalore,1,8500.0,0.0,2500.0,Cash on Delivery
ORD-11794,2025-05-09,CUST-1215,Sneha Reddy 215,Office Supplies,Art,Highlighter & Marker Set,East,Bhubaneswar,1,210.0,0.4,60.0,Cash on Delivery
ORD-11795,2025-02-13,CUST-1161,Manish Malhotra 161,Apparel,Footwear,Leather Oxford Shoes,East,Patna,3,8160.0,0.15,3060.0,Debit Card
ORD-11796,2025-03-17,CUST-1095,Preeti Pandey 95,Office Supplies,Paper,A4 Multipurpose Copy Paper (Pack of 5),South,Hyderabad,2,2400.0,0.0,1000.0,Credit Card
ORD-11797,2024-11-25,CUST-1180,Manish Malhotra 180,Furniture,Chairs,Mesh Executive Chair,Central,Nagpur,1,7200.0,0.4,-2300.0,Net Banking
ORD-11798,2025-07-02,CUST-1081,Priya Patel 81,Technology,Phones,Smartphone Pro Max,Central,Bhopal,3,81000.0,0.4,-27000.0,Credit Card
ORD-11799,2025-04-21,CUST-1069,Siddharth Jain 69,Apparel,Footwear,Leather Oxford Shoes,North,Chandigarh,2,4480.0,0.3,1080.0,Cash on Delivery
ORD-11800,2025-03-22,CUST-1017,,Technology,Monitors,27-inch 4K Monitor,North,Noida,1,22000.0,0.0,5000.0,Debit Card
ORD-11801,2025-05-03,CUST-1223,Shweta Mishra 223,Technology,Phones,Bluetooth Wireless Earbuds,North,Jaipur,1,2250.0,0.1,1050.0,Cash on Delivery
ORD-11802,2024-09-15,CUST-1243,Deepak Rao 243,Technology,Accessories,Wireless Mouse,Central,Indore,1,800.0,0.0,400.0,Net Banking
ORD-11803,2024-08-08,CUST-1170,Amit Kumar 170,Office Supplies,Art,Highlighter & Marker Set,West,Ahmedabad,1,175.0,0.5,25.0,Cash on Delivery
ORD-11804,2025-02-20,CUST-1037,Gaurav Tiwari 37,Apparel,Corporate Wear,Tailored Blazer,Central,Indore,4,9600.0,0.5,-800.0,UPI
ORD-11805,2025-12-30,CUST-1151,Vikas Singh 151,Technology,Phones,Smartphone Pro Max,North,Noida,1,36000.0,0.2,0.0,Credit Card
ORD-11806,2024-07-18,CUST-1064,Siddharth Jain 64,Technology,Monitors,27-inch 4K Monitor,South,Bangalore,2,30800.0,0.3,-3200.0,UPI
ORD-11807,2024-11-19,CUST-1180,Manish Malhotra 180,Office Supplies,Paper,Premium Hardbound Notebook,East,Guwahati,2,900.0,0.0,540.0,Debit Card
ORD-11808,2024-07-06,CUST-1025,Rahul Sharma,Furniture,Tables,Wooden Conference Table,West,Pune,3,67500.0,0.1,4500.0,Net Banking
ORD-11809,2024-04-02,CUST-1048,Rohan Mehta 48,Furniture,Tables,Adjustable Standing Desk,East,Bhubaneswar,1,18000.0,0.0,4000.0,Debit Card
ORD-11810,2025-04-07,CUST-1193,Ravi Pillai 193,Technology,Phones,Smartphone Pro Max,Central,Indore,1,22500.0,0.5,-13500.0,UPI
ORD-11811,2025-07-24,CUST-1016,Swati Kulkarni,Office Supplies,Paper,A4 Multipurpose Copy Paper (Pack of 5),North,Lucknow,1,720.0,0.4,20.0,UPI
ORD-11812,2024-01-05,CUST-1084,Aarti Kapoor 84,Office Supplies,Paper,Premium Hardbound Notebook,West,Mumbai,3,675.0,0.5,135.0,Cash on Delivery
ORD-11813,2025-01-18,CUST-1220,Shweta Mishra 220,Technology,Accessories,USB-C Multi-Port Hub,South,Chennai,2,2520.0,0.3,720.0,Credit Card
ORD-11814,2025-07-02,CUST-1056,Alok Deshmukh 56,Office Supplies,Paper,A4 Multipurpose Copy Paper (Pack of 5),North,Lucknow,2,1200.0,0.5,-200.0,Credit Card
ORD-11815,2025-03-27,CUST-1181,Aditya Bose 181,Technology,Monitors,27-inch 4K Monitor,Central,Bhopal,3,46200.0,0.3,-4800.0,UPI
ORD-11816,2025-09-29,CUST-1010,Ananya Roy,Apparel,Corporate Wear,Tailored Blazer,North,Jaipur,5,24000.0,0.0,11000.0,Debit Card
ORD-11817,2025-12-06,CUST-1231,Siddharth Jain 231,Technology,Phones,Smartphone Pro Max,East,Bhubaneswar,2,45000.0,0.5,-27000.0,Debit Card
ORD-11818,2025-04-10,CUST-1238,Suresh Nair 238,Apparel,Corporate Wear,Tailored Blazer,East,Guwahati,5,14400.0,0.4,1400.0,UPI
ORD-11819,2024-10-08,CUST-1246,Gaurav Tiwari 246,Office Supplies,Binders,Heavy-Duty Ring Binder,South,Kochi,1,280.0,0.0,160.0,Net Banking
ORD-11820,2025-11-06,CUST-1215,Sneha Reddy 215,Apparel,Footwear,Leather Oxford Shoes,North,Noida,1,2720.0,0.15,1020.0,Cash on Delivery
ORD-11821,2025-07-30,CUST-1148,Bhavna Shah 148,Apparel,Corporate Wear,Tailored Blazer,Central,Indore,3,13680.0,0.05,5880.0,Debit Card
ORD-11822,2024-10-10,CUST-1242,Bhavna Shah 242,Office Supplies,Storage,Heavy Duty Arch File Box,East,Guwahati,1,455.0,0.3,105.0,UPI
ORD-11823,2025-05-18,CUST-1027,Rohan Mehta,Furniture,Bookcases,5-Tier Wooden Bookshelf,Central,Indore,2,11700.0,0.1,1300.0,Net Banking
ORD-11824,2024-10-21,CUST-1179,Abhishek Saxena 179,Technology,Accessories,Mechanical Keyboard,Central,Bhopal,1,3500.0,0.0,1500.0,Debit Card
ORD-11825,2025-08-24,CUST-1192,Abhishek Saxena 192,Apparel,Footwear,Leather Oxford Shoes,Central,Bhopal,2,6400.0,0.0,3000.0,Cash on Delivery
ORD-11826,2024-01-29,CUST-1013,Tarun Choudhury,Furniture,Tables,Wooden Conference Table,East,Bhubaneswar,1,15000.0,0.4,-6000.0,UPI
ORD-11827,2025-12-01,CUST-1190,Alok Deshmukh 190,Apparel,Corporate Wear,Cotton Formal Shirt,Central,Bhopal,2,3000.0,0.0,1500.0,Credit Card
ORD-11828,2024-04-11,CUST-1118,Bhavna Shah 118,Technology,Monitors,27-inch 4K Monitor,South,Hyderabad,1,20900.0,0.05,3900.0,Net Banking
ORD-11829,2024-07-30,CUST-1147,Tarun Choudhury 147,Technology,Accessories,Wireless Mouse,North,Chandigarh,1,800.0,0.0,400.0,Debit Card
ORD-11830,2024-01-05,CUST-1232,Aarti Kapoor 232,Furniture,Chairs,Mesh Executive Chair,West,Pune,8,91200.0,0.05,15200.0,Debit Card
ORD-11831,2025-02-15,CUST-1012,Ravi Pillai,Technology,Phones,Bluetooth Wireless Earbuds,South,Chennai,2,4500.0,0.1,2100.0,Net Banking
ORD-11832,2025-11-27,CUST-1222,Preeti Pandey 222,Furniture,Tables,Wooden Conference Table,South,Hyderabad,1,25000.0,0.0,4000.0,Net Banking
ORD-11833,2025-02-27,CUST-1097,Sneha Reddy 97,Furniture,Tables,Adjustable Standing Desk,South,Kochi,1,18000.0,0.0,4000.0,Net Banking
ORD-11834,2024-02-12,CUST-1179,Abhishek Saxena 179,Office Supplies,Art,Highlighter & Marker Set,South,Chennai,1,350.0,0.0,200.0,UPI
ORD-11835,2024-06-11,CUST-1231,Siddharth Jain 231,Office Supplies,Binders,Heavy-Duty Ring Binder,North,Lucknow,2,560.0,0.0,320.0,Debit Card
ORD-11836,2025-11-28,CUST-1178,Gaurav Tiwari 178,Office Supplies,Paper,Premium Hardbound Notebook,West,Ahmedabad,1,225.0,0.5,45.0,Debit Card
ORD-11837,2024-04-21,CUST-1195,Abhishek Saxena 195,Technology,Phones,Smartphone Pro Max,East,Bhubaneswar,5,135000.0,0.4,-45000.0,Net Banking
ORD-11838,2024-07-24,CUST-1033,Neha Gupta 33,Apparel,Corporate Wear,Cotton Formal Shirt,North,Chandigarh,2,3000.0,0.0,1500.0,Credit Card
ORD-11839,2024-02-08,CUST-1214,Aarti Kapoor 214,Office Supplies,Paper,Premium Hardbound Notebook,South,Bangalore,3,1350.0,0.0,810.0,Credit Card
ORD-11840,2025-03-22,CUST-1158,Karan Joshi 158,Office Supplies,Paper,A4 Multipurpose Copy Paper (Pack of 5),East,Bhubaneswar,1,1200.0,0.0,500.0,Cash on Delivery
ORD-11841,2024-07-12,CUST-1197,Siddharth Jain 197,Furniture,Chairs,Ergonomic Office Chair,West,Mumbai,2,17000.0,0.0,5000.0,Debit Card
ORD-11842,2024-09-13,CUST-1236,Rahul Sharma 236,Technology,Monitors,27-inch 4K Monitor,West,Surat,1,22000.0,0.0,5000.0,Net Banking
ORD-11843,2025-01-24,CUST-1040,Aarti Kapoor 40,Furniture,Tables,Wooden Conference Table,Central,Bhopal,1,23750.0,0.05,2750.0,Debit Card
ORD-11844,2025-11-04,CUST-1007,Neha Gupta,Office Supplies,Art,Highlighter & Marker Set,North,Lucknow,2,630.0,0.1,330.0,Cash on Delivery
ORD-11845,2024-06-13,CUST-1037,Gaurav Tiwari 37,Apparel,Corporate Wear,Tailored Blazer,West,Mumbai,1,4800.0,0.0,2200.0,Net Banking
ORD-11846,2025-06-14,CUST-1137,Rohan Mehta 137,Technology,Accessories,Wireless Mouse,Central,Nagpur,1,680.0,0.15,280.0,Debit Card
ORD-11847,2024-02-09,CUST-1037,Gaurav Tiwari 37,Technology,Phones,Smartphone Pro Max,South,Bangalore,1,22500.0,0.5,-13500.0,UPI
ORD-11848,2025-01-31,CUST-1197,Siddharth Jain 197,Apparel,Footwear,Leather Oxford Shoes,North,Lucknow,3,9600.0,0.0,4500.0,Cash on Delivery
ORD-11849,2025-07-12,CUST-1019,Rahul Sharma,Technology,Accessories,Wireless Mouse,East,Guwahati,1,400.0,0.5,0.0,Net Banking
ORD-11850,2025-04-05,CUST-1234,Meera Sen 234,Furniture,Chairs,Mesh Executive Chair,East,Patna,1,8400.0,0.3,-1100.0,Net Banking
ORD-11851,2024-06-05,CUST-1117,Karan Joshi 117,Apparel,Corporate Wear,Tailored Blazer,West,Pune,1,4800.0,0.0,2200.0,Net Banking
ORD-11852,2024-09-20,CUST-1226,Rohan Mehta 226,Technology,Monitors,27-inch 4K Monitor,West,Mumbai,1,19800.0,0.1,2800.0,Credit Card
ORD-11853,2024-02-13,CUST-1118,Bhavna Shah 118,Office Supplies,Storage,Heavy Duty Arch File Box,Central,Bhopal,8,5200.0,0.0,2400.0,Debit Card
ORD-11854,2024-08-01,CUST-1242,Bhavna Shah 242,Office Supplies,Paper,Premium Hardbound Notebook,East,Guwahati,2,630.0,0.3,270.0,Net Banking
ORD-11855,2025-02-01,CUST-1119,Shweta Mishra 119,Office Supplies,Paper,A4 Multipurpose Copy Paper (Pack of 5),West,Ahmedabad,2,2400.0,0.0,1000.0,Cash on Delivery
ORD-11856,2024-07-29,CUST-1063,Divya Agarwal 63,Furniture,Chairs,Ergonomic Office Chair,South,Chennai,5,21250.0,0.5,-8750.0,Debit Card
ORD-11857,2025-04-19,CUST-1141,Nisha Bhat 141,Office Supplies,Storage,Heavy Duty Arch File Box,West,Ahmedabad,1,650.0,0.0,300.0,Net Banking
ORD-11858,2024-04-21,CUST-1139,Swati Kulkarni 139,Office Supplies,Art,Highlighter & Marker Set,West,Surat,1,332.5,0.05,182.5,Debit Card
ORD-11859,2025-07-18,CUST-1228,Deepak Rao 228,Technology,Monitors,27-inch 4K Monitor,East,Guwahati,1,15400.0,0.3,-1600.0,UPI
ORD-11860,2025-12-22,CUST-1045,Suresh Nair 45,Furniture,Tables,Adjustable Standing Desk,Central,Bhopal,2,18000.0,0.5,-10000.0,Credit Card
ORD-11861,2024-06-03,CUST-1106,Shweta Mishra 106,Furniture,Bookcases,5-Tier Wooden Bookshelf,East,Bhubaneswar,4,26000.0,0.0,5200.0,Net Banking
ORD-11862,2024-11-19,CUST-1196,Tarun Choudhury 196,Apparel,Corporate Wear,Cotton Formal Shirt,North,Delhi,3,4500.0,0.0,2250.0,UPI
ORD-11863,2024-01-09,CUST-1236,Rahul Sharma 236,Technology,Accessories,Mechanical Keyboard,West,Mumbai,1,2975.0,0.15,975.0,Credit Card
ORD-11864,2024-06-03,CUST-1246,Gaurav Tiwari 246,Furniture,Chairs,Ergonomic Office Chair,West,Mumbai,1,7225.0,0.15,1225.0,Cash on Delivery
ORD-11865,2025-04-02,CUST-1122,Neha Gupta 122,Furniture,Bookcases,5-Tier Wooden Bookshelf,South,Hyderabad,1,3900.0,0.4,-1300.0,Credit Card
ORD-11866,2024-06-04,CUST-1042,Sneha Reddy 42,Office Supplies,Storage,Heavy Duty Arch File Box,North,Noida,4,2080.0,0.2,680.0,Credit Card
ORD-11867,2025-07-29,CUST-1142,Suresh Nair 142,Office Supplies,Binders,Heavy-Duty Ring Binder,West,Pune,8,2240.0,0.0,1280.0,Net Banking
ORD-11868,2024-04-09,CUST-1194,Ananya Roy 194,Technology,Accessories,Mechanical Keyboard,South,Kochi,2,4900.0,0.3,900.0,Credit Card
ORD-11869,2024-01-21,CUST-1151,Vikas Singh 151,Office Supplies,Paper,A4 Multipurpose Copy Paper (Pack of 5),East,Bhubaneswar,1,1200.0,0.0,500.0,Net Banking
ORD-11870,2025-11-18,CUST-1227,Vikas Singh 227,Furniture,Bookcases,5-Tier Wooden Bookshelf,North,Jaipur,1,6500.0,0.0,1300.0,Cash on Delivery
ORD-11871,2024-11-03,CUST-1235,Bhavna Shah 235,Technology,Phones,Bluetooth Wireless Earbuds,North,Lucknow,5,10625.0,0.15,4625.0,Debit Card
ORD-11872,2025-12-29,CUST-1202,Suresh Nair 202,Technology,Accessories,USB-C Multi-Port Hub,West,Surat,1,900.0,0.5,0.0,Net Banking
ORD-11873,2024-06-22,CUST-1094,Shweta Mishra 94,Furniture,Tables,Adjustable Standing Desk,South,Hyderabad,8,144000.0,0.0,32000.0,Net Banking
ORD-11874,2024-11-22,CUST-1014,Siddharth Jain,Furniture,Chairs,Mesh Executive Chair,West,Ahmedabad,1,9600.0,0.2,100.0,Debit Card
ORD-11875,2024-02-11,CUST-1070,Pooja Verma 70,Office Supplies,Art,Highlighter & Marker Set,North,Jaipur,2,700.0,0.0,400.0,Cash on Delivery
ORD-11876,2024-01-11,CUST-1189,Siddharth Jain 189,Apparel,Footwear,Leather Oxford Shoes,North,Jaipur,1,2240.0,0.3,540.0,Net Banking
ORD-11877,2025-02-01,CUST-1010,Ananya Roy,Furniture,Tables,Adjustable Standing Desk,East,Patna,1,10800.0,0.4,-3200.0,Net Banking
ORD-11878,2025-02-20,CUST-1182,Amit Kumar 182,Furniture,Bookcases,5-Tier Wooden Bookshelf,South,Hyderabad,3,11700.0,0.4,-3900.0,Credit Card
ORD-11879,2025-05-15,CUST-1073,Aditya Bose 73,Furniture,Tables,Adjustable Standing Desk,North,Chandigarh,4,72000.0,0.0,16000.0,Debit Card
ORD-11880,2025-06-05,CUST-1230,Sneha Reddy 230,Technology,Phones,Smartphone Pro Max,North,Lucknow,3,135000.0,0.0,27000.0,Credit Card
ORD-11881,2024-03-17,CUST-1046,Karan Joshi 46,Office Supplies,Paper,A4 Multipurpose Copy Paper (Pack of 5),North,Lucknow,2,2280.0,0.05,880.0,UPI
ORD-11882,2024-03-18,CUST-1003,Rahul Sharma,Technology,Accessories,Wireless Mouse,West,Mumbai,1,560.0,0.3,160.0,Debit Card
ORD-11883,2025-10-02,CUST-1181,Aditya Bose 181,Technology,Phones,Bluetooth Wireless Earbuds,South,Bangalore,1,2500.0,0.0,1300.0,UPI
ORD-11884,2025-03-19,CUST-1203,Ananya Roy 203,Furniture,Chairs,Mesh Executive Chair,South,Bangalore,3,28800.0,0.2,300.0,Debit Card
ORD-11885,2025-10-02,CUST-1122,Neha Gupta 122,Furniture,Chairs,Ergonomic Office Chair,East,Bhubaneswar,2,8500.0,0.5,-3500.0,UPI
ORD-11886,2025-03-29,CUST-1048,Rohan Mehta 48,Apparel,Corporate Wear,Cotton Formal Shirt,North,Delhi,1,1425.0,0.05,675.0,Debit Card
ORD-11887,2024-05-27,CUST-1225,Aditya Bose 225,Apparel,Corporate Wear,Tailored Blazer,Central,Bhopal,2,9600.0,0.0,4400.0,Credit Card
ORD-11888,2024-07-10,CUST-1218,Ananya Roy 218,Furniture,Bookcases,5-Tier Wooden Bookshelf,South,Chennai,1,3250.0,0.5,-1950.0,Debit Card
ORD-11889,2025-09-07,CUST-1106,Shweta Mishra 106,Apparel,Corporate Wear,Cotton Formal Shirt,West,Pune,1,1275.0,0.15,525.0,Credit Card
ORD-11890,2025-06-27,CUST-1002,Ananya Roy,Furniture,Tables,Adjustable Standing Desk,West,Pune,1,18000.0,0.0,4000.0,Net Banking
ORD-11891,2024-12-18,CUST-1016,Swati Kulkarni,Office Supplies,Storage,Heavy Duty Arch File Box,North,Chandigarh,1,650.0,0.0,300.0,Debit Card
ORD-11892,2025-08-25,CUST-1198,Aarti Kapoor 198,Office Supplies,Paper,A4 Multipurpose Copy Paper (Pack of 5),Central,Nagpur,5,3000.0,0.5,-500.0,Debit Card
ORD-11893,2024-11-22,CUST-1191,Rahul Sharma 191,Office Supplies,Binders,Heavy-Duty Ring Binder,West,Surat,1,196.0,0.3,76.0,Debit Card
ORD-11894,2025-07-13,CUST-1191,Rahul Sharma 191,Furniture,Chairs,Ergonomic Office Chair,South,Chennai,1,7225.0,0.15,1225.0,Net Banking
ORD-11895,2025-04-21,CUST-1226,Rohan Mehta 226,Office Supplies,Art,Highlighter & Marker Set,West,Surat,2,490.0,0.3,190.0,Net Banking
ORD-11896,2024-06-05,CUST-1037,Gaurav Tiwari 37,Office Supplies,Paper,Premium Hardbound Notebook,East,Kolkata,4,1530.0,0.15,810.0,Net Banking
ORD-11897,2025-11-01,CUST-1112,Ravi Pillai 112,Technology,Monitors,27-inch 4K Monitor,South,Chennai,1,22000.0,0.0,5000.0,Net Banking
ORD-11898,2025-04-28,CUST-1039,Rahul Sharma 39,Furniture,Tables,Adjustable Standing Desk,West,Pune,1,14400.0,0.2,400.0,Credit Card
ORD-11899,2024-11-06,CUST-1219,Alok Deshmukh 219,Apparel,Corporate Wear,Tailored Blazer,West,Pune,1,2400.0,0.5,-200.0,Net Banking
ORD-11900,2025-03-19,CUST-1112,Ravi Pillai 112,Technology,Monitors,27-inch 4K Monitor,East,Kolkata,1,22000.0,0.0,5000.0,UPI
ORD-11901,2024-11-27,CUST-1156,Siddharth Jain 156,Furniture,Tables,Wooden Conference Table,South,Chennai,2,35000.0,0.3,-7000.0,Credit Card
ORD-11902,2025-03-02,CUST-1126,Aarti Kapoor 126,Technology,Accessories,Wireless Mouse,West,Pune,1,720.0,0.1,320.0,Cash on Delivery
ORD-11903,2025-03-15,CUST-1157,Siddharth Jain 157,Technology,Phones,Smartphone Pro Max,Central,Bhopal,2,76500.0,0.15,4500.0,Debit Card
ORD-11904,2025-12-06,CUST-1095,Preeti Pandey 95,Apparel,Footwear,Leather Oxford Shoes,East,Kolkata,1,2720.0,0.15,1020.0,Net Banking
ORD-11905,2024-09-09,CUST-1054,Ananya Roy 54,Furniture,Bookcases,5-Tier Wooden Bookshelf,South,Hyderabad,2,9100.0,0.3,-1300.0,Debit Card
ORD-11906,2025-07-22,CUST-1088,Neha Gupta 88,Apparel,Footwear,Leather Oxford Shoes,West,Pune,4,10880.0,0.15,4080.0,Cash on Delivery
ORD-11907,2024-08-22,CUST-1182,Amit Kumar 182,Apparel,Footwear,Leather Oxford Shoes,Central,Bhopal,3,9120.0,0.05,4020.0,Net Banking
ORD-11908,2025-07-30,CUST-1121,Siddharth Jain 121,Technology,Accessories,Wireless Mouse,West,Mumbai,1,800.0,0.0,400.0,Cash on Delivery
ORD-11909,2024-11-15,CUST-1155,Ravi Pillai 155,Furniture,Tables,Adjustable Standing Desk,North,Chandigarh,1,17100.0,0.05,3100.0,Debit Card
ORD-11910,2025-10-16,CUST-1064,Siddharth Jain 64,Furniture,Chairs,Mesh Executive Chair,North,Jaipur,1,6000.0,0.5,-3500.0,Net Banking
ORD-11911,2025-07-29,CUST-1038,Alok Deshmukh 38,Furniture,Tables,Adjustable Standing Desk,West,Surat,8,72000.0,0.5,-40000.0,Cash on Delivery
ORD-11912,2024-07-23,CUST-1211,Ravi Pillai 211,Furniture,Chairs,Ergonomic Office Chair,Central,Nagpur,1,8500.0,0.0,2500.0,Credit Card
ORD-11913,2025-06-20,CUST-1205,Manish Malhotra 205,Apparel,Corporate Wear,Cotton Formal Shirt,West,Pune,3,3600.0,0.2,1350.0,UPI
ORD-11914,2024-10-10,CUST-1007,Neha Gupta,Technology,Accessories,Wireless Mouse,East,Kolkata,1,800.0,0.0,400.0,Net Banking
ORD-11915,2025-10-02,CUST-1041,Gaurav Tiwari 41,Office Supplies,Art,Highlighter & Marker Set,West,Mumbai,5,1225.0,0.3,475.0,Debit Card
ORD-11916,2024-07-21,CUST-1181,Aditya Bose 181,Office Supplies,Art,Highlighter & Marker Set,West,Pune,2,595.0,0.15,295.0,UPI
ORD-11917,2024-05-06,CUST-1014,Siddharth Jain,Furniture,Bookcases,5-Tier Wooden Bookshelf,Central,Indore,1,5525.0,0.15,325.0,Net Banking
ORD-11918,2025-07-17,CUST-1007,Neha Gupta,Office Supplies,Storage,Heavy Duty Arch File Box,West,Surat,1,325.0,0.5,-25.0,UPI
ORD-11919,2025-12-25,CUST-1146,Kavita Das 146,Technology,Accessories,Mechanical Keyboard,Central,Bhopal,3,10500.0,0.0,4500.0,Net Banking
ORD-11920,2024-03-06,CUST-1238,Suresh Nair 238,Technology,Accessories,USB-C Multi-Port Hub,South,Chennai,1,1800.0,0.0,900.0,Credit Card
ORD-11921,2024-04-04,CUST-1194,Ananya Roy 194,Office Supplies,Paper,A4 Multipurpose Copy Paper (Pack of 5),West,Ahmedabad,1,1020.0,0.15,320.0,UPI
ORD-11922,2025-05-19,CUST-1103,Nisha Bhat 103,Apparel,Corporate Wear,Tailored Blazer,North,Noida,1,3840.0,0.2,1240.0,Credit Card
ORD-11923,2025-07-15,CUST-1211,Ravi Pillai 211,Technology,Accessories,USB-C Multi-Port Hub,South,Kochi,1,1620.0,0.1,720.0,Credit Card
ORD-11924,2024-09-02,CUST-1015,Amit Kumar,Apparel,Corporate Wear,Tailored Blazer,North,Delhi,2,9120.0,0.05,3920.0,Net Banking
ORD-11925,2024-02-13,CUST-1011,Abhishek Saxena,Furniture,Chairs,Mesh Executive Chair,South,Chennai,5,60000.0,0.0,12500.0,Cash on Delivery
ORD-11926,2024-12-22,CUST-1102,Karan Joshi 102,Technology,Accessories,Wireless Mouse,Central,Indore,2,1280.0,0.2,480.0,Cash on Delivery
ORD-11927,2024-03-10,CUST-1011,Abhishek Saxena,Furniture,Chairs,Ergonomic Office Chair,Central,Bhopal,1,4250.0,0.5,-1750.0,Net Banking
ORD-11928,2024-01-08,CUST-1090,Ananya Roy 90,Technology,Accessories,USB-C Multi-Port Hub,Central,Indore,2,3600.0,0.0,1800.0,Net Banking
ORD-11929,2024-08-05,CUST-1039,Rahul Sharma 39,Apparel,Corporate Wear,Tailored Blazer,North,Noida,1,2880.0,0.4,280.0,Debit Card
ORD-11930,2025-06-07,CUST-1100,Rohan Mehta 100,Technology,Monitors,27-inch 4K Monitor,South,Hyderabad,1,18700.0,0.15,1700.0,Debit Card
ORD-11931,2025-02-06,CUST-1031,Siddharth Jain 31,Furniture,Tables,Wooden Conference Table,East,Kolkata,1,15000.0,0.4,-6000.0,Net Banking
ORD-11932,2024-07-28,CUST-1048,Rohan Mehta 48,Technology,Phones,Smartphone Pro Max,North,Chandigarh,3,128250.0,0.05,20250.0,Credit Card
ORD-11933,2025-08-06,CUST-1189,Siddharth Jain 189,Furniture,Tables,Wooden Conference Table,South,Hyderabad,1,25000.0,0.0,4000.0,Credit Card
ORD-11934,2025-08-03,CUST-1228,Deepak Rao 228,Furniture,Tables,Adjustable Standing Desk,South,Bangalore,1,17100.0,0.05,3100.0,Credit Card
ORD-11935,2024-12-13,CUST-1185,Aditya Bose 185,Furniture,Bookcases,5-Tier Wooden Bookshelf,East,Guwahati,2,13000.0,0.0,2600.0,Net Banking
ORD-11936,2025-05-06,CUST-1144,Shweta Mishra 144,Furniture,Tables,Wooden Conference Table,South,Bangalore,2,50000.0,0.0,8000.0,UPI
ORD-11937,2025-09-26,CUST-1013,Tarun Choudhury,Technology,Accessories,Wireless Mouse,West,Mumbai,1,640.0,0.2,240.0,Cash on Delivery
ORD-11938,2024-06-12,CUST-1025,Rahul Sharma,Technology,Accessories,Mechanical Keyboard,West,Pune,2,5600.0,0.2,1600.0,Debit Card
ORD-11939,2024-03-18,CUST-1072,Shweta Mishra 72,Office Supplies,Storage,Heavy Duty Arch File Box,North,Jaipur,3,1950.0,0.0,900.0,Debit Card
ORD-11940,2024-05-25,CUST-1068,Amit Kumar 68,Office Supplies,Art,Highlighter & Marker Set,South,Bangalore,4,1400.0,0.0,800.0,Net Banking
ORD-11941,2024-06-27,CUST-1004,Ravi Pillai,Technology,Phones,Smartphone Pro Max,North,Lucknow,2,45000.0,0.5,-27000.0,Cash on Delivery
ORD-11942,2024-12-19,CUST-1123,Abhishek Saxena 123,Technology,Accessories,USB-C Multi-Port Hub,South,Chennai,1,1440.0,0.2,540.0,UPI
ORD-11943,2024-02-08,CUST-1128,Priya Patel 128,Office Supplies,Storage,Heavy Duty Arch File Box,East,Guwahati,1,650.0,0.0,300.0,Cash on Delivery
ORD-11944,2024-02-15,CUST-1169,Rajesh Iyer 169,Technology,Accessories,USB-C Multi-Port Hub,West,Ahmedabad,3,5130.0,0.05,2430.0,Debit Card
ORD-11945,2024-01-25,CUST-1172,Priya Patel 172,Furniture,Tables,Adjustable Standing Desk,South,Chennai,2,36000.0,0.0,8000.0,UPI
ORD-11946,2025-07-30,CUST-1214,Aarti Kapoor 214,Office Supplies,Storage,Heavy Duty Arch File Box,Central,Nagpur,2,1235.0,0.05,535.0,UPI
ORD-11947,2024-10-20,CUST-1154,Neha Gupta 154,Office Supplies,Paper,A4 Multipurpose Copy Paper (Pack of 5),East,Guwahati,2,2040.0,0.15,640.0,Debit Card
ORD-11948,2025-07-18,CUST-1139,Swati Kulkarni 139,Technology,Phones,Bluetooth Wireless Earbuds,West,Ahmedabad,1,1250.0,0.5,50.0,Net Banking
ORD-11949,2025-01-16,CUST-1120,Nisha Bhat 120,Office Supplies,Paper,A4 Multipurpose Copy Paper (Pack of 5),West,Pune,3,2520.0,0.3,420.0,Cash on Delivery
ORD-11950,2025-02-21,CUST-1093,Divya Agarwal 93,Office Supplies,Storage,Heavy Duty Arch File Box,North,Noida,1,650.0,0.0,300.0,Debit Card
ORD-11951,2025-01-02,CUST-1166,Neha Gupta 166,Office Supplies,Art,Highlighter & Marker Set,East,Bhubaneswar,4,1190.0,0.15,590.0,Cash on Delivery
ORD-11952,2025-11-18,CUST-1162,Tarun Choudhury 162,Technology,Monitors,27-inch 4K Monitor,Central,Bhopal,8,167200.0,0.05,31200.0,Net Banking
ORD-11953,2024-03-24,CUST-1211,Ravi Pillai 211,Office Supplies,Storage,Heavy Duty Arch File Box,North,Noida,2,780.0,0.4,80.0,UPI
ORD-11954,2025-08-12,CUST-1002,Ananya Roy,Furniture,Tables,Adjustable Standing Desk,Central,Nagpur,5,85500.0,0.05,15500.0,Debit Card
ORD-11955,2025-05-15,CUST-1030,Nisha Bhat,Furniture,Bookcases,5-Tier Wooden Bookshelf,West,Surat,2,10400.0,0.2,0.0,Credit Card
ORD-11956,2025-08-13,CUST-1090,Ananya Roy 90,Office Supplies,Storage,Heavy Duty Arch File Box,North,Lucknow,2,910.0,0.3,210.0,Credit Card
ORD-11957,2025-12-11,CUST-1049,Aarti Kapoor 49,Technology,Accessories,Wireless Mouse,Central,Bhopal,2,1600.0,0.0,800.0,Debit Card
ORD-11958,2024-09-04,CUST-1194,Ananya Roy 194,Office Supplies,Paper,Premium Hardbound Notebook,West,Pune,2,900.0,0.0,540.0,Credit Card
ORD-11959,2024-01-25,CUST-1005,Karan Joshi,Technology,Accessories,Wireless Mouse,West,Mumbai,1,800.0,0.0,400.0,UPI
ORD-11960,2024-09-16,CUST-1116,Kavita Das 116,Technology,Phones,Smartphone Pro Max,East,Patna,2,90000.0,0.0,18000.0,Cash on Delivery
ORD-11961,2024-11-07,CUST-1078,Rohan Mehta 78,Office Supplies,Storage,Heavy Duty Arch File Box,Central,Nagpur,4,1300.0,0.5,-100.0,Cash on Delivery
ORD-11962,2024-02-12,CUST-1174,Ananya Roy 174,Office Supplies,Binders,Heavy-Duty Ring Binder,North,Chandigarh,1,280.0,0.0,160.0,Debit Card
ORD-11963,2025-12-18,CUST-1205,Manish Malhotra 205,Office Supplies,Paper,Premium Hardbound Notebook,Central,Bhopal,1,225.0,0.5,45.0,Cash on Delivery
ORD-11964,2024-12-25,CUST-1176,Shweta Mishra 176,Office Supplies,Binders,Heavy-Duty Ring Binder,North,Chandigarh,1,196.0,0.3,76.0,UPI
ORD-11965,2025-05-01,CUST-1065,Ananya Roy 65,Apparel,Corporate Wear,Tailored Blazer,North,Delhi,1,4800.0,0.0,2200.0,Net Banking
ORD-11966,2025-01-23,CUST-1192,Abhishek Saxena 192,Furniture,Bookcases,5-Tier Wooden Bookshelf,South,Kochi,1,5850.0,0.1,650.0,Cash on Delivery
ORD-11967,2025-12-21,CUST-1056,Alok Deshmukh 56,Office Supplies,Storage,Heavy Duty Arch File Box,North,Delhi,2,650.0,0.5,-50.0,UPI
ORD-11968,2025-06-02,CUST-1114,Sneha Reddy 114,Technology,Accessories,USB-C Multi-Port Hub,Central,Bhopal,2,1800.0,0.5,0.0,Net Banking
ORD-11969,2025-07-02,CUST-1168,Meera Sen 168,Technology,Accessories,Mechanical Keyboard,West,Mumbai,2,4900.0,0.3,900.0,Credit Card
ORD-11970,2025-04-07,CUST-1076,Deepak Rao 76,Technology,Monitors,27-inch 4K Monitor,North,Jaipur,2,35200.0,0.2,1200.0,UPI
ORD-11971,2025-10-07,CUST-1124,Suresh Nair 124,Office Supplies,Binders,Heavy-Duty Ring Binder,South,Bangalore,1,280.0,0.0,160.0,Net Banking
ORD-11972,2024-02-14,CUST-1078,Rohan Mehta 78,Technology,Monitors,27-inch 4K Monitor,South,Hyderabad,4,44000.0,0.5,-24000.0,Net Banking
ORD-11973,2024-08-22,CUST-1183,Kavita Das 183,Office Supplies,Art,Highlighter & Marker Set,North,Delhi,1,350.0,0.0,200.0,Cash on Delivery
ORD-11974,2025-07-30,CUST-1007,Neha Gupta,Office Supplies,Art,Highlighter & Marker Set,East,Patna,3,840.0,0.2,390.0,UPI
ORD-11975,2025-12-26,CUST-1178,Gaurav Tiwari 178,Office Supplies,Paper,A4 Multipurpose Copy Paper (Pack of 5),Central,Bhopal,1,1200.0,0.0,500.0,Debit Card
ORD-11976,2025-03-22,CUST-1143,Rohan Mehta 143,Office Supplies,Storage,Heavy Duty Arch File Box,North,Delhi,1,552.5,0.15,202.5,Net Banking
ORD-11977,2025-02-14,CUST-1130,Preeti Pandey 130,Furniture,Chairs,Mesh Executive Chair,South,Bangalore,1,12000.0,0.0,2500.0,Cash on Delivery
ORD-11978,2024-07-10,CUST-1171,Aarti Kapoor 171,Furniture,Chairs,Ergonomic Office Chair,East,Patna,2,11900.0,0.3,-100.0,UPI
ORD-11979,2025-11-04,CUST-1144,Shweta Mishra 144,Technology,Accessories,Mechanical Keyboard,South,Chennai,1,3500.0,0.0,1500.0,Net Banking
ORD-11980,2024-01-12,CUST-1096,Deepak Rao 96,Technology,Accessories,Mechanical Keyboard,Central,Bhopal,1,3150.0,0.1,1150.0,Cash on Delivery
ORD-11981,2025-06-27,CUST-1003,Rahul Sharma,Furniture,Tables,Wooden Conference Table,South,Hyderabad,4,70000.0,0.3,-14000.0,Credit Card
ORD-11982,2024-07-12,CUST-1170,Amit Kumar 170,Office Supplies,Binders,Heavy-Duty Ring Binder,East,Guwahati,1,280.0,0.0,160.0,Net Banking
ORD-11983,2025-07-20,CUST-1163,Swati Kulkarni 163,Apparel,Corporate Wear,Tailored Blazer,North,Lucknow,2,5760.0,0.4,560.0,Credit Card
ORD-11984,2024-03-10,CUST-1123,Abhishek Saxena 123,Apparel,Corporate Wear,Cotton Formal Shirt,North,Noida,1,1200.0,0.2,450.0,Debit Card
ORD-11985,2024-08-18,CUST-1212,Karan Joshi 212,Furniture,Tables,Adjustable Standing Desk,East,Kolkata,3,54000.0,0.0,12000.0,Debit Card
ORD-11986,2025-02-08,CUST-1008,Vikas Singh,Furniture,Chairs,Ergonomic Office Chair,West,Surat,1,8075.0,0.05,2075.0,Credit Card
ORD-11987,2025-05-05,CUST-1158,Karan Joshi 158,Apparel,Corporate Wear,Cotton Formal Shirt,East,Bhubaneswar,1,900.0,0.4,150.0,Debit Card
ORD-11988,2025-05-24,CUST-1198,Aarti Kapoor 198,Technology,Accessories,USB-C Multi-Port Hub,East,Kolkata,1,1080.0,0.4,180.0,UPI
ORD-11989,2025-12-22,CUST-1038,Alok Deshmukh 38,Technology,Accessories,Mechanical Keyboard,West,Ahmedabad,1,2450.0,0.3,450.0,Debit Card
ORD-11990,2024-11-06,CUST-1155,Ravi Pillai 155,Furniture,Bookcases,5-Tier Wooden Bookshelf,West,Surat,2,10400.0,0.2,0.0,Cash on Delivery
ORD-11991,2025-12-12,CUST-1175,Vikas Singh 175,Apparel,Footwear,Leather Oxford Shoes,South,Kochi,1,2240.0,0.3,540.0,Debit Card
ORD-11992,2025-06-29,CUST-1133,Suresh Nair 133,Technology,Accessories,USB-C Multi-Port Hub,West,Ahmedabad,5,8100.0,0.1,3600.0,Cash on Delivery
ORD-11993,2025-06-09,CUST-1059,Karan Joshi 59,Furniture,Bookcases,5-Tier Wooden Bookshelf,West,Pune,2,11050.0,0.15,650.0,Debit Card
ORD-11994,2024-07-15,CUST-1212,Karan Joshi 212,Furniture,Bookcases,5-Tier Wooden Bookshelf,Central,Nagpur,1,5850.0,0.1,650.0,Cash on Delivery
ORD-11995,2025-03-10,CUST-1172,Priya Patel 172,Furniture,Chairs,Ergonomic Office Chair,Central,Bhopal,3,22950.0,0.1,4950.0,Credit Card
ORD-11996,2025-12-04,CUST-1183,Kavita Das 183,Apparel,Corporate Wear,Tailored Blazer,Central,Indore,1,3360.0,0.3,760.0,Cash on Delivery
ORD-11997,2025-06-16,CUST-1045,Suresh Nair 45,Technology,Phones,Smartphone Pro Max,West,Pune,1,38250.0,0.15,2250.0,Credit Card
ORD-11998,2025-10-25,CUST-1096,Deepak Rao 96,Furniture,Chairs,Mesh Executive Chair,East,Guwahati,3,18000.0,0.5,-10500.0,Net Banking
ORD-11999,2025-07-04,CUST-1088,Neha Gupta 88,Technology,Phones,Bluetooth Wireless Earbuds,West,Mumbai,1,2000.0,0.2,800.0,Cash on Delivery
ORD-12000,2025-02-06,CUST-1001,Shweta Mishra,Technology,Accessories,USB-C Multi-Port Hub,South,Hyderabad,4,5040.0,0.3,1440.0,Cash on Delivery
ORD-12001,2025-08-20,CUST-1211,Ravi Pillai 211,Furniture,Tables,Adjustable Standing Desk,Central,Nagpur,1,16200.0,0.1,2200.0,UPI
ORD-12002,2025-03-13,CUST-1161,Manish Malhotra 161,Office Supplies,Binders,Heavy-Duty Ring Binder,Central,Bhopal,2,448.0,0.2,208.0,Debit Card
ORD-12003,2024-05-02,CUST-1036,Karan Joshi 36,Technology,Monitors,27-inch 4K Monitor,North,Jaipur,3,66000.0,0.0,15000.0,UPI
ORD-12004,2024-03-12,CUST-1072,Shweta Mishra 72,Technology,Phones,Smartphone Pro Max,Central,Nagpur,1,45000.0,0.0,9000.0,Net Banking
ORD-12005,2024-07-28,CUST-1011,Abhishek Saxena,Apparel,Footwear,Leather Oxford Shoes,North,Delhi,1,1600.0,0.5,-100.0,Debit Card
ORD-12006,2024-10-18,CUST-1060,Gaurav Tiwari 60,Furniture,Chairs,Mesh Executive Chair,Central,Nagpur,2,21600.0,0.1,2600.0,Cash on Delivery
ORD-12007,2024-12-28,CUST-1039,Rahul Sharma 39,Technology,Accessories,Wireless Mouse,Central,Nagpur,1,760.0,0.05,360.0,Credit Card
ORD-12008,2025-01-27,CUST-1053,Kavita Das 53,Apparel,Corporate Wear,Tailored Blazer,Central,Bhopal,5,24000.0,0.0,11000.0,Cash on Delivery
ORD-12009,2025-09-20,CUST-1250,Neha Gupta 250,Furniture,Tables,Adjustable Standing Desk,East,Kolkata,1,14400.0,0.2,400.0,Credit Card
ORD-12010,2024-09-04,CUST-1118,Bhavna Shah 118,Technology,Monitors,27-inch 4K Monitor,South,Chennai,1,22000.0,0.0,5000.0,Credit Card
ORD-12011,2025-12-28,CUST-1154,Neha Gupta 154,Office Supplies,Paper,Premium Hardbound Notebook,East,Bhubaneswar,1,450.0,0.0,270.0,Net Banking
ORD-12012,2025-12-30,CUST-1039,Rahul Sharma 39,Office Supplies,Paper,Premium Hardbound Notebook,Central,Indore,1,405.0,0.1,225.0,Credit Card
ORD-12013,2025-11-20,CUST-1203,Ananya Roy 203,Apparel,Corporate Wear,Cotton Formal Shirt,West,Ahmedabad,1,900.0,0.4,150.0,Cash on Delivery
ORD-12014,2025-02-01,CUST-1215,Sneha Reddy 215,Office Supplies,Art,Highlighter & Marker Set,Central,Bhopal,1,350.0,0.0,200.0,Cash on Delivery
ORD-12015,2025-12-16,CUST-1044,Manish Malhotra 44,Office Supplies,Paper,Premium Hardbound Notebook,South,Chennai,1,360.0,0.2,180.0,Debit Card
ORD-12016,2024-09-11,CUST-1184,Kavita Das 184,Furniture,Tables,Wooden Conference Table,South,Kochi,2,35000.0,0.3,-7000.0,UPI
ORD-12017,2025-12-03,CUST-1063,Divya Agarwal 63,Technology,Accessories,USB-C Multi-Port Hub,East,Kolkata,1,1530.0,0.15,630.0,Debit Card
ORD-12018,2025-01-25,CUST-1006,Neha Gupta,Office Supplies,Binders,Heavy-Duty Ring Binder,East,Guwahati,4,1120.0,0.0,640.0,Net Banking
ORD-12019,2024-09-18,CUST-1090,Ananya Roy 90,Furniture,Chairs,Mesh Executive Chair,West,Ahmedabad,4,43200.0,0.1,5200.0,Net Banking
ORD-12020,2024-06-10,CUST-1044,Manish Malhotra 44,Furniture,Chairs,Mesh Executive Chair,Central,Nagpur,2,14400.0,0.4,-4600.0,Credit Card
ORD-12021,2024-02-07,CUST-1098,Deepak Rao 98,Office Supplies,Paper,A4 Multipurpose Copy Paper (Pack of 5),North,Lucknow,1,1200.0,0.0,500.0,UPI
ORD-12022,2025-09-22,CUST-1179,Abhishek Saxena 179,Apparel,Corporate Wear,Tailored Blazer,North,Jaipur,1,4320.0,0.1,1720.0,Net Banking
ORD-12023,2024-06-01,CUST-1076,Deepak Rao 76,Technology,Phones,Bluetooth Wireless Earbuds,East,Patna,4,10000.0,0.0,5200.0,Credit Card
ORD-12024,2025-02-23,CUST-1080,Amit Kumar 80,Technology,Monitors,27-inch 4K Monitor,Central,Bhopal,1,22000.0,0.0,5000.0,Cash on Delivery
ORD-12025,2024-02-23,CUST-1147,Tarun Choudhury 147,Technology,Monitors,27-inch 4K Monitor,West,Surat,5,110000.0,0.0,25000.0,Credit Card
ORD-12026,2024-01-18,CUST-1207,Divya Agarwal 207,Furniture,Chairs,Ergonomic Office Chair,Central,Nagpur,1,8500.0,0.0,2500.0,Debit Card
ORD-12027,2024-07-02,CUST-1137,Rohan Mehta 137,Technology,Phones,Smartphone Pro Max,East,Patna,3,135000.0,0.0,27000.0,Cash on Delivery
ORD-12028,2024-07-10,CUST-1063,Divya Agarwal 63,Technology,Accessories,Wireless Mouse,West,Pune,3,1440.0,0.4,240.0,UPI
ORD-12029,2025-05-27,CUST-1130,Preeti Pandey 130,Technology,Accessories,Mechanical Keyboard,East,Bhubaneswar,1,2450.0,0.3,450.0,Credit Card
ORD-12030,2024-05-15,CUST-1062,Ravi Pillai 62,Office Supplies,Paper,A4 Multipurpose Copy Paper (Pack of 5),Central,Indore,2,1680.0,0.3,280.0,Credit Card
ORD-12031,2025-10-06,CUST-1164,Kavita Das 164,Technology,Accessories,Mechanical Keyboard,North,Chandigarh,1,3150.0,0.1,1150.0,Net Banking
ORD-12032,2025-06-25,CUST-1205,Manish Malhotra 205,Office Supplies,Binders,Heavy-Duty Ring Binder,East,Guwahati,4,784.0,0.3,304.0,Cash on Delivery
ORD-12033,2024-12-28,CUST-1148,Bhavna Shah 148,Office Supplies,Paper,Premium Hardbound Notebook,West,Surat,1,315.0,0.3,135.0,Credit Card
ORD-12034,2024-02-07,CUST-1053,Kavita Das 53,Technology,Accessories,USB-C Multi-Port Hub,Central,Indore,3,5400.0,0.0,2700.0,Cash on Delivery
ORD-12035,2025-02-26,CUST-1098,Deepak Rao 98,Office Supplies,Paper,Premium Hardbound Notebook,West,Ahmedabad,1,315.0,0.3,135.0,Credit Card
ORD-12036,2024-01-17,CUST-1056,Alok Deshmukh 56,Office Supplies,Storage,Heavy Duty Arch File Box,South,Kochi,4,2600.0,0.0,1200.0,Debit Card
ORD-12037,2025-02-09,CUST-1063,Divya Agarwal 63,Technology,Phones,Bluetooth Wireless Earbuds,North,Lucknow,4,9000.0,0.1,4200.0,Net Banking
ORD-12038,2025-02-12,CUST-1120,Nisha Bhat 120,Office Supplies,Art,Highlighter & Marker Set,West,Pune,2,560.0,0.2,260.0,UPI
ORD-12039,2024-09-08,CUST-1243,Deepak Rao 243,Technology,Phones,Bluetooth Wireless Earbuds,North,Jaipur,1,2125.0,0.15,925.0,Net Banking
ORD-12040,2025-01-30,CUST-1228,Deepak Rao 228,Office Supplies,Storage,Heavy Duty Arch File Box,North,Noida,1,390.0,0.4,40.0,Cash on Delivery
ORD-12041,2025-05-03,CUST-1011,Abhishek Saxena,Office Supplies,Binders,Heavy-Duty Ring Binder,North,Jaipur,1,252.0,0.1,132.0,Cash on Delivery
ORD-12042,2024-06-18,CUST-1003,Rahul Sharma,Technology,Phones,Smartphone Pro Max,South,Hyderabad,1,27000.0,0.4,-9000.0,Credit Card
ORD-12043,2025-10-07,CUST-1007,Neha Gupta,Office Supplies,Art,Highlighter & Marker Set,East,Patna,3,735.0,0.3,285.0,Debit Card
ORD-12044,2025-09-28,CUST-1084,Aarti Kapoor 84,Furniture,Tables,Wooden Conference Table,West,Mumbai,3,37500.0,0.5,-25500.0,UPI
ORD-12045,2025-03-24,CUST-1195,Abhishek Saxena 195,Office Supplies,Binders,Heavy-Duty Ring Binder,East,Kolkata,2,336.0,0.4,96.0,Cash on Delivery
ORD-12046,2025-06-02,CUST-1018,Priya Patel,Technology,Phones,Bluetooth Wireless Earbuds,East,Patna,2,3500.0,0.3,1100.0,Debit Card
ORD-12047,2024-05-27,CUST-1037,Gaurav Tiwari 37,Furniture,Chairs,Ergonomic Office Chair,North,Noida,1,6800.0,0.2,800.0,Credit Card
ORD-12048,2024-02-12,CUST-1012,Ravi Pillai,Furniture,Tables,Wooden Conference Table,North,Lucknow,1,12500.0,0.5,-8500.0,Credit Card
ORD-12049,2025-03-03,CUST-1205,Manish Malhotra 205,Technology,Phones,Bluetooth Wireless Earbuds,East,Patna,10,23750.0,0.05,11750.0,UPI
ORD-12050,2024-03-08,CUST-1042,Sneha Reddy 42,Technology,Accessories,Mechanical Keyboard,West,Surat,3,9975.0,0.05,3975.0,Net Banking
ORD-12051,2024-06-18,CUST-1237,Aditya Bose 237,Office Supplies,Binders,Heavy-Duty Ring Binder,North,Delhi,2,476.0,0.15,236.0,Cash on Delivery
ORD-12052,2025-01-16,CUST-1218,Ananya Roy 218,Office Supplies,Binders,Heavy-Duty Ring Binder,West,Ahmedabad,2,476.0,0.15,236.0,Cash on Delivery
ORD-12053,2024-06-08,CUST-1171,Aarti Kapoor 171,Apparel,Footwear,Leather Oxford Shoes,Central,Nagpur,1,1600.0,0.5,-100.0,Credit Card
ORD-12054,2024-08-19,CUST-1209,Ravi Pillai 209,Technology,Accessories,Wireless Mouse,East,Guwahati,1,480.0,0.4,80.0,Debit Card
ORD-12055,2025-05-25,CUST-1250,Neha Gupta 250,Office Supplies,Paper,Premium Hardbound Notebook,North,Noida,1,405.0,0.1,225.0,UPI
ORD-12056,2024-05-31,CUST-1143,Rohan Mehta 143,Furniture,Chairs,Mesh Executive Chair,South,Chennai,2,24000.0,0.0,5000.0,UPI
ORD-12057,2025-12-15,CUST-1093,Divya Agarwal 93,Office Supplies,Storage,Heavy Duty Arch File Box,East,Guwahati,2,1170.0,0.1,470.0,UPI
ORD-12058,2024-09-05,CUST-1042,Sneha Reddy 42,Office Supplies,Binders,Heavy-Duty Ring Binder,North,Jaipur,4,1120.0,0.0,640.0,Net Banking
ORD-12059,2025-02-19,CUST-1209,Ravi Pillai 209,Office Supplies,Storage,Heavy Duty Arch File Box,South,Kochi,2,1300.0,0.0,600.0,Debit Card
ORD-12060,2025-01-14,CUST-1031,Siddharth Jain 31,Furniture,Tables,Wooden Conference Table,South,Kochi,4,70000.0,0.3,-14000.0,Net Banking
ORD-12061,2025-08-25,CUST-1055,Deepak Rao 55,Office Supplies,Paper,Premium Hardbound Notebook,East,Bhubaneswar,1,225.0,0.5,45.0,Credit Card
ORD-12062,2024-11-19,CUST-1097,Sneha Reddy 97,Technology,Accessories,USB-C Multi-Port Hub,North,Delhi,1,1800.0,0.0,900.0,Credit Card
ORD-12063,2025-07-07,CUST-1110,Sneha Reddy 110,Office Supplies,Binders,Heavy-Duty Ring Binder,North,Lucknow,10,2800.0,0.0,1600.0,Net Banking
ORD-12064,2024-06-30,CUST-1009,Ravi Pillai,Technology,Phones,Bluetooth Wireless Earbuds,West,Ahmedabad,2,4250.0,0.15,1850.0,Cash on Delivery
ORD-12065,2024-03-30,CUST-1011,Abhishek Saxena,Technology,Monitors,27-inch 4K Monitor,West,Ahmedabad,1,11000.0,0.5,-6000.0,UPI
ORD-12066,2024-02-10,CUST-1158,Karan Joshi 158,Technology,Accessories,Wireless Mouse,South,Chennai,4,2240.0,0.3,640.0,UPI
ORD-12067,2024-09-30,CUST-1152,Karan Joshi 152,Furniture,Tables,Wooden Conference Table,Central,Nagpur,1,12500.0,0.5,-8500.0,Debit Card
ORD-12068,2024-05-21,CUST-1017,Manish Malhotra,Office Supplies,Art,Highlighter & Marker Set,Central,Indore,1,210.0,0.4,60.0,UPI
ORD-12069,2025-05-23,CUST-1156,Siddharth Jain 156,Furniture,Chairs,Mesh Executive Chair,West,Mumbai,1,10200.0,0.15,700.0,Credit Card
ORD-12070,2025-12-12,CUST-1116,Kavita Das 116,Office Supplies,Paper,A4 Multipurpose Copy Paper (Pack of 5),Central,Indore,1,960.0,0.2,260.0,Net Banking
ORD-12071,2024-08-28,CUST-1204,Pooja Verma 204,Furniture,Tables,Wooden Conference Table,West,Pune,1,25000.0,0.0,4000.0,Credit Card
ORD-12072,2024-02-07,CUST-1021,Rohan Mehta,Technology,Accessories,Mechanical Keyboard,Central,Bhopal,1,2450.0,0.3,450.0,Credit Card
ORD-12073,2024-06-01,CUST-1186,Divya Agarwal 186,Technology,Accessories,USB-C Multi-Port Hub,West,Ahmedabad,2,1800.0,0.5,0.0,Credit Card
ORD-12074,2025-05-08,CUST-1112,Ravi Pillai 112,Office Supplies,Storage,Heavy Duty Arch File Box,North,Noida,3,1755.0,0.1,705.0,Credit Card
ORD-12075,2025-04-29,CUST-1168,Meera Sen 168,Technology,Accessories,Mechanical Keyboard,West,Pune,1,2975.0,0.15,975.0,UPI
ORD-12076,2024-02-20,CUST-1009,Ravi Pillai,Furniture,Tables,Adjustable Standing Desk,East,Bhubaneswar,3,37800.0,0.3,-4200.0,Net Banking
ORD-12077,2025-12-27,CUST-1116,Kavita Das 116,Technology,Phones,Bluetooth Wireless Earbuds,West,Surat,2,2500.0,0.5,100.0,Credit Card
ORD-12078,2024-01-08,CUST-1223,Shweta Mishra 223,Technology,Monitors,27-inch 4K Monitor,West,Surat,1,18700.0,0.15,1700.0,Credit Card
ORD-12079,2024-02-13,CUST-1227,Vikas Singh 227,Technology,Phones,Bluetooth Wireless Earbuds,South,Kochi,5,11875.0,0.05,5875.0,Credit Card
ORD-12080,2025-03-03,CUST-1010,Ananya Roy,Technology,Accessories,Wireless Mouse,West,Ahmedabad,3,2040.0,0.15,840.0,Debit Card
ORD-12081,2024-01-03,CUST-1027,Rohan Mehta,Office Supplies,Binders,Heavy-Duty Ring Binder,Central,Bhopal,1,238.0,0.15,118.0,Cash on Delivery
ORD-12082,2024-10-07,CUST-1228,Deepak Rao 228,Apparel,Corporate Wear,Cotton Formal Shirt,Central,Nagpur,4,5700.0,0.05,2700.0,Net Banking
ORD-12083,2024-02-10,CUST-1117,Karan Joshi 117,Apparel,Footwear,Leather Oxford Shoes,Central,Indore,2,4480.0,0.3,1080.0,UPI
ORD-12084,2024-11-19,CUST-1161,Manish Malhotra 161,Technology,Accessories,USB-C Multi-Port Hub,East,Guwahati,4,3600.0,0.5,0.0,Cash on Delivery
ORD-12085,2024-08-24,CUST-1237,Aditya Bose 237,Furniture,Bookcases,5-Tier Wooden Bookshelf,Central,Bhopal,1,5850.0,0.1,650.0,UPI
ORD-12086,2024-08-22,CUST-1172,Priya Patel 172,Apparel,Footwear,Leather Oxford Shoes,West,Surat,1,1920.0,0.4,220.0,Credit Card
ORD-12087,2024-02-11,CUST-1057,Deepak Rao 57,Office Supplies,Art,Highlighter & Marker Set,South,Kochi,1,350.0,0.0,200.0,UPI
ORD-12088,2024-10-07,CUST-1231,Siddharth Jain 231,Apparel,Corporate Wear,Tailored Blazer,East,Kolkata,2,8640.0,0.1,3440.0,Cash on Delivery
ORD-12089,2025-12-07,CUST-1137,Rohan Mehta 137,Apparel,Corporate Wear,Tailored Blazer,West,Mumbai,4,15360.0,0.2,4960.0,Cash on Delivery
ORD-12090,2024-12-07,CUST-1004,Ravi Pillai,Office Supplies,Storage,Heavy Duty Arch File Box,North,Jaipur,2,910.0,0.3,210.0,UPI
ORD-12091,2024-04-11,CUST-1034,Divya Agarwal 34,Furniture,Tables,Adjustable Standing Desk,South,Hyderabad,2,28800.0,0.2,800.0,Credit Card
ORD-12092,2025-03-12,CUST-1053,Kavita Das 53,Technology,Monitors,27-inch 4K Monitor,West,Mumbai,3,59400.0,0.1,8400.0,Debit Card
ORD-12093,2025-07-09,CUST-1178,Gaurav Tiwari 178,Apparel,Corporate Wear,Tailored Blazer,North,Delhi,8,38400.0,0.0,17600.0,UPI
ORD-12094,2024-09-02,CUST-1017,Manish Malhotra,Furniture,Tables,Adjustable Standing Desk,South,Bangalore,3,45900.0,0.15,3900.0,UPI
ORD-12095,2025-05-27,CUST-1197,Siddharth Jain 197,Apparel,Corporate Wear,Tailored Blazer,East,Kolkata,2,4800.0,0.5,-400.0,Debit Card
ORD-12096,2024-03-26,CUST-1092,Karan Joshi 92,Technology,Accessories,USB-C Multi-Port Hub,West,Pune,1,1710.0,0.05,810.0,Cash on Delivery
ORD-12097,2024-09-13,CUST-1186,Divya Agarwal 186,Technology,Accessories,Wireless Mouse,Central,Bhopal,10,8000.0,0.0,4000.0,Credit Card
ORD-12098,2024-12-18,CUST-1050,Suresh Nair 50,Office Supplies,Binders,Heavy-Duty Ring Binder,West,Mumbai,1,224.0,0.2,104.0,Net Banking
ORD-12099,2024-04-16,CUST-1207,Divya Agarwal 207,Apparel,Corporate Wear,Cotton Formal Shirt,East,Bhubaneswar,1,750.0,0.5,0.0,Net Banking
ORD-12100,2025-08-23,CUST-1192,Abhishek Saxena 192,Technology,Accessories,USB-C Multi-Port Hub,South,Kochi,2,2520.0,0.3,720.0,Net Banking
ORD-12101,2024-11-25,CUST-1051,Ananya Roy 51,Technology,Accessories,Mechanical Keyboard,North,Chandigarh,1,1750.0,0.5,-250.0,Debit Card
ORD-12102,2024-01-18,CUST-1171,Aarti Kapoor 171,Office Supplies,Paper,A4 Multipurpose Copy Paper (Pack of 5),West,Surat,3,3600.0,0.0,1500.0,Debit Card
ORD-12103,2025-04-19,CUST-1022,Neha Gupta,Technology,Phones,Bluetooth Wireless Earbuds,North,Noida,2,5000.0,0.0,2600.0,Cash on Delivery
ORD-12104,2024-05-19,CUST-1122,Neha Gupta 122,Office Supplies,Binders,Heavy-Duty Ring Binder,Central,Nagpur,3,714.0,0.15,354.0,UPI
ORD-12105,2025-10-01,CUST-1202,Suresh Nair 202,Furniture,Bookcases,5-Tier Wooden Bookshelf,South,Hyderabad,2,10400.0,0.2,0.0,Debit Card
ORD-12106,2024-02-09,CUST-1220,Shweta Mishra 220,Technology,Phones,Smartphone Pro Max,North,Jaipur,2,90000.0,0.0,18000.0,Debit Card
ORD-12107,2025-01-23,CUST-1040,Aarti Kapoor 40,Furniture,Tables,Adjustable Standing Desk,West,Surat,8,86400.0,0.4,-25600.0,Debit Card
ORD-12108,2024-03-17,CUST-1128,Priya Patel 128,Furniture,Tables,Wooden Conference Table,West,Surat,1,22500.0,0.1,1500.0,Debit Card
ORD-12109,2024-07-08,CUST-1183,Kavita Das 183,Technology,Accessories,USB-C Multi-Port Hub,South,Bangalore,1,1800.0,0.0,900.0,Debit Card
ORD-12110,2024-10-06,CUST-1148,Bhavna Shah 148,Furniture,Chairs,Ergonomic Office Chair,Central,Bhopal,1,7650.0,0.1,1650.0,Debit Card
ORD-12111,2025-07-17,CUST-1194,Ananya Roy 194,Apparel,Corporate Wear,Tailored Blazer,North,Noida,5,14400.0,0.4,1400.0,Debit Card
ORD-12112,2025-07-19,CUST-1169,Rajesh Iyer 169,Furniture,Tables,Wooden Conference Table,North,Chandigarh,3,75000.0,0.0,12000.0,Debit Card
ORD-12113,2025-03-06,CUST-1024,Aditya Bose,Furniture,Bookcases,5-Tier Wooden Bookshelf,West,Mumbai,1,6500.0,0.0,1300.0,Cash on Delivery
ORD-12114,2024-01-05,CUST-1028,Nisha Bhat,Office Supplies,Binders,Heavy-Duty Ring Binder,North,Chandigarh,3,672.0,0.2,312.0,Cash on Delivery
ORD-12115,2024-04-19,CUST-1068,Amit Kumar 68,Technology,Monitors,27-inch 4K Monitor,Central,Nagpur,4,83600.0,0.05,15600.0,UPI
ORD-12116,2024-12-19,CUST-1180,Manish Malhotra 180,Technology,Phones,Smartphone Pro Max,North,Chandigarh,1,45000.0,0.0,9000.0,Credit Card
ORD-12117,2025-11-29,CUST-1105,Abhishek Saxena 105,Technology,Accessories,Wireless Mouse,Central,Indore,2,1520.0,0.05,720.0,Net Banking
ORD-12118,2025-07-14,CUST-1061,Priya Patel 61,Technology,Accessories,Mechanical Keyboard,East,Bhubaneswar,2,5600.0,0.2,1600.0,Credit Card
ORD-12119,2025-06-24,CUST-1075,Alok Deshmukh 75,Office Supplies,Paper,A4 Multipurpose Copy Paper (Pack of 5),South,Kochi,8,7680.0,0.2,2080.0,Cash on Delivery
ORD-12120,2024-12-28,CUST-1228,Deepak Rao 228,Technology,Phones,Smartphone Pro Max,East,Patna,2,63000.0,0.3,-9000.0,UPI
ORD-12121,2024-04-27,CUST-1104,Bhavna Shah 104,Apparel,Footwear,Leather Oxford Shoes,South,Hyderabad,2,3200.0,0.5,-200.0,Credit Card
ORD-12122,2025-10-18,CUST-1248,Neha Gupta 248,Furniture,Chairs,Mesh Executive Chair,South,Bangalore,1,11400.0,0.05,1900.0,UPI
ORD-12123,2024-03-14,CUST-1176,Shweta Mishra 176,Office Supplies,Paper,Premium Hardbound Notebook,South,Chennai,1,450.0,0.0,270.0,Cash on Delivery
ORD-12124,2024-01-03,CUST-1167,Vikas Singh 167,Furniture,Chairs,Ergonomic Office Chair,North,Delhi,1,7225.0,0.15,1225.0,Credit Card
ORD-12125,2025-04-02,CUST-1037,Gaurav Tiwari 37,Technology,Phones,Bluetooth Wireless Earbuds,North,Jaipur,1,2000.0,0.2,800.0,Net Banking
ORD-12126,2025-11-06,CUST-1071,Preeti Pandey 71,Office Supplies,Art,Highlighter & Marker Set,South,Chennai,1,297.5,0.15,147.5,Credit Card
ORD-12127,2025-11-12,CUST-1170,Amit Kumar 170,Furniture,Chairs,Mesh Executive Chair,East,Guwahati,5,48000.0,0.2,500.0,UPI
ORD-12128,2024-09-15,CUST-1001,Shweta Mishra,Office Supplies,Storage,Heavy Duty Arch File Box,East,Bhubaneswar,1,650.0,0.0,300.0,Net Banking
ORD-12129,2025-06-20,CUST-1075,Alok Deshmukh 75,Furniture,Chairs,Ergonomic Office Chair,East,Kolkata,4,34000.0,0.0,10000.0,Debit Card
ORD-12130,2024-10-16,CUST-1202,Suresh Nair 202,Apparel,Corporate Wear,Cotton Formal Shirt,North,Noida,2,2700.0,0.1,1200.0,Credit Card
ORD-12131,2025-04-05,CUST-1052,Amit Kumar 52,Furniture,Tables,Adjustable Standing Desk,East,Guwahati,1,12600.0,0.3,-1400.0,Credit Card
ORD-12132,2025-03-24,CUST-1232,Aarti Kapoor 232,Technology,Phones,Bluetooth Wireless Earbuds,North,Lucknow,2,4000.0,0.2,1600.0,Credit Card
ORD-12133,2025-07-18,CUST-1131,Priya Patel 131,Technology,Phones,Bluetooth Wireless Earbuds,North,Jaipur,3,4500.0,0.4,900.0,Debit Card
ORD-12134,2025-12-17,CUST-1205,Manish Malhotra 205,Furniture,Tables,Wooden Conference Table,East,Kolkata,1,25000.0,0.0,4000.0,Credit Card
ORD-12135,2024-10-25,CUST-1246,Gaurav Tiwari 246,Apparel,Corporate Wear,Tailored Blazer,Central,Nagpur,3,8640.0,0.4,840.0,Credit Card
ORD-12136,2025-10-04,CUST-1136,Amit Kumar 136,Technology,Accessories,Wireless Mouse,South,Bangalore,1,480.0,0.4,80.0,Net Banking
ORD-12137,2025-08-04,CUST-1088,Neha Gupta 88,Technology,Accessories,Wireless Mouse,East,Bhubaneswar,1,720.0,0.1,320.0,Net Banking
ORD-12138,2024-09-14,CUST-1179,Abhishek Saxena 179,Furniture,Tables,Adjustable Standing Desk,Central,Bhopal,2,18000.0,0.5,-10000.0,Cash on Delivery
ORD-12139,2025-07-31,CUST-1092,Karan Joshi 92,Technology,Phones,Smartphone Pro Max,East,Guwahati,2,85500.0,0.05,13500.0,Debit Card
ORD-12140,2024-02-16,CUST-1220,Shweta Mishra 220,Furniture,Bookcases,5-Tier Wooden Bookshelf,West,Surat,3,11700.0,0.4,-3900.0,Debit Card
ORD-12141,2025-05-19,CUST-1059,Karan Joshi 59,Office Supplies,Storage,Heavy Duty Arch File Box,Central,Bhopal,2,1300.0,0.0,600.0,Cash on Delivery
ORD-12142,2024-05-20,CUST-1060,Gaurav Tiwari 60,Office Supplies,Storage,Heavy Duty Arch File Box,North,Lucknow,2,780.0,0.4,80.0,UPI
ORD-12143,2024-04-15,CUST-1175,Vikas Singh 175,Apparel,Corporate Wear,Tailored Blazer,East,Bhubaneswar,1,4560.0,0.05,1960.0,Credit Card
ORD-12144,2025-01-14,CUST-1025,Rahul Sharma,Technology,Accessories,Mechanical Keyboard,West,Mumbai,4,11200.0,0.2,3200.0,UPI
ORD-12145,2024-10-14,CUST-1228,Deepak Rao 228,Office Supplies,Art,Highlighter & Marker Set,South,Bangalore,1,332.5,0.05,182.5,Cash on Delivery
ORD-12146,2024-05-01,CUST-1024,Aditya Bose,Furniture,Tables,Adjustable Standing Desk,Central,Nagpur,3,51300.0,0.05,9300.0,UPI
ORD-12147,2025-05-02,CUST-1177,Sneha Reddy 177,Furniture,Tables,Adjustable Standing Desk,Central,Bhopal,2,36000.0,0.0,8000.0,Net Banking
ORD-12148,2024-08-09,CUST-1204,Pooja Verma 204,Office Supplies,Storage,Heavy Duty Arch File Box,West,Mumbai,1,325.0,0.5,-25.0,Credit Card
ORD-12149,2025-08-12,CUST-1072,Shweta Mishra 72,Technology,Accessories,Wireless Mouse,East,Patna,5,2800.0,0.3,800.0,Cash on Delivery
ORD-12150,2025-12-04,CUST-1161,Manish Malhotra 161,Apparel,Footwear,Leather Oxford Shoes,North,Jaipur,1,3200.0,0.0,1500.0,Credit Card
ORD-12151,2024-02-16,CUST-1188,Karan Joshi 188,Technology,Monitors,27-inch 4K Monitor,South,Chennai,1,19800.0,0.1,2800.0,Net Banking
ORD-12152,2024-03-03,CUST-1170,Amit Kumar 170,Office Supplies,Art,Highlighter & Marker Set,South,Chennai,1,332.5,0.05,182.5,Debit Card
ORD-12153,2025-10-04,CUST-1195,Abhishek Saxena 195,Furniture,Tables,Wooden Conference Table,East,Bhubaneswar,2,50000.0,0.0,8000.0,Net Banking
ORD-12154,2025-01-22,CUST-1002,Ananya Roy,Technology,Monitors,27-inch 4K Monitor,West,Mumbai,2,35200.0,0.2,1200.0,UPI
ORD-12155,2024-03-27,CUST-1196,Tarun Choudhury 196,Technology,Monitors,27-inch 4K Monitor,South,Bangalore,1,22000.0,0.0,5000.0,Net Banking
ORD-12156,2024-08-22,CUST-1180,Manish Malhotra 180,Technology,Monitors,27-inch 4K Monitor,West,Ahmedabad,4,88000.0,0.0,20000.0,Cash on Delivery
ORD-12157,2025-06-29,CUST-1170,Amit Kumar 170,Apparel,Footwear,Leather Oxford Shoes,South,Kochi,1,1600.0,0.5,-100.0,Net Banking
ORD-12158,2024-12-07,CUST-1238,Suresh Nair 238,Technology,Accessories,Wireless Mouse,South,Kochi,1,480.0,0.4,80.0,Net Banking
ORD-12159,2024-04-03,CUST-1224,Meera Sen 224,Apparel,Footwear,Leather Oxford Shoes,North,Lucknow,4,12160.0,0.05,5360.0,Cash on Delivery
ORD-12160,2024-04-25,CUST-1144,Shweta Mishra 144,Office Supplies,Binders,Heavy-Duty Ring Binder,East,Bhubaneswar,1,280.0,0.0,160.0,Cash on Delivery
ORD-12161,2024-08-25,CUST-1205,Manish Malhotra 205,Technology,Phones,Bluetooth Wireless Earbuds,South,Bangalore,2,2500.0,0.5,100.0,Cash on Delivery
ORD-12162,2024-03-16,CUST-1062,Ravi Pillai 62,Apparel,Corporate Wear,Tailored Blazer,Central,Bhopal,1,2880.0,0.4,280.0,UPI
ORD-12163,2024-09-22,CUST-1067,Kavita Das 67,Furniture,Bookcases,5-Tier Wooden Bookshelf,Central,Bhopal,3,19500.0,0.0,3900.0,Net Banking
ORD-12164,2025-05-17,CUST-1218,Ananya Roy 218,Furniture,Chairs,Ergonomic Office Chair,South,Chennai,2,17000.0,0.0,5000.0,Cash on Delivery
ORD-12165,2024-05-31,CUST-1160,Swati Kulkarni 160,Office Supplies,Art,Highlighter & Marker Set,North,Chandigarh,3,630.0,0.4,180.0,UPI
ORD-12166,2024-11-25,CUST-1175,Vikas Singh 175,Furniture,Tables,Adjustable Standing Desk,West,Mumbai,1,18000.0,0.0,4000.0,UPI
ORD-12167,2025-11-11,CUST-1221,Pooja Verma 221,Technology,Accessories,Wireless Mouse,North,Jaipur,1,400.0,0.5,0.0,UPI
ORD-12168,2024-03-25,CUST-1177,Sneha Reddy 177,Furniture,Chairs,Ergonomic Office Chair,East,Kolkata,1,5100.0,0.4,-900.0,Debit Card
ORD-12169,2024-02-28,CUST-1202,Suresh Nair 202,Technology,Accessories,Wireless Mouse,South,Hyderabad,1,800.0,0.0,400.0,Cash on Delivery
ORD-12170,2025-11-09,CUST-1041,Gaurav Tiwari 41,Technology,Accessories,USB-C Multi-Port Hub,Central,Bhopal,2,1800.0,0.5,0.0,Cash on Delivery
ORD-12171,2025-05-03,CUST-1074,Tarun Choudhury 74,Office Supplies,Binders,Heavy-Duty Ring Binder,Central,Bhopal,1,252.0,0.1,132.0,Cash on Delivery
ORD-12172,2025-09-28,CUST-1202,Suresh Nair 202,Technology,Accessories,Mechanical Keyboard,West,Surat,2,4200.0,0.4,200.0,Net Banking
ORD-12173,2025-04-23,CUST-1007,Neha Gupta,Technology,Accessories,Mechanical Keyboard,Central,Bhopal,1,3150.0,0.1,1150.0,Credit Card
ORD-12174,2025-01-21,CUST-1089,Alok Deshmukh 89,Furniture,Bookcases,5-Tier Wooden Bookshelf,North,Jaipur,3,17550.0,0.1,1950.0,Cash on Delivery
ORD-12175,2024-06-02,CUST-1104,Bhavna Shah 104,Office Supplies,Paper,Premium Hardbound Notebook,Central,Bhopal,1,450.0,0.0,270.0,Debit Card
ORD-12176,2025-06-07,CUST-1059,Karan Joshi 59,Furniture,Bookcases,5-Tier Wooden Bookshelf,West,Mumbai,1,6500.0,0.0,1300.0,Cash on Delivery
ORD-12177,2025-01-19,CUST-1187,Meera Sen 187,Technology,Accessories,Mechanical Keyboard,Central,Nagpur,1,2450.0,0.3,450.0,UPI
ORD-12178,2025-02-20,CUST-1054,Ananya Roy 54,Furniture,Chairs,Mesh Executive Chair,East,Guwahati,2,24000.0,0.0,5000.0,Cash on Delivery
ORD-12179,2025-10-13,CUST-1220,Shweta Mishra 220,Apparel,Corporate Wear,Cotton Formal Shirt,South,Chennai,1,1350.0,0.1,600.0,UPI
ORD-12180,2024-05-05,CUST-1222,Preeti Pandey 222,Office Supplies,Paper,Premium Hardbound Notebook,West,Mumbai,4,1080.0,0.4,360.0,UPI
ORD-12181,2024-09-24,CUST-1161,Manish Malhotra 161,Furniture,Tables,Adjustable Standing Desk,South,Kochi,2,34200.0,0.05,6200.0,Cash on Delivery
ORD-12182,2024-07-17,CUST-1097,Sneha Reddy 97,Furniture,Chairs,Ergonomic Office Chair,Central,Nagpur,1,7650.0,0.1,1650.0,Credit Card
ORD-12183,2024-06-07,CUST-1173,Alok Deshmukh 173,Technology,Accessories,USB-C Multi-Port Hub,South,Kochi,2,3240.0,0.1,1440.0,Credit Card
ORD-12184,2025-06-18,CUST-1147,Tarun Choudhury 147,Furniture,Tables,Wooden Conference Table,East,Patna,1,23750.0,0.05,2750.0,Net Banking
ORD-12185,2024-05-13,CUST-1095,Preeti Pandey 95,Apparel,Corporate Wear,Cotton Formal Shirt,East,Bhubaneswar,1,1350.0,0.1,600.0,UPI
ORD-12186,2025-04-18,CUST-1224,Meera Sen 224,Technology,Accessories,Mechanical Keyboard,East,Patna,5,14000.0,0.2,4000.0,Credit Card
ORD-12187,2024-12-29,CUST-1096,Deepak Rao 96,Furniture,Tables,Wooden Conference Table,North,Lucknow,1,23750.0,0.05,2750.0,Debit Card
ORD-12188,2024-12-14,CUST-1048,Rohan Mehta 48,Furniture,Tables,Wooden Conference Table,South,Bangalore,2,35000.0,0.3,-7000.0,Net Banking
ORD-12189,2024-11-11,CUST-1072,Shweta Mishra 72,Furniture,Tables,Wooden Conference Table,Central,Nagpur,5,75000.0,0.4,-30000.0,Cash on Delivery
ORD-12190,2024-01-24,CUST-1198,Aarti Kapoor 198,Furniture,Chairs,Mesh Executive Chair,North,Jaipur,1,7200.0,0.4,-2300.0,Cash on Delivery
ORD-12191,2024-07-01,CUST-1213,Meera Sen 213,Furniture,Tables,Adjustable Standing Desk,West,Pune,2,36000.0,0.0,8000.0,Debit Card
ORD-12192,2024-02-08,CUST-1075,Alok Deshmukh 75,Technology,Accessories,Mechanical Keyboard,West,Pune,1,3325.0,0.05,1325.0,Credit Card
ORD-12193,2024-12-09,CUST-1151,Vikas Singh 151,Furniture,Bookcases,5-Tier Wooden Bookshelf,North,Chandigarh,3,19500.0,0.0,3900.0,UPI
ORD-12194,2024-04-02,CUST-1025,Rahul Sharma,Office Supplies,Art,Highlighter & Marker Set,Central,Indore,3,1050.0,0.0,600.0,Cash on Delivery
ORD-12195,2024-02-19,CUST-1156,Siddharth Jain 156,Furniture,Chairs,Ergonomic Office Chair,South,Bangalore,2,16150.0,0.05,4150.0,Net Banking
ORD-12196,2024-08-09,CUST-1035,Swati Kulkarni 35,Office Supplies,Paper,Premium Hardbound Notebook,West,Pune,1,360.0,0.2,180.0,UPI
ORD-12197,2024-03-19,CUST-1245,Preeti Pandey 245,Technology,Accessories,USB-C Multi-Port Hub,Central,Nagpur,2,3060.0,0.15,1260.0,Net Banking
ORD-12198,2024-04-07,CUST-1119,Shweta Mishra 119,Apparel,Corporate Wear,Cotton Formal Shirt,East,Kolkata,1,1500.0,0.0,750.0,Credit Card
ORD-12199,2024-01-28,CUST-1208,Rahul Sharma 208,Technology,Accessories,Wireless Mouse,Central,Bhopal,1,640.0,0.2,240.0,UPI
ORD-12200,2025-07-16,CUST-1033,Neha Gupta 33,Apparel,Corporate Wear,Cotton Formal Shirt,North,Lucknow,2,2550.0,0.15,1050.0,Net Banking
ORD-12201,2025-10-14,CUST-1068,Amit Kumar 68,Furniture,Tables,Wooden Conference Table,Central,Bhopal,5,100000.0,0.2,-5000.0,UPI
ORD-12202,2025-09-27,CUST-1175,Vikas Singh 175,Furniture,Chairs,Ergonomic Office Chair,East,Patna,2,14450.0,0.15,2450.0,Credit Card
ORD-12203,2024-02-29,CUST-1020,Amit Kumar,Furniture,Tables,Wooden Conference Table,Central,Bhopal,3,45000.0,0.4,-18000.0,Cash on Delivery
ORD-12204,2024-11-08,CUST-1060,Gaurav Tiwari 60,Office Supplies,Paper,Premium Hardbound Notebook,Central,Indore,1,450.0,0.0,270.0,Cash on Delivery
ORD-12205,2024-05-22,CUST-1194,Ananya Roy 194,Office Supplies,Storage,Heavy Duty Arch File Box,South,Chennai,3,1950.0,0.0,900.0,Credit Card
ORD-12206,2025-09-13,CUST-1155,Ravi Pillai 155,Apparel,Corporate Wear,Cotton Formal Shirt,South,Bangalore,1,1350.0,0.1,600.0,Debit Card
ORD-12207,2024-12-11,CUST-1024,Aditya Bose,Furniture,Tables,Adjustable Standing Desk,North,Jaipur,1,10800.0,0.4,-3200.0,Net Banking
ORD-12208,2024-02-13,CUST-1213,Meera Sen 213,Office Supplies,Paper,A4 Multipurpose Copy Paper (Pack of 5),North,Jaipur,1,960.0,0.2,260.0,Net Banking
ORD-12209,2025-03-21,CUST-1248,Neha Gupta 248,Technology,Accessories,Mechanical Keyboard,Central,Nagpur,1,3500.0,0.0,1500.0,Net Banking
ORD-12210,2024-01-19,CUST-1241,Ananya Roy 241,Technology,Accessories,Mechanical Keyboard,South,Bangalore,2,6650.0,0.05,2650.0,Debit Card
ORD-12211,2025-02-03,CUST-1102,Karan Joshi 102,Technology,Accessories,USB-C Multi-Port Hub,North,Chandigarh,1,1260.0,0.3,360.0,UPI
ORD-12212,2024-11-24,CUST-1055,Deepak Rao 55,Technology,Phones,Smartphone Pro Max,South,Chennai,1,38250.0,0.15,2250.0,Debit Card
ORD-12213,2024-02-23,CUST-1210,Tarun Choudhury 210,Office Supplies,Storage,Heavy Duty Arch File Box,Central,Nagpur,1,325.0,0.5,-25.0,UPI
ORD-12214,2025-05-12,CUST-1161,Manish Malhotra 161,Office Supplies,Binders,Heavy-Duty Ring Binder,East,Bhubaneswar,2,336.0,0.4,96.0,Debit Card
ORD-12215,2024-10-24,CUST-1011,Abhishek Saxena,Technology,Phones,Smartphone Pro Max,South,Hyderabad,4,180000.0,0.0,36000.0,Cash on Delivery
ORD-12216,2025-04-03,CUST-1200,Aarti Kapoor 200,Furniture,Chairs,Ergonomic Office Chair,West,Ahmedabad,1,5100.0,0.4,-900.0,Cash on Delivery
ORD-12217,2024-05-19,CUST-1105,Abhishek Saxena 105,Technology,Accessories,Mechanical Keyboard,South,Chennai,2,3500.0,0.5,-500.0,UPI
ORD-12218,2024-02-24,CUST-1027,Rohan Mehta,Office Supplies,Paper,A4 Multipurpose Copy Paper (Pack of 5),East,Kolkata,2,2400.0,0.0,1000.0,Cash on Delivery
ORD-12219,2025-01-12,CUST-1145,Rajesh Iyer 145,Apparel,Footwear,Leather Oxford Shoes,North,Jaipur,1,3200.0,0.0,1500.0,UPI
ORD-12220,2025-04-08,CUST-1066,Bhavna Shah 66,Apparel,Footwear,Leather Oxford Shoes,South,Kochi,3,4800.0,0.5,-300.0,Cash on Delivery
ORD-12221,2025-10-02,CUST-1160,Swati Kulkarni 160,Apparel,Footwear,Leather Oxford Shoes,East,Patna,3,4800.0,0.5,-300.0,Cash on Delivery
ORD-12222,2025-11-23,CUST-1219,Alok Deshmukh 219,Office Supplies,Art,Highlighter & Marker Set,North,Noida,1,210.0,0.4,60.0,Debit Card
ORD-12223,2025-08-16,CUST-1099,Deepak Rao 99,Apparel,Footwear,Leather Oxford Shoes,South,Chennai,1,3200.0,0.0,1500.0,Debit Card
ORD-12224,2024-01-22,CUST-1198,Aarti Kapoor 198,Apparel,Corporate Wear,Cotton Formal Shirt,West,Pune,5,7125.0,0.05,3375.0,UPI
ORD-12225,2024-07-08,CUST-1215,Sneha Reddy 215,Furniture,Chairs,Mesh Executive Chair,West,Pune,3,28800.0,0.2,300.0,Net Banking
ORD-12226,2025-07-31,CUST-1144,Shweta Mishra 144,Technology,Accessories,Mechanical Keyboard,East,Kolkata,10,24500.0,0.3,4500.0,Credit Card
ORD-12227,2025-02-11,CUST-1164,Kavita Das 164,Technology,Phones,Smartphone Pro Max,East,Guwahati,8,360000.0,0.0,72000.0,Net Banking
ORD-12228,2024-06-27,CUST-1192,Abhishek Saxena 192,Furniture,Chairs,Ergonomic Office Chair,West,Pune,2,16150.0,0.05,4150.0,Debit Card
ORD-12229,2025-11-17,CUST-1233,Bhavna Shah 233,Office Supplies,Paper,A4 Multipurpose Copy Paper (Pack of 5),South,Chennai,2,1440.0,0.4,40.0,UPI
ORD-12230,2024-10-18,CUST-1230,Sneha Reddy 230,Office Supplies,Paper,A4 Multipurpose Copy Paper (Pack of 5),East,Kolkata,8,4800.0,0.5,-800.0,Cash on Delivery
ORD-12231,2025-03-20,CUST-1088,Neha Gupta 88,Technology,Accessories,Wireless Mouse,Central,Bhopal,1,680.0,0.15,280.0,Cash on Delivery
ORD-12232,2025-12-09,CUST-1024,Aditya Bose,Apparel,Corporate Wear,Tailored Blazer,East,Guwahati,1,4800.0,0.0,2200.0,Credit Card
ORD-12233,2024-01-16,CUST-1144,Shweta Mishra 144,Office Supplies,Binders,Heavy-Duty Ring Binder,East,Kolkata,2,560.0,0.0,320.0,Credit Card
ORD-12234,2025-06-25,CUST-1081,Priya Patel 81,Apparel,Footwear,Leather Oxford Shoes,West,Mumbai,1,3040.0,0.05,1340.0,Debit Card
ORD-12235,2025-02-12,CUST-1139,Swati Kulkarni 139,Technology,Phones,Bluetooth Wireless Earbuds,South,Hyderabad,3,6750.0,0.1,3150.0,UPI
ORD-12236,2024-01-31,CUST-1214,Aarti Kapoor 214,Technology,Monitors,27-inch 4K Monitor,East,Bhubaneswar,1,13200.0,0.4,-3800.0,Net Banking
ORD-12237,2025-09-06,CUST-1101,Abhishek Saxena 101,Office Supplies,Paper,Premium Hardbound Notebook,North,Delhi,1,360.0,0.2,180.0,Cash on Delivery
ORD-12238,2024-07-25,CUST-1020,Amit Kumar,Technology,Accessories,USB-C Multi-Port Hub,South,Hyderabad,3,5400.0,0.0,2700.0,UPI
ORD-12239,2024-03-08,CUST-1097,Sneha Reddy 97,Apparel,Corporate Wear,Cotton Formal Shirt,North,Noida,2,3000.0,0.0,1500.0,Debit Card
ORD-12240,2025-10-06,CUST-1220,Shweta Mishra 220,Furniture,Bookcases,5-Tier Wooden Bookshelf,North,Chandigarh,1,6500.0,0.0,1300.0,Cash on Delivery
ORD-12241,2024-07-19,CUST-1224,Meera Sen 224,Apparel,Footwear,Leather Oxford Shoes,East,Guwahati,2,6400.0,0.0,3000.0,Debit Card
ORD-12242,2024-08-13,CUST-1164,Kavita Das 164,Furniture,Tables,Adjustable Standing Desk,West,Mumbai,4,50400.0,0.3,-5600.0,Net Banking
ORD-12243,2025-09-05,CUST-1073,Aditya Bose 73,Office Supplies,Paper,Premium Hardbound Notebook,South,Bangalore,3,945.0,0.3,405.0,Credit Card
ORD-12244,2025-02-16,CUST-1196,Tarun Choudhury 196,Office Supplies,Storage,Heavy Duty Arch File Box,South,Chennai,1,390.0,0.4,40.0,UPI
ORD-12245,2025-05-18,CUST-1186,Divya Agarwal 186,Office Supplies,Binders,Heavy-Duty Ring Binder,East,Kolkata,8,1120.0,0.5,160.0,Cash on Delivery
ORD-12246,2024-03-09,CUST-1197,Siddharth Jain 197,Furniture,Tables,Adjustable Standing Desk,North,Chandigarh,5,54000.0,0.4,-16000.0,Debit Card
ORD-12247,2024-03-09,CUST-1249,Priya Patel 249,Furniture,Chairs,Ergonomic Office Chair,South,Chennai,2,17000.0,0.0,5000.0,Credit Card
ORD-12248,2024-11-17,CUST-1239,Rajesh Iyer 239,Technology,Monitors,27-inch 4K Monitor,South,Hyderabad,4,70400.0,0.2,2400.0,UPI
ORD-12249,2025-04-23,CUST-1140,Tarun Choudhury 140,Technology,Accessories,USB-C Multi-Port Hub,East,Kolkata,1,1800.0,0.0,900.0,UPI
ORD-12250,2024-03-21,CUST-1155,Ravi Pillai 155,Technology,Monitors,27-inch 4K Monitor,North,Chandigarh,1,17600.0,0.2,600.0,Credit Card
ORD-12251,2025-06-09,CUST-1172,Priya Patel 172,Furniture,Bookcases,5-Tier Wooden Bookshelf,South,Kochi,2,6500.0,0.5,-3900.0,Debit Card
ORD-12252,2025-01-20,CUST-1032,Manish Malhotra 32,Furniture,Chairs,Ergonomic Office Chair,South,Kochi,1,5100.0,0.4,-900.0,Debit Card
ORD-12253,2024-10-24,CUST-1247,Pooja Verma 247,Technology,Monitors,27-inch 4K Monitor,Central,Indore,1,17600.0,0.2,600.0,Debit Card
ORD-12254,2025-06-06,CUST-1012,Ravi Pillai,Technology,Phones,Smartphone Pro Max,East,Patna,1,45000.0,0.0,9000.0,Credit Card
ORD-12255,2025-04-07,CUST-1053,Kavita Das 53,Furniture,Tables,Adjustable Standing Desk,North,Chandigarh,2,36000.0,0.0,8000.0,Credit Card
ORD-12256,2025-04-19,CUST-1190,Alok Deshmukh 190,Office Supplies,Binders,Heavy-Duty Ring Binder,Central,Bhopal,4,1120.0,0.0,640.0,UPI
ORD-12257,2024-06-14,CUST-1164,Kavita Das 164,Technology,Accessories,USB-C Multi-Port Hub,East,Bhubaneswar,1,1710.0,0.05,810.0,Debit Card
ORD-12258,2025-06-15,CUST-1239,Rajesh Iyer 239,Office Supplies,Storage,Heavy Duty Arch File Box,South,Hyderabad,3,1365.0,0.3,315.0,Cash on Delivery
ORD-12259,2025-03-24,CUST-1060,Gaurav Tiwari 60,Office Supplies,Storage,Heavy Duty Arch File Box,South,Chennai,4,1560.0,0.4,160.0,Credit Card
ORD-12260,2025-07-10,CUST-1175,Vikas Singh 175,Furniture,Bookcases,5-Tier Wooden Bookshelf,East,Kolkata,1,3250.0,0.5,-1950.0,Net Banking
ORD-12261,2024-01-24,CUST-1127,Aarti Kapoor 127,Apparel,Footwear,Leather Oxford Shoes,Central,Nagpur,2,5120.0,0.2,1720.0,UPI
ORD-12262,2025-04-09,CUST-1123,Abhishek Saxena 123,Technology,Accessories,Mechanical Keyboard,East,Guwahati,1,2800.0,0.2,800.0,Cash on Delivery
ORD-12263,2024-05-30,CUST-1221,Pooja Verma 221,Technology,Accessories,Wireless Mouse,West,Mumbai,1,800.0,0.0,400.0,UPI
ORD-12264,2025-11-05,CUST-1047,Vikas Singh 47,Furniture,Chairs,Mesh Executive Chair,West,Ahmedabad,2,24000.0,0.0,5000.0,Net Banking
ORD-12265,2025-11-26,CUST-1094,Shweta Mishra 94,Technology,Accessories,Wireless Mouse,West,Surat,5,3600.0,0.1,1600.0,Net Banking
ORD-12266,2025-08-06,CUST-1039,Rahul Sharma 39,Technology,Accessories,USB-C Multi-Port Hub,Central,Nagpur,3,5400.0,0.0,2700.0,UPI
ORD-12267,2025-08-07,CUST-1036,Karan Joshi 36,Furniture,Bookcases,5-Tier Wooden Bookshelf,Central,Indore,5,16250.0,0.5,-9750.0,UPI
ORD-12268,2025-07-24,CUST-1152,Karan Joshi 152,Apparel,Corporate Wear,Tailored Blazer,West,Pune,1,2400.0,0.5,-200.0,Cash on Delivery
ORD-12269,2024-10-22,CUST-1223,Shweta Mishra 223,Technology,Accessories,Wireless Mouse,South,Chennai,4,3200.0,0.0,1600.0,Debit Card
ORD-12270,2024-02-04,CUST-1244,Tarun Choudhury 244,Furniture,Chairs,Mesh Executive Chair,Central,Indore,8,48000.0,0.5,-28000.0,Debit Card
ORD-12271,2025-06-03,CUST-1249,Priya Patel 249,Furniture,Tables,Wooden Conference Table,South,Hyderabad,4,85000.0,0.15,1000.0,Cash on Delivery
ORD-12272,2025-06-08,CUST-1142,Suresh Nair 142,Technology,Accessories,USB-C Multi-Port Hub,North,Jaipur,1,1080.0,0.4,180.0,Cash on Delivery
ORD-12273,2025-04-13,CUST-1247,Pooja Verma 247,Technology,Accessories,Mechanical Keyboard,East,Kolkata,1,3500.0,0.0,1500.0,Credit Card
ORD-12274,2025-07-11,CUST-1103,Nisha Bhat 103,Office Supplies,Art,Highlighter & Marker Set,East,Guwahati,1,350.0,0.0,200.0,UPI
ORD-12275,2025-09-22,CUST-1116,Kavita Das 116,Furniture,Tables,Adjustable Standing Desk,East,Kolkata,5,90000.0,0.0,20000.0,Net Banking
ORD-12276,2025-05-21,CUST-1157,Siddharth Jain 157,Apparel,Corporate Wear,Tailored Blazer,East,Guwahati,2,4800.0,0.5,-400.0,Cash on Delivery
ORD-12277,2025-03-22,CUST-1130,Preeti Pandey 130,Office Supplies,Binders,Heavy-Duty Ring Binder,South,Chennai,1,140.0,0.5,20.0,Credit Card
ORD-12278,2025-05-20,CUST-1192,Abhishek Saxena 192,Technology,Accessories,Mechanical Keyboard,Central,Indore,2,7000.0,0.0,3000.0,Net Banking
ORD-12279,2025-12-26,CUST-1061,Priya Patel 61,Office Supplies,Paper,A4 Multipurpose Copy Paper (Pack of 5),North,Jaipur,4,4080.0,0.15,1280.0,Net Banking
ORD-12280,2025-01-25,CUST-1187,Meera Sen 187,Furniture,Bookcases,5-Tier Wooden Bookshelf,East,Kolkata,1,6500.0,0.0,1300.0,Credit Card
ORD-12281,2024-10-13,CUST-1046,Karan Joshi 46,Furniture,Bookcases,5-Tier Wooden Bookshelf,West,Ahmedabad,1,3900.0,0.4,-1300.0,Net Banking
ORD-12282,2025-04-16,CUST-1152,Karan Joshi 152,Office Supplies,Paper,Premium Hardbound Notebook,South,Chennai,1,225.0,0.5,45.0,Debit Card
ORD-12283,2024-07-09,CUST-1164,Kavita Das 164,Furniture,Chairs,Mesh Executive Chair,South,Hyderabad,3,34200.0,0.05,5700.0,Credit Card
ORD-12284,2025-07-13,CUST-1246,Gaurav Tiwari 246,Apparel,Footwear,Leather Oxford Shoes,North,Jaipur,1,2880.0,0.1,1180.0,UPI
ORD-12285,2025-12-01,CUST-1084,Aarti Kapoor 84,Technology,Monitors,27-inch 4K Monitor,Central,Indore,3,46200.0,0.3,-4800.0,Credit Card
ORD-12286,2024-12-17,CUST-1248,Neha Gupta 248,Apparel,Footwear,Leather Oxford Shoes,South,Kochi,5,15200.0,0.05,6700.0,Credit Card
ORD-12287,2024-12-17,CUST-1201,Shweta Mishra 201,Office Supplies,Paper,A4 Multipurpose Copy Paper (Pack of 5),North,Lucknow,4,2880.0,0.4,80.0,UPI
ORD-12288,2025-07-27,CUST-1182,Amit Kumar 182,Office Supplies,Paper,Premium Hardbound Notebook,West,Ahmedabad,1,315.0,0.3,135.0,Cash on Delivery
ORD-12289,2024-09-26,CUST-1245,Preeti Pandey 245,Office Supplies,Paper,Premium Hardbound Notebook,Central,Indore,1,382.5,0.15,202.5,Net Banking
ORD-12290,2025-11-08,CUST-1002,Ananya Roy,Furniture,Chairs,Ergonomic Office Chair,West,Mumbai,4,20400.0,0.4,-3600.0,Cash on Delivery
ORD-12291,2024-03-17,CUST-1238,Suresh Nair 238,Technology,Phones,Smartphone Pro Max,East,Guwahati,1,42750.0,0.05,6750.0,Cash on Delivery
ORD-12292,2025-10-09,CUST-1204,Pooja Verma 204,Technology,Accessories,Mechanical Keyboard,North,Jaipur,1,3150.0,0.1,1150.0,UPI
ORD-12293,2024-10-11,CUST-1212,Karan Joshi 212,Furniture,Bookcases,5-Tier Wooden Bookshelf,South,Bangalore,1,6500.0,0.0,1300.0,Debit Card
ORD-12294,2025-09-26,CUST-1227,Vikas Singh 227,Furniture,Chairs,Ergonomic Office Chair,East,Guwahati,3,15300.0,0.4,-2700.0,UPI
ORD-12295,2024-08-31,CUST-1205,Manish Malhotra 205,Office Supplies,Storage,Heavy Duty Arch File Box,East,Patna,1,325.0,0.5,-25.0,Debit Card
ORD-12296,2024-06-02,CUST-1179,Abhishek Saxena 179,Technology,Phones,Smartphone Pro Max,West,Mumbai,1,38250.0,0.15,2250.0,Credit Card
ORD-12297,2025-04-12,CUST-1099,Deepak Rao 99,Apparel,Corporate Wear,Cotton Formal Shirt,North,Noida,2,1800.0,0.4,300.0,UPI
ORD-12298,2025-09-11,CUST-1188,Karan Joshi 188,Technology,Phones,Bluetooth Wireless Earbuds,East,Kolkata,1,2500.0,0.0,1300.0,Credit Card
ORD-12299,2025-06-10,CUST-1135,Karan Joshi 135,Apparel,Corporate Wear,Tailored Blazer,West,Surat,1,4800.0,0.0,2200.0,Debit Card
ORD-12300,2025-07-24,CUST-1208,Rahul Sharma 208,Office Supplies,Storage,Heavy Duty Arch File Box,East,Kolkata,5,1625.0,0.5,-125.0,Cash on Delivery
ORD-12301,2025-03-01,CUST-1203,Ananya Roy 203,Office Supplies,Art,Highlighter & Marker Set,Central,Indore,1,350.0,0.0,200.0,Credit Card
ORD-12302,2025-05-19,CUST-1181,Aditya Bose 181,Furniture,Bookcases,5-Tier Wooden Bookshelf,Central,Indore,8,46800.0,0.1,5200.0,Cash on Delivery
ORD-12303,2025-12-14,CUST-1247,Pooja Verma 247,Office Supplies,Paper,A4 Multipurpose Copy Paper (Pack of 5),West,Ahmedabad,1,1200.0,0.0,500.0,Debit Card
ORD-12304,2025-09-21,CUST-1234,Meera Sen 234,Technology,Phones,Smartphone Pro Max,North,Chandigarh,8,360000.0,0.0,72000.0,Credit Card
ORD-12305,2024-01-07,CUST-1226,Rohan Mehta 226,Technology,Accessories,Mechanical Keyboard,North,Lucknow,3,8925.0,0.15,2925.0,Credit Card
ORD-12306,2025-08-23,CUST-1166,Neha Gupta 166,Furniture,Chairs,Mesh Executive Chair,North,Lucknow,1,12000.0,0.0,2500.0,Debit Card
ORD-12307,2024-10-11,CUST-1088,Neha Gupta 88,Office Supplies,Binders,Heavy-Duty Ring Binder,North,Noida,1,224.0,0.2,104.0,Cash on Delivery
ORD-12308,2024-07-05,CUST-1175,Vikas Singh 175,Technology,Phones,Smartphone Pro Max,West,Ahmedabad,1,27000.0,0.4,-9000.0,Cash on Delivery
ORD-12309,2025-09-23,CUST-1099,Deepak Rao 99,Office Supplies,Paper,Premium Hardbound Notebook,Central,Nagpur,10,3150.0,0.3,1350.0,Credit Card
ORD-12310,2025-05-26,CUST-1247,Pooja Verma 247,Furniture,Chairs,Mesh Executive Chair,East,Guwahati,4,33600.0,0.3,-4400.0,Debit Card
ORD-12311,2025-10-20,CUST-1192,Abhishek Saxena 192,Technology,Accessories,Wireless Mouse,South,Hyderabad,3,2400.0,0.0,1200.0,Debit Card
ORD-12312,2024-10-17,CUST-1056,Alok Deshmukh 56,Technology,Monitors,27-inch 4K Monitor,Central,Bhopal,3,62700.0,0.05,11700.0,UPI
ORD-12313,2024-05-09,CUST-1052,Amit Kumar 52,Technology,Phones,Bluetooth Wireless Earbuds,North,Jaipur,2,5000.0,0.0,2600.0,Net Banking
ORD-12314,2024-01-09,CUST-1227,Vikas Singh 227,Technology,Accessories,USB-C Multi-Port Hub,Central,Bhopal,1,1260.0,0.3,360.0,Credit Card
ORD-12315,2024-07-27,CUST-1184,Kavita Das 184,Apparel,Corporate Wear,Tailored Blazer,East,Patna,1,4800.0,0.0,2200.0,Net Banking
ORD-12316,2025-02-17,CUST-1133,Suresh Nair 133,Technology,Accessories,USB-C Multi-Port Hub,East,Bhubaneswar,3,4590.0,0.15,1890.0,Net Banking
ORD-12317,2025-04-20,CUST-1083,Neha Gupta 83,Furniture,Tables,Adjustable Standing Desk,West,Ahmedabad,2,28800.0,0.2,800.0,Credit Card
ORD-12318,2025-08-07,CUST-1242,Bhavna Shah 242,Technology,Accessories,Mechanical Keyboard,West,Pune,2,4200.0,0.4,200.0,Net Banking
ORD-12319,2025-01-26,CUST-1231,Siddharth Jain 231,Apparel,Corporate Wear,Tailored Blazer,South,Bangalore,1,2880.0,0.4,280.0,Credit Card
ORD-12320,2025-03-26,CUST-1246,Gaurav Tiwari 246,Technology,Phones,Smartphone Pro Max,East,Bhubaneswar,1,42750.0,0.05,6750.0,Credit Card
ORD-12321,2025-03-29,CUST-1202,Suresh Nair 202,Furniture,Chairs,Ergonomic Office Chair,Central,Nagpur,2,17000.0,0.0,5000.0,UPI
ORD-12322,2024-10-19,CUST-1245,Preeti Pandey 245,Apparel,Footwear,Leather Oxford Shoes,Central,Bhopal,3,9600.0,0.0,4500.0,UPI
ORD-12323,2025-03-13,CUST-1205,Manish Malhotra 205,Furniture,Bookcases,5-Tier Wooden Bookshelf,Central,Bhopal,2,12350.0,0.05,1950.0,Cash on Delivery
ORD-12324,2025-07-17,CUST-1037,Gaurav Tiwari 37,Furniture,Chairs,Mesh Executive Chair,South,Hyderabad,2,22800.0,0.05,3800.0,Cash on Delivery
ORD-12325,2025-07-07,CUST-1053,Kavita Das 53,Furniture,Bookcases,5-Tier Wooden Bookshelf,Central,Indore,1,6500.0,0.0,1300.0,Net Banking
ORD-12326,2025-10-22,CUST-1191,Rahul Sharma 191,Office Supplies,Binders,Heavy-Duty Ring Binder,South,Chennai,3,756.0,0.1,396.0,Credit Card
ORD-12327,2024-01-21,CUST-1147,Tarun Choudhury 147,Furniture,Bookcases,5-Tier Wooden Bookshelf,West,Ahmedabad,2,9100.0,0.3,-1300.0,Cash on Delivery
ORD-12328,2024-04-29,CUST-1047,Vikas Singh 47,Office Supplies,Art,Highlighter & Marker Set,Central,Nagpur,1,350.0,0.0,200.0,Cash on Delivery
ORD-12329,2024-06-27,CUST-1113,Neha Gupta 113,Technology,Accessories,USB-C Multi-Port Hub,South,Bangalore,1,900.0,0.5,0.0,Net Banking
ORD-12330,2025-06-23,CUST-1234,Meera Sen 234,Office Supplies,Binders,Heavy-Duty Ring Binder,North,Lucknow,2,476.0,0.15,236.0,Credit Card
ORD-12331,2025-08-16,CUST-1244,Tarun Choudhury 244,Apparel,Corporate Wear,Tailored Blazer,Central,Bhopal,1,4800.0,0.0,2200.0,UPI
ORD-12332,2024-05-17,CUST-1204,Pooja Verma 204,Office Supplies,Paper,A4 Multipurpose Copy Paper (Pack of 5),East,Kolkata,2,2400.0,0.0,1000.0,UPI
ORD-12333,2024-02-15,CUST-1068,Amit Kumar 68,Apparel,Corporate Wear,Tailored Blazer,East,Guwahati,2,5760.0,0.4,560.0,Cash on Delivery
ORD-12334,2025-03-24,CUST-1090,Ananya Roy 90,Furniture,Chairs,Ergonomic Office Chair,West,Ahmedabad,1,5100.0,0.4,-900.0,Net Banking
ORD-12335,2024-03-03,CUST-1205,Manish Malhotra 205,Technology,Accessories,Mechanical Keyboard,South,Bangalore,1,3150.0,0.1,1150.0,Credit Card
ORD-12336,2025-02-01,CUST-1166,Neha Gupta 166,Technology,Accessories,USB-C Multi-Port Hub,Central,Nagpur,1,1260.0,0.3,360.0,UPI
ORD-12337,2024-12-21,CUST-1042,Sneha Reddy 42,Furniture,Chairs,Ergonomic Office Chair,Central,Bhopal,1,8500.0,0.0,2500.0,Cash on Delivery
ORD-12338,2024-06-20,CUST-1200,Aarti Kapoor 200,Apparel,Footwear,Leather Oxford Shoes,West,Mumbai,1,3040.0,0.05,1340.0,Net Banking
ORD-12339,2024-10-10,CUST-1189,Siddharth Jain 189,Apparel,Corporate Wear,Cotton Formal Shirt,South,Bangalore,2,2850.0,0.05,1350.0,UPI
ORD-12340,2025-08-13,CUST-1107,Amit Kumar 107,Office Supplies,Binders,Heavy-Duty Ring Binder,North,Lucknow,2,392.0,0.3,152.0,UPI
ORD-12341,2025-09-15,CUST-1248,Neha Gupta 248,Technology,Phones,Smartphone Pro Max,South,Kochi,1,45000.0,0.0,9000.0,Credit Card
ORD-12342,2024-04-28,CUST-1054,Ananya Roy 54,Technology,Monitors,27-inch 4K Monitor,North,Chandigarh,1,22000.0,0.0,5000.0,UPI
ORD-12343,2024-04-27,CUST-1156,Siddharth Jain 156,Technology,Accessories,USB-C Multi-Port Hub,North,Delhi,1,1800.0,0.0,900.0,Credit Card
ORD-12344,2024-07-04,CUST-1011,Abhishek Saxena,Technology,Phones,Smartphone Pro Max,Central,Nagpur,1,45000.0,0.0,9000.0,Debit Card
ORD-12345,2025-11-08,CUST-1136,Amit Kumar 136,Office Supplies,Art,Highlighter & Marker Set,South,Chennai,4,1330.0,0.05,730.0,UPI
ORD-12346,2024-10-27,CUST-1111,Siddharth Jain 111,Office Supplies,Paper,Premium Hardbound Notebook,West,Pune,2,900.0,0.0,540.0,Net Banking
ORD-12347,2025-10-28,CUST-1208,Rahul Sharma 208,Furniture,Tables,Wooden Conference Table,Central,Bhopal,1,22500.0,0.1,1500.0,Credit Card
ORD-12348,2024-04-12,CUST-1024,Aditya Bose,Furniture,Tables,Wooden Conference Table,North,Noida,2,30000.0,0.4,-12000.0,Credit Card
ORD-12349,2024-12-11,CUST-1148,Bhavna Shah 148,Furniture,Bookcases,5-Tier Wooden Bookshelf,South,Chennai,2,10400.0,0.2,0.0,Credit Card
ORD-12350,2024-01-18,CUST-1216,Meera Sen 216,Apparel,Footwear,Leather Oxford Shoes,South,Hyderabad,10,27200.0,0.15,10200.0,Net Banking
ORD-12351,2024-03-08,CUST-1208,Rahul Sharma 208,Technology,Accessories,Wireless Mouse,South,Hyderabad,1,400.0,0.5,0.0,Net Banking
ORD-12352,2024-01-18,CUST-1199,Karan Joshi 199,Technology,Phones,Smartphone Pro Max,South,Kochi,1,40500.0,0.1,4500.0,Credit Card
ORD-12353,2025-03-10,CUST-1240,Rahul Sharma 240,Office Supplies,Paper,A4 Multipurpose Copy Paper (Pack of 5),Central,Indore,2,1920.0,0.2,520.0,Debit Card
ORD-12354,2024-05-13,CUST-1055,Deepak Rao 55,Technology,Accessories,Wireless Mouse,West,Mumbai,4,3200.0,0.0,1600.0,UPI
ORD-12355,2024-05-24,CUST-1124,Suresh Nair 124,Technology,Accessories,Mechanical Keyboard,East,Kolkata,1,3500.0,0.0,1500.0,Net Banking
ORD-12356,2024-08-24,CUST-1143,Rohan Mehta 143,Office Supplies,Binders,Heavy-Duty Ring Binder,West,Mumbai,1,140.0,0.5,20.0,UPI
ORD-12357,2025-03-29,CUST-1185,Aditya Bose 185,Technology,Accessories,USB-C Multi-Port Hub,East,Guwahati,4,7200.0,0.0,3600.0,Net Banking
ORD-12358,2024-08-21,CUST-1034,Divya Agarwal 34,Technology,Phones,Bluetooth Wireless Earbuds,West,Mumbai,1,2250.0,0.1,1050.0,Credit Card
ORD-12359,2025-12-01,CUST-1002,Ananya Roy,Furniture,Chairs,Mesh Executive Chair,West,Mumbai,1,12000.0,0.0,2500.0,UPI
ORD-12360,2025-09-22,CUST-1093,Divya Agarwal 93,Office Supplies,Paper,Premium Hardbound Notebook,East,Guwahati,1,405.0,0.1,225.0,Cash on Delivery
ORD-12361,2024-03-07,CUST-1095,Preeti Pandey 95,Office Supplies,Art,Highlighter & Marker Set,Central,Nagpur,3,892.5,0.15,442.5,Debit Card
ORD-12362,2024-10-18,CUST-1045,Suresh Nair 45,Furniture,Chairs,Mesh Executive Chair,West,Surat,3,36000.0,0.0,7500.0,Debit Card
ORD-12363,2025-04-17,CUST-1112,Ravi Pillai 112,Technology,Accessories,Wireless Mouse,North,Delhi,2,1600.0,0.0,800.0,Cash on Delivery
ORD-12364,2024-05-05,CUST-1010,Ananya Roy,Furniture,Chairs,Ergonomic Office Chair,North,Chandigarh,2,17000.0,0.0,5000.0,Net Banking
ORD-12365,2025-02-12,CUST-1071,Preeti Pandey 71,Technology,Accessories,USB-C Multi-Port Hub,East,Bhubaneswar,1,1800.0,0.0,900.0,Cash on Delivery
ORD-12366,2024-01-14,CUST-1133,Suresh Nair 133,Technology,Phones,Smartphone Pro Max,West,Surat,1,22500.0,0.5,-13500.0,UPI
ORD-12367,2024-04-20,CUST-1250,Neha Gupta 250,Furniture,Bookcases,5-Tier Wooden Bookshelf,North,Chandigarh,1,3900.0,0.4,-1300.0,UPI
ORD-12368,2025-02-22,CUST-1116,Kavita Das 116,Technology,Phones,Smartphone Pro Max,South,Bangalore,2,85500.0,0.05,13500.0,Debit Card
ORD-12369,2024-03-22,CUST-1249,Priya Patel 249,Technology,Accessories,Mechanical Keyboard,West,Ahmedabad,5,15750.0,0.1,5750.0,Net Banking
ORD-12370,2024-11-06,CUST-1030,Nisha Bhat,Furniture,Chairs,Ergonomic Office Chair,North,Delhi,2,17000.0,0.0,5000.0,Debit Card
ORD-12371,2025-06-28,CUST-1221,Pooja Verma 221,Apparel,Corporate Wear,Cotton Formal Shirt,West,Surat,1,1200.0,0.2,450.0,Cash on Delivery
ORD-12372,2024-09-16,CUST-1128,Priya Patel 128,Technology,Accessories,Wireless Mouse,South,Bangalore,2,1360.0,0.15,560.0,Credit Card
ORD-12373,2025-11-18,CUST-1199,Karan Joshi 199,Furniture,Chairs,Ergonomic Office Chair,Central,Indore,1,5950.0,0.3,-50.0,Debit Card
ORD-12374,2025-03-23,CUST-1228,Deepak Rao 228,Office Supplies,Paper,Premium Hardbound Notebook,East,Bhubaneswar,1,225.0,0.5,45.0,UPI
ORD-12375,2025-06-21,CUST-1062,Ravi Pillai 62,Technology,Phones,Bluetooth Wireless Earbuds,East,Kolkata,1,2250.0,0.1,1050.0,Net Banking
ORD-12376,2025-02-28,CUST-1109,Shweta Mishra 109,Technology,Phones,Smartphone Pro Max,West,Ahmedabad,2,90000.0,0.0,18000.0,UPI
ORD-12377,2024-04-29,CUST-1013,Tarun Choudhury,Office Supplies,Art,Highlighter & Marker Set,Central,Indore,2,700.0,0.0,400.0,Debit Card
ORD-12378,2024-02-08,CUST-1006,Neha Gupta,Furniture,Tables,Adjustable Standing Desk,Central,Bhopal,2,21600.0,0.4,-6400.0,UPI
ORD-12379,2025-07-30,CUST-1194,Ananya Roy 194,Furniture,Tables,Adjustable Standing Desk,Central,Bhopal,1,18000.0,0.0,4000.0,Debit Card
ORD-12380,2024-06-25,CUST-1011,Abhishek Saxena,Furniture,Tables,Adjustable Standing Desk,Central,Nagpur,2,18000.0,0.5,-10000.0,Debit Card
ORD-12381,2025-10-24,CUST-1211,Ravi Pillai 211,Office Supplies,Binders,Heavy-Duty Ring Binder,East,Guwahati,2,560.0,0.0,320.0,Credit Card
ORD-12382,2025-04-19,CUST-1152,Karan Joshi 152,Office Supplies,Art,Highlighter & Marker Set,North,Chandigarh,1,210.0,0.4,60.0,Debit Card
ORD-12383,2024-04-14,CUST-1106,Shweta Mishra 106,Office Supplies,Paper,Premium Hardbound Notebook,North,Lucknow,1,405.0,0.1,225.0,UPI
ORD-12384,2025-05-11,CUST-1123,Abhishek Saxena 123,Apparel,Footwear,Leather Oxford Shoes,West,Pune,1,3200.0,0.0,1500.0,Debit Card
ORD-12385,2025-03-23,CUST-1047,Vikas Singh 47,Furniture,Chairs,Ergonomic Office Chair,Central,Nagpur,2,15300.0,0.1,3300.0,Cash on Delivery
ORD-12386,2025-08-05,CUST-1234,Meera Sen 234,Technology,Phones,Smartphone Pro Max,Central,Indore,3,135000.0,0.0,27000.0,Debit Card
ORD-12387,2024-06-18,CUST-1227,Vikas Singh 227,Office Supplies,Storage,Heavy Duty Arch File Box,South,Bangalore,1,650.0,0.0,300.0,Cash on Delivery
ORD-12388,2025-04-16,CUST-1210,Tarun Choudhury 210,Apparel,Corporate Wear,Tailored Blazer,South,Bangalore,1,4800.0,0.0,2200.0,Credit Card
ORD-12389,2025-11-07,CUST-1008,Vikas Singh,Furniture,Tables,Adjustable Standing Desk,North,Noida,5,90000.0,0.0,20000.0,Credit Card
ORD-12390,2025-01-13,CUST-1176,Shweta Mishra 176,Apparel,Footwear,Leather Oxford Shoes,Central,Nagpur,2,3200.0,0.5,-200.0,Net Banking
ORD-12391,2024-05-30,CUST-1230,Sneha Reddy 230,Technology,Phones,Smartphone Pro Max,North,Chandigarh,5,135000.0,0.4,-45000.0,Cash on Delivery
ORD-12392,2025-10-02,CUST-1075,Alok Deshmukh 75,Apparel,Corporate Wear,Cotton Formal Shirt,North,Delhi,8,9600.0,0.2,3600.0,Debit Card
ORD-12393,2024-11-07,CUST-1042,Sneha Reddy 42,Technology,Phones,Smartphone Pro Max,East,Patna,2,85500.0,0.05,13500.0,Cash on Delivery
ORD-12394,2025-03-26,CUST-1249,Priya Patel 249,Apparel,Corporate Wear,Cotton Formal Shirt,West,Surat,5,4500.0,0.4,750.0,Credit Card
ORD-12395,2024-03-04,CUST-1208,Rahul Sharma 208,Technology,Accessories,Wireless Mouse,West,Mumbai,1,680.0,0.15,280.0,Net Banking
ORD-12396,2025-10-27,CUST-1049,Aarti Kapoor 49,Office Supplies,Paper,Premium Hardbound Notebook,Central,Bhopal,1,360.0,0.2,180.0,UPI
ORD-12397,2025-10-25,CUST-1240,Rahul Sharma 240,Technology,Monitors,27-inch 4K Monitor,Central,Indore,2,22000.0,0.5,-12000.0,Debit Card
ORD-12398,2024-06-18,CUST-1154,Neha Gupta 154,Office Supplies,Storage,Heavy Duty Arch File Box,Central,Nagpur,1,520.0,0.2,170.0,Cash on Delivery
ORD-12399,2025-11-17,CUST-1123,Abhishek Saxena 123,Technology,Accessories,Mechanical Keyboard,West,Mumbai,2,6650.0,0.05,2650.0,UPI
ORD-12400,2024-09-21,CUST-1232,Aarti Kapoor 232,Technology,Accessories,USB-C Multi-Port Hub,Central,Indore,1,1440.0,0.2,540.0,UPI
ORD-12401,2025-05-21,CUST-1231,Siddharth Jain 231,Apparel,Corporate Wear,Tailored Blazer,South,Chennai,2,5760.0,0.4,560.0,Cash on Delivery
ORD-12402,2024-08-17,CUST-1086,Amit Kumar 86,Office Supplies,Paper,Premium Hardbound Notebook,West,Mumbai,3,945.0,0.3,405.0,Cash on Delivery
ORD-12403,2025-11-05,CUST-1102,Karan Joshi 102,Technology,Monitors,27-inch 4K Monitor,West,Mumbai,4,70400.0,0.2,2400.0,Debit Card
ORD-12404,2025-09-16,CUST-1097,Sneha Reddy 97,Office Supplies,Paper,Premium Hardbound Notebook,Central,Bhopal,3,675.0,0.5,135.0,Net Banking
ORD-12405,2024-01-27,CUST-1069,Siddharth Jain 69,Office Supplies,Art,Highlighter & Marker Set,Central,Indore,1,245.0,0.3,95.0,UPI
ORD-12406,2024-06-05,CUST-1144,Shweta Mishra 144,Furniture,Bookcases,5-Tier Wooden Bookshelf,North,Chandigarh,1,5525.0,0.15,325.0,Cash on Delivery
ORD-12407,2024-09-05,CUST-1212,Karan Joshi 212,Office Supplies,Storage,Heavy Duty Arch File Box,West,Pune,1,325.0,0.5,-25.0,Credit Card
ORD-12408,2024-09-29,CUST-1137,Rohan Mehta 137,Office Supplies,Paper,Premium Hardbound Notebook,Central,Nagpur,2,450.0,0.5,90.0,UPI
ORD-12409,2025-03-22,CUST-1036,Karan Joshi 36,Furniture,Tables,Adjustable Standing Desk,East,Guwahati,1,10800.0,0.4,-3200.0,Net Banking
ORD-12410,2025-09-08,CUST-1148,Bhavna Shah 148,Technology,Accessories,USB-C Multi-Port Hub,East,Kolkata,2,3600.0,0.0,1800.0,UPI
ORD-12411,2024-10-19,CUST-1230,Sneha Reddy 230,Furniture,Chairs,Mesh Executive Chair,West,Pune,10,114000.0,0.05,19000.0,Net Banking
ORD-12412,2024-04-20,CUST-1060,Gaurav Tiwari 60,Furniture,Chairs,Ergonomic Office Chair,East,Guwahati,4,28900.0,0.15,4900.0,Credit Card
ORD-12413,2024-09-11,CUST-1012,Ravi Pillai,Furniture,Tables,Adjustable Standing Desk,West,Mumbai,1,18000.0,0.0,4000.0,Credit Card
ORD-12414,2025-01-03,CUST-1233,Bhavna Shah 233,Furniture,Tables,Adjustable Standing Desk,West,Surat,1,18000.0,0.0,4000.0,Cash on Delivery
ORD-12415,2024-04-09,CUST-1110,Sneha Reddy 110,Furniture,Bookcases,5-Tier Wooden Bookshelf,North,Lucknow,2,11700.0,0.1,1300.0,UPI
ORD-12416,2025-08-03,CUST-1107,Amit Kumar 107,Office Supplies,Paper,Premium Hardbound Notebook,North,Chandigarh,3,945.0,0.3,405.0,UPI
ORD-12417,2025-06-12,CUST-1033,Neha Gupta 33,Furniture,Tables,Adjustable Standing Desk,Central,Nagpur,2,21600.0,0.4,-6400.0,UPI
ORD-12418,2025-07-13,CUST-1139,Swati Kulkarni 139,Technology,Accessories,Wireless Mouse,East,Guwahati,3,2400.0,0.0,1200.0,UPI
ORD-12419,2024-11-14,CUST-1133,Suresh Nair 133,Technology,Phones,Smartphone Pro Max,South,Hyderabad,2,72000.0,0.2,0.0,Net Banking
ORD-12420,2024-09-28,CUST-1140,Tarun Choudhury 140,Office Supplies,Storage,Heavy Duty Arch File Box,Central,Nagpur,2,1235.0,0.05,535.0,Cash on Delivery
ORD-12421,2025-02-09,CUST-1179,Abhishek Saxena 179,Apparel,Corporate Wear,Tailored Blazer,East,Patna,5,19200.0,0.2,6200.0,Cash on Delivery
ORD-12422,2024-11-15,CUST-1222,Preeti Pandey 222,Technology,Accessories,USB-C Multi-Port Hub,West,Ahmedabad,2,3060.0,0.15,1260.0,UPI
ORD-12423,2024-04-23,CUST-1032,Manish Malhotra 32,Technology,Phones,Bluetooth Wireless Earbuds,Central,Nagpur,1,1750.0,0.3,550.0,Debit Card
ORD-12424,2024-09-09,CUST-1179,Abhishek Saxena 179,Office Supplies,Paper,Premium Hardbound Notebook,North,Jaipur,1,315.0,0.3,135.0,UPI
ORD-12425,2025-03-08,CUST-1175,Vikas Singh 175,Technology,Accessories,Mechanical Keyboard,South,Kochi,1,2975.0,0.15,975.0,Credit Card
ORD-12426,2025-02-24,CUST-1250,Neha Gupta 250,Technology,Phones,Bluetooth Wireless Earbuds,North,Noida,2,4250.0,0.15,1850.0,Debit Card
ORD-12427,2025-09-05,CUST-1015,Amit Kumar,Office Supplies,Paper,Premium Hardbound Notebook,East,Kolkata,1,225.0,0.5,45.0,Cash on Delivery
ORD-12428,2024-11-04,CUST-1077,Swati Kulkarni 77,Apparel,Corporate Wear,Cotton Formal Shirt,Central,Indore,1,1350.0,0.1,600.0,Net Banking
ORD-12429,2025-01-19,CUST-1175,Vikas Singh 175,Furniture,Tables,Adjustable Standing Desk,Central,Nagpur,1,12600.0,0.3,-1400.0,Net Banking
ORD-12430,2024-02-21,CUST-1084,Aarti Kapoor 84,Office Supplies,Storage,Heavy Duty Arch File Box,West,Pune,1,585.0,0.1,235.0,Debit Card
ORD-12431,2025-03-09,CUST-1222,Preeti Pandey 222,Office Supplies,Paper,A4 Multipurpose Copy Paper (Pack of 5),East,Guwahati,1,1200.0,0.0,500.0,Cash on Delivery
ORD-12432,2025-04-06,CUST-1201,Shweta Mishra 201,Furniture,Tables,Wooden Conference Table,West,Pune,1,15000.0,0.4,-6000.0,Cash on Delivery
ORD-12433,2024-01-30,CUST-1109,Shweta Mishra 109,Technology,Phones,Bluetooth Wireless Earbuds,South,Hyderabad,1,2000.0,0.2,800.0,Net Banking
ORD-12434,2024-05-13,CUST-1219,Alok Deshmukh 219,Technology,Monitors,27-inch 4K Monitor,East,Patna,3,66000.0,0.0,15000.0,UPI
ORD-12435,2025-02-10,CUST-1162,Tarun Choudhury 162,Furniture,Bookcases,5-Tier Wooden Bookshelf,Central,Nagpur,1,6500.0,0.0,1300.0,UPI
ORD-12436,2025-12-12,CUST-1109,Shweta Mishra 109,Technology,Monitors,27-inch 4K Monitor,South,Bangalore,1,19800.0,0.1,2800.0,Credit Card
ORD-12437,2025-04-07,CUST-1110,Sneha Reddy 110,Office Supplies,Binders,Heavy-Duty Ring Binder,East,Patna,1,238.0,0.15,118.0,Cash on Delivery
ORD-12438,2024-03-09,CUST-1100,Rohan Mehta 100,Technology,Accessories,Wireless Mouse,North,Delhi,1,800.0,0.0,400.0,UPI
ORD-12439,2025-01-16,CUST-1234,Meera Sen 234,Apparel,Corporate Wear,Cotton Formal Shirt,West,Surat,10,15000.0,0.0,7500.0,Cash on Delivery
ORD-12440,2024-01-16,CUST-1028,Nisha Bhat,Office Supplies,Binders,Heavy-Duty Ring Binder,Central,Nagpur,8,1568.0,0.3,608.0,Net Banking
ORD-12441,2025-07-26,CUST-1033,Neha Gupta 33,Furniture,Chairs,Ergonomic Office Chair,North,Lucknow,2,14450.0,0.15,2450.0,Net Banking
ORD-12442,2024-01-14,CUST-1239,Rajesh Iyer 239,Furniture,Tables,Adjustable Standing Desk,East,Bhubaneswar,10,144000.0,0.2,4000.0,Debit Card
ORD-12443,2024-06-17,CUST-1164,Kavita Das 164,Office Supplies,Storage,Heavy Duty Arch File Box,North,Lucknow,3,1950.0,0.0,900.0,UPI
ORD-12444,2024-07-27,CUST-1136,Amit Kumar 136,Furniture,Tables,Adjustable Standing Desk,South,Kochi,1,14400.0,0.2,400.0,Debit Card
ORD-12445,2025-12-14,CUST-1099,Deepak Rao 99,Apparel,Corporate Wear,Tailored Blazer,North,Chandigarh,2,9600.0,0.0,4400.0,Debit Card
ORD-12446,2024-09-28,CUST-1243,Deepak Rao 243,Apparel,Corporate Wear,Cotton Formal Shirt,South,Hyderabad,1,900.0,0.4,150.0,Credit Card
ORD-12447,2025-05-30,CUST-1084,Aarti Kapoor 84,Furniture,Tables,Adjustable Standing Desk,West,Ahmedabad,1,14400.0,0.2,400.0,Debit Card
ORD-12448,2024-11-08,CUST-1074,Tarun Choudhury 74,Office Supplies,Art,Highlighter & Marker Set,West,Pune,4,1400.0,0.0,800.0,UPI
ORD-12449,2024-05-23,CUST-1242,Bhavna Shah 242,Furniture,Chairs,Ergonomic Office Chair,South,Kochi,1,5100.0,0.4,-900.0,Cash on Delivery
ORD-12450,2025-05-18,CUST-1175,Vikas Singh 175,Technology,Accessories,USB-C Multi-Port Hub,East,Guwahati,4,5760.0,0.2,2160.0,Credit Card
ORD-12451,2024-09-05,CUST-1171,Aarti Kapoor 171,Furniture,Tables,Wooden Conference Table,South,Kochi,1,23750.0,0.05,2750.0,Cash on Delivery
ORD-12452,2025-07-05,CUST-1098,Deepak Rao 98,Technology,Monitors,27-inch 4K Monitor,North,Chandigarh,1,22000.0,0.0,5000.0,Cash on Delivery
ORD-12453,2024-03-03,CUST-1206,Sneha Reddy 206,Technology,Accessories,USB-C Multi-Port Hub,Central,Indore,5,9000.0,0.0,4500.0,Debit Card
ORD-12454,2024-12-02,CUST-1050,Suresh Nair 50,Technology,Accessories,Mechanical Keyboard,East,Bhubaneswar,1,2100.0,0.4,100.0,Cash on Delivery
ORD-12455,2024-05-28,CUST-1069,Siddharth Jain 69,Furniture,Chairs,Mesh Executive Chair,West,Pune,4,48000.0,0.0,10000.0,UPI
ORD-12456,2025-12-17,CUST-1190,Alok Deshmukh 190,Technology,Phones,Smartphone Pro Max,Central,Bhopal,3,108000.0,0.2,0.0,Net Banking
ORD-12457,2025-04-30,CUST-1130,Preeti Pandey 130,Furniture,Tables,Wooden Conference Table,Central,Bhopal,3,63750.0,0.15,750.0,Credit Card
ORD-12458,2024-12-12,CUST-1067,Kavita Das 67,Furniture,Tables,Adjustable Standing Desk,East,Kolkata,3,51300.0,0.05,9300.0,Cash on Delivery
ORD-12459,2025-01-05,CUST-1177,Sneha Reddy 177,Technology,Accessories,USB-C Multi-Port Hub,East,Bhubaneswar,2,2160.0,0.4,360.0,UPI
ORD-12460,2024-01-16,CUST-1165,Deepak Rao 165,Furniture,Bookcases,5-Tier Wooden Bookshelf,South,Bangalore,1,4550.0,0.3,-650.0,Cash on Delivery
ORD-12461,2025-06-08,CUST-1170,Amit Kumar 170,Furniture,Tables,Adjustable Standing Desk,Central,Nagpur,1,9000.0,0.5,-5000.0,Cash on Delivery
ORD-12462,2025-08-16,CUST-1109,Shweta Mishra 109,Apparel,Footwear,Leather Oxford Shoes,Central,Nagpur,3,4800.0,0.5,-300.0,UPI
ORD-12463,2024-11-09,CUST-1081,Priya Patel 81,Office Supplies,Binders,Heavy-Duty Ring Binder,Central,Nagpur,1,196.0,0.3,76.0,UPI
ORD-12464,2024-10-07,CUST-1175,Vikas Singh 175,Technology,Phones,Bluetooth Wireless Earbuds,West,Surat,1,2500.0,0.0,1300.0,Cash on Delivery
ORD-12465,2025-07-07,CUST-1192,Abhishek Saxena 192,Office Supplies,Paper,Premium Hardbound Notebook,West,Pune,1,427.5,0.05,247.5,Cash on Delivery
ORD-12466,2025-11-06,CUST-1134,Kavita Das 134,Furniture,Chairs,Mesh Executive Chair,South,Bangalore,1,12000.0,0.0,2500.0,Cash on Delivery
ORD-12467,2025-05-26,CUST-1008,Vikas Singh,Office Supplies,Paper,Premium Hardbound Notebook,South,Chennai,8,2160.0,0.4,720.0,Cash on Delivery
ORD-12468,2024-02-20,CUST-1183,Kavita Das 183,Apparel,Footwear,Leather Oxford Shoes,Central,Bhopal,1,3200.0,0.0,1500.0,UPI
ORD-12469,2024-04-29,CUST-1004,Ravi Pillai,Technology,Monitors,27-inch 4K Monitor,South,Chennai,4,88000.0,0.0,20000.0,UPI
ORD-12470,2025-12-09,CUST-1119,Shweta Mishra 119,Office Supplies,Storage,Heavy Duty Arch File Box,East,Kolkata,1,650.0,0.0,300.0,Cash on Delivery
ORD-12471,2025-10-08,CUST-1223,Shweta Mishra 223,Apparel,Corporate Wear,Tailored Blazer,East,Guwahati,1,2880.0,0.4,280.0,UPI
ORD-12472,2024-11-26,CUST-1024,Aditya Bose,Furniture,Tables,Wooden Conference Table,North,Lucknow,4,90000.0,0.1,6000.0,Debit Card
ORD-12473,2025-10-19,CUST-1131,Priya Patel 131,Technology,Accessories,Mechanical Keyboard,East,Patna,1,2100.0,0.4,100.0,Credit Card
ORD-12474,2024-07-18,CUST-1081,Priya Patel 81,Furniture,Tables,Wooden Conference Table,East,Patna,3,75000.0,0.0,12000.0,UPI
ORD-12475,2024-01-04,CUST-1051,Ananya Roy 51,Technology,Accessories,Wireless Mouse,East,Guwahati,4,3200.0,0.0,1600.0,Debit Card
ORD-12476,2024-10-12,CUST-1244,Tarun Choudhury 244,Apparel,Footwear,Leather Oxford Shoes,East,Guwahati,3,8160.0,0.15,3060.0,UPI
ORD-12477,2025-11-22,CUST-1100,Rohan Mehta 100,Office Supplies,Storage,Heavy Duty Arch File Box,West,Mumbai,1,520.0,0.2,170.0,Debit Card
ORD-12478,2024-11-02,CUST-1182,Amit Kumar 182,Technology,Accessories,USB-C Multi-Port Hub,South,Hyderabad,1,1260.0,0.3,360.0,Cash on Delivery
ORD-12479,2024-12-27,CUST-1237,Aditya Bose 237,Apparel,Footwear,Leather Oxford Shoes,West,Surat,1,1600.0,0.5,-100.0,UPI
ORD-12480,2025-01-11,CUST-1198,Aarti Kapoor 198,Apparel,Corporate Wear,Tailored Blazer,South,Kochi,1,4560.0,0.05,1960.0,Debit Card
ORD-12481,2025-07-21,CUST-1037,Gaurav Tiwari 37,Office Supplies,Paper,Premium Hardbound Notebook,Central,Nagpur,2,450.0,0.5,90.0,Net Banking
ORD-12482,2024-06-12,CUST-1100,Rohan Mehta 100,Office Supplies,Art,Highlighter & Marker Set,North,Noida,1,280.0,0.2,130.0,Cash on Delivery
ORD-12483,2025-07-22,CUST-1134,Kavita Das 134,Apparel,Footwear,Leather Oxford Shoes,North,Chandigarh,2,4480.0,0.3,1080.0,Cash on Delivery
ORD-12484,2024-03-15,CUST-1094,Shweta Mishra 94,Technology,Accessories,Wireless Mouse,West,Surat,1,560.0,0.3,160.0,UPI
ORD-12485,2025-08-06,CUST-1117,Karan Joshi 117,Office Supplies,Paper,Premium Hardbound Notebook,North,Noida,1,450.0,0.0,270.0,UPI
ORD-12486,2024-05-15,CUST-1111,Siddharth Jain 111,Office Supplies,Paper,A4 Multipurpose Copy Paper (Pack of 5),East,Bhubaneswar,1,1080.0,0.1,380.0,UPI
ORD-12487,2025-07-20,CUST-1219,Alok Deshmukh 219,Technology,Accessories,Wireless Mouse,Central,Indore,5,4000.0,0.0,2000.0,Net Banking
ORD-12488,2025-01-04,CUST-1086,Amit Kumar 86,Apparel,Corporate Wear,Cotton Formal Shirt,West,Mumbai,2,2100.0,0.3,600.0,Debit Card
ORD-12489,2025-12-05,CUST-1125,Preeti Pandey 125,Furniture,Tables,Wooden Conference Table,East,Bhubaneswar,3,75000.0,0.0,12000.0,Cash on Delivery
ORD-12490,2025-11-20,CUST-1166,Neha Gupta 166,Apparel,Corporate Wear,Tailored Blazer,South,Hyderabad,1,2400.0,0.5,-200.0,Net Banking
ORD-12491,2024-05-21,CUST-1112,Ravi Pillai 112,Furniture,Tables,Adjustable Standing Desk,South,Chennai,1,12600.0,0.3,-1400.0,Debit Card
ORD-12492,2025-06-08,CUST-1151,Vikas Singh 151,Technology,Accessories,USB-C Multi-Port Hub,East,Kolkata,3,4860.0,0.1,2160.0,Debit Card
ORD-12493,2024-09-29,CUST-1235,Bhavna Shah 235,Technology,Phones,Bluetooth Wireless Earbuds,North,Noida,1,2250.0,0.1,1050.0,Debit Card
ORD-12494,2025-05-12,CUST-1214,Aarti Kapoor 214,Technology,Accessories,Mechanical Keyboard,West,Surat,3,10500.0,0.0,4500.0,UPI
ORD-12495,2025-08-14,CUST-1037,Gaurav Tiwari 37,Technology,Phones,Bluetooth Wireless Earbuds,West,Surat,3,3750.0,0.5,150.0,UPI
ORD-12496,2024-02-20,CUST-1017,Manish Malhotra,Office Supplies,Paper,Premium Hardbound Notebook,South,Hyderabad,1,450.0,0.0,270.0,Net Banking
ORD-12497,2024-06-24,CUST-1055,Deepak Rao 55,Technology,Phones,Bluetooth Wireless Earbuds,West,Surat,10,15000.0,0.4,3000.0,Credit Card
ORD-12498,2025-07-27,CUST-1157,Siddharth Jain 157,Furniture,Bookcases,5-Tier Wooden Bookshelf,West,Mumbai,1,4550.0,0.3,-650.0,Cash on Delivery
ORD-12499,2025-10-29,CUST-1210,Tarun Choudhury 210,Apparel,Corporate Wear,Cotton Formal Shirt,South,Chennai,2,2100.0,0.3,600.0,Credit Card
ORD-12500,2024-04-02,CUST-1035,,Office Supplies,Storage,Heavy Duty Arch File Box,North,Chandigarh,5,1950.0,0.4,200.0,Debit Card
ORD-12501,2024-01-07,CUST-1124,Suresh Nair 124,Technology,Accessories,USB-C Multi-Port Hub,North,Jaipur,5,9000.0,0.0,4500.0,UPI
ORD-12502,2024-04-28,CUST-1148,Bhavna Shah 148,Office Supplies,Paper,A4 Multipurpose Copy Paper (Pack of 5),North,Noida,1,840.0,0.3,140.0,UPI
ORD-12503,2025-10-14,CUST-1021,Rohan Mehta,Technology,Accessories,Mechanical Keyboard,West,Pune,5,12250.0,0.3,2250.0,UPI
ORD-12504,2025-08-06,CUST-1035,Swati Kulkarni 35,Furniture,Chairs,Ergonomic Office Chair,North,Delhi,2,13600.0,0.2,1600.0,Cash on Delivery
ORD-12505,2024-11-17,CUST-1002,Ananya Roy,Office Supplies,Binders,Heavy-Duty Ring Binder,West,Mumbai,4,560.0,0.5,80.0,Debit Card
ORD-12506,2025-07-29,CUST-1183,Kavita Das 183,Furniture,Bookcases,5-Tier Wooden Bookshelf,West,Pune,3,19500.0,0.0,3900.0,Cash on Delivery
ORD-12507,2025-06-18,CUST-1120,Nisha Bhat 120,Office Supplies,Storage,Heavy Duty Arch File Box,Central,Nagpur,2,1040.0,0.2,340.0,Debit Card
ORD-12508,2024-05-14,CUST-1153,Vikas Singh 153,Furniture,Tables,Adjustable Standing Desk,West,Surat,3,43200.0,0.2,1200.0,UPI
ORD-12509,2025-10-01,CUST-1132,Gaurav Tiwari 132,Technology,Phones,Bluetooth Wireless Earbuds,East,Bhubaneswar,3,4500.0,0.4,900.0,UPI
ORD-12510,2024-08-06,CUST-1231,Siddharth Jain 231,Technology,Accessories,USB-C Multi-Port Hub,North,Jaipur,1,1800.0,0.0,900.0,Debit Card
ORD-12511,2025-07-28,CUST-1170,Amit Kumar 170,Office Supplies,Paper,Premium Hardbound Notebook,South,Chennai,1,405.0,0.1,225.0,Credit Card
ORD-12512,2025-01-03,CUST-1113,Neha Gupta 113,Furniture,Tables,Adjustable Standing Desk,Central,Bhopal,1,18000.0,0.0,4000.0,Net Banking
ORD-12513,2025-06-26,CUST-1016,Swati Kulkarni,Office Supplies,Paper,Premium Hardbound Notebook,West,Surat,1,360.0,0.2,180.0,Net Banking
ORD-12514,2024-07-17,CUST-1151,Vikas Singh 151,Apparel,Corporate Wear,Tailored Blazer,South,Hyderabad,4,11520.0,0.4,1120.0,Cash on Delivery
ORD-12515,2024-07-18,CUST-1141,Nisha Bhat 141,Furniture,Tables,Wooden Conference Table,South,Hyderabad,3,60000.0,0.2,-3000.0,Debit Card
ORD-12516,2025-02-19,CUST-1235,Bhavna Shah 235,Technology,Phones,Bluetooth Wireless Earbuds,Central,Bhopal,1,2500.0,0.0,1300.0,Net Banking
ORD-12517,2025-03-30,CUST-1238,Suresh Nair 238,Furniture,Tables,Adjustable Standing Desk,North,Chandigarh,1,9000.0,0.5,-5000.0,Debit Card
ORD-12518,2024-11-06,CUST-1053,Kavita Das 53,Apparel,Footwear,Leather Oxford Shoes,South,Bangalore,2,3840.0,0.4,440.0,Debit Card
ORD-12519,2024-11-21,CUST-1180,Manish Malhotra 180,Furniture,Tables,Wooden Conference Table,North,Noida,1,23750.0,0.05,2750.0,UPI
ORD-12520,2024-03-26,CUST-1026,Siddharth Jain,Office Supplies,Art,Highlighter & Marker Set,Central,Indore,1,350.0,0.0,200.0,Credit Card
ORD-12521,2024-12-02,CUST-1181,Aditya Bose 181,Office Supplies,Art,Highlighter & Marker Set,East,Kolkata,2,700.0,0.0,400.0,Credit Card
ORD-12522,2025-12-20,CUST-1095,Preeti Pandey 95,Furniture,Chairs,Mesh Executive Chair,West,Ahmedabad,2,24000.0,0.0,5000.0,Credit Card
ORD-12523,2024-01-01,CUST-1229,Aarti Kapoor 229,Technology,Accessories,USB-C Multi-Port Hub,South,Chennai,1,1530.0,0.15,630.0,Cash on Delivery
ORD-12524,2024-12-31,CUST-1016,Swati Kulkarni,Technology,Accessories,Wireless Mouse,South,Kochi,3,2400.0,0.0,1200.0,UPI
ORD-12525,2024-10-28,CUST-1185,Aditya Bose 185,Technology,Monitors,27-inch 4K Monitor,West,Ahmedabad,1,11000.0,0.5,-6000.0,Debit Card
ORD-12526,2024-02-02,CUST-1113,Neha Gupta 113,Furniture,Tables,Wooden Conference Table,North,Chandigarh,1,17500.0,0.3,-3500.0,Credit Card
ORD-12527,2024-05-12,CUST-1119,Shweta Mishra 119,Apparel,Corporate Wear,Tailored Blazer,North,Jaipur,3,7200.0,0.5,-600.0,Debit Card
ORD-12528,2025-10-22,CUST-1193,Ravi Pillai 193,Technology,Accessories,USB-C Multi-Port Hub,North,Delhi,8,12960.0,0.1,5760.0,Cash on Delivery
ORD-12529,2024-08-09,CUST-1249,Priya Patel 249,Furniture,Tables,Wooden Conference Table,North,Lucknow,2,25000.0,0.5,-17000.0,UPI
ORD-12530,2024-01-04,CUST-1072,Shweta Mishra 72,Office Supplies,Paper,A4 Multipurpose Copy Paper (Pack of 5),South,Bangalore,4,3840.0,0.2,1040.0,UPI
ORD-12531,2025-06-02,CUST-1157,Siddharth Jain 157,Furniture,Tables,Wooden Conference Table,North,Delhi,2,25000.0,0.5,-17000.0,UPI
ORD-12532,2024-08-14,CUST-1168,Meera Sen 168,Furniture,Bookcases,5-Tier Wooden Bookshelf,Central,Nagpur,4,15600.0,0.4,-5200.0,Debit Card
ORD-12533,2024-12-20,CUST-1063,Divya Agarwal 63,Office Supplies,Paper,A4 Multipurpose Copy Paper (Pack of 5),Central,Indore,1,1020.0,0.15,320.0,Net Banking
ORD-12534,2024-03-13,CUST-1009,Ravi Pillai,Technology,Accessories,Mechanical Keyboard,East,Guwahati,2,3500.0,0.5,-500.0,UPI
ORD-12535,2025-12-14,CUST-1242,Bhavna Shah 242,Apparel,Corporate Wear,Tailored Blazer,North,Delhi,2,6720.0,0.3,1520.0,Net Banking
ORD-12536,2024-09-26,CUST-1012,Ravi Pillai,Furniture,Chairs,Mesh Executive Chair,East,Patna,2,24000.0,0.0,5000.0,Credit Card
ORD-12537,2025-11-10,CUST-1149,Shweta Mishra 149,Office Supplies,Paper,A4 Multipurpose Copy Paper (Pack of 5),South,Bangalore,1,840.0,0.3,140.0,Net Banking
ORD-12538,2025-01-21,CUST-1195,Abhishek Saxena 195,Technology,Monitors,27-inch 4K Monitor,West,Ahmedabad,1,22000.0,0.0,5000.0,Debit Card
ORD-12539,2024-01-12,CUST-1019,Rahul Sharma,Office Supplies,Binders,Heavy-Duty Ring Binder,South,Kochi,1,280.0,0.0,160.0,Net Banking
ORD-12540,2024-07-07,CUST-1074,Tarun Choudhury 74,Technology,Phones,Smartphone Pro Max,East,Patna,1,45000.0,0.0,9000.0,Credit Card
ORD-12541,2025-11-08,CUST-1180,Manish Malhotra 180,Technology,Phones,Bluetooth Wireless Earbuds,South,Chennai,1,2500.0,0.0,1300.0,UPI
ORD-12542,2024-01-16,CUST-1189,Siddharth Jain 189,Technology,Accessories,Mechanical Keyboard,Central,Bhopal,2,5600.0,0.2,1600.0,UPI
ORD-12543,2024-12-25,CUST-1246,Gaurav Tiwari 246,Apparel,Corporate Wear,Tailored Blazer,Central,Indore,2,9120.0,0.05,3920.0,UPI
ORD-12544,2024-06-04,CUST-1227,Vikas Singh 227,Technology,Phones,Smartphone Pro Max,North,Chandigarh,1,42750.0,0.05,6750.0,Credit Card
ORD-12545,2025-09-23,CUST-1238,Suresh Nair 238,Technology,Accessories,Wireless Mouse,West,Ahmedabad,5,2800.0,0.3,800.0,Debit Card
ORD-12546,2025-07-30,CUST-1143,Rohan Mehta 143,Apparel,Corporate Wear,Tailored Blazer,East,Patna,4,19200.0,0.0,8800.0,UPI
ORD-12547,2024-06-24,CUST-1152,Karan Joshi 152,Apparel,Footwear,Leather Oxford Shoes,East,Patna,1,3200.0,0.0,1500.0,Credit Card
ORD-12548,2024-09-03,CUST-1108,Aditya Bose 108,Technology,Monitors,27-inch 4K Monitor,North,Lucknow,2,37400.0,0.15,3400.0,Cash on Delivery
ORD-12549,2024-07-10,CUST-1020,Amit Kumar,Furniture,Tables,Adjustable Standing Desk,East,Guwahati,4,36000.0,0.5,-20000.0,Credit Card
ORD-12550,2024-01-02,CUST-1233,Bhavna Shah 233,Office Supplies,Art,Highlighter & Marker Set,North,Delhi,3,1050.0,0.0,600.0,Credit Card
ORD-12551,2025-12-31,CUST-1002,Ananya Roy,Technology,Monitors,27-inch 4K Monitor,South,Kochi,3,66000.0,0.0,15000.0,UPI
ORD-12552,2025-10-24,CUST-1186,Divya Agarwal 186,Technology,Monitors,27-inch 4K Monitor,North,Jaipur,4,52800.0,0.4,-15200.0,UPI
ORD-12553,2025-06-18,CUST-1147,Tarun Choudhury 147,Office Supplies,Binders,Heavy-Duty Ring Binder,North,Jaipur,2,448.0,0.2,208.0,UPI
ORD-12554,2024-04-24,CUST-1129,Neha Gupta 129,Office Supplies,Storage,Heavy Duty Arch File Box,South,Hyderabad,1,390.0,0.4,40.0,UPI
ORD-12555,2025-08-25,CUST-1226,Rohan Mehta 226,Furniture,Bookcases,5-Tier Wooden Bookshelf,Central,Nagpur,2,9100.0,0.3,-1300.0,Credit Card
ORD-12556,2025-12-21,CUST-1098,Deepak Rao 98,Apparel,Corporate Wear,Tailored Blazer,Central,Bhopal,3,12240.0,0.15,4440.0,Credit Card
ORD-12557,2025-05-05,CUST-1137,Rohan Mehta 137,Furniture,Chairs,Ergonomic Office Chair,North,Noida,8,34000.0,0.5,-14000.0,Credit Card
ORD-12558,2025-06-04,CUST-1233,Bhavna Shah 233,Apparel,Footwear,Leather Oxford Shoes,East,Bhubaneswar,3,8640.0,0.1,3540.0,Debit Card
ORD-12559,2024-11-14,CUST-1169,Rajesh Iyer 169,Technology,Phones,Smartphone Pro Max,Central,Bhopal,1,31500.0,0.3,-4500.0,Credit Card
ORD-12560,2024-01-02,CUST-1014,Siddharth Jain,Technology,Monitors,27-inch 4K Monitor,Central,Bhopal,2,26400.0,0.4,-7600.0,Credit Card
ORD-12561,2025-10-02,CUST-1059,Karan Joshi 59,Technology,Phones,Bluetooth Wireless Earbuds,South,Bangalore,1,2250.0,0.1,1050.0,Debit Card
ORD-12562,2025-05-13,CUST-1072,Shweta Mishra 72,Furniture,Chairs,Ergonomic Office Chair,South,Bangalore,1,7225.0,0.15,1225.0,Cash on Delivery
ORD-12563,2025-09-08,CUST-1182,Amit Kumar 182,Furniture,Chairs,Ergonomic Office Chair,North,Lucknow,3,25500.0,0.0,7500.0,Credit Card
ORD-12564,2024-02-06,CUST-1163,Swati Kulkarni 163,Furniture,Chairs,Ergonomic Office Chair,North,Jaipur,5,42500.0,0.0,12500.0,Credit Card
ORD-12565,2024-05-14,CUST-1034,Divya Agarwal 34,Office Supplies,Art,Highlighter & Marker Set,East,Patna,4,1400.0,0.0,800.0,UPI
ORD-12566,2024-09-06,CUST-1096,Deepak Rao 96,Furniture,Chairs,Ergonomic Office Chair,North,Lucknow,2,13600.0,0.2,1600.0,Debit Card
ORD-12567,2024-02-18,CUST-1105,Abhishek Saxena 105,Furniture,Tables,Adjustable Standing Desk,East,Bhubaneswar,1,18000.0,0.0,4000.0,Debit Card
ORD-12568,2025-09-01,CUST-1060,Gaurav Tiwari 60,Office Supplies,Art,Highlighter & Marker Set,East,Guwahati,1,175.0,0.5,25.0,UPI
ORD-12569,2025-09-17,CUST-1138,Bhavna Shah 138,Furniture,Chairs,Mesh Executive Chair,South,Bangalore,2,24000.0,0.0,5000.0,Cash on Delivery
ORD-12570,2024-04-01,CUST-1107,Amit Kumar 107,Technology,Accessories,USB-C Multi-Port Hub,East,Patna,1,900.0,0.5,0.0,UPI
ORD-12571,2024-06-11,CUST-1150,Divya Agarwal 150,Apparel,Corporate Wear,Cotton Formal Shirt,South,Bangalore,5,7500.0,0.0,3750.0,Debit Card
ORD-12572,2024-09-10,CUST-1216,Meera Sen 216,Apparel,Corporate Wear,Tailored Blazer,West,Mumbai,2,7680.0,0.2,2480.0,Credit Card
ORD-12573,2024-06-03,CUST-1146,Kavita Das 146,Technology,Accessories,USB-C Multi-Port Hub,South,Bangalore,1,1800.0,0.0,900.0,Cash on Delivery
ORD-12574,2024-02-27,CUST-1094,Shweta Mishra 94,Office Supplies,Paper,Premium Hardbound Notebook,Central,Indore,5,1800.0,0.2,900.0,Net Banking
ORD-12575,2025-04-16,CUST-1245,Preeti Pandey 245,Technology,Accessories,Mechanical Keyboard,East,Bhubaneswar,3,10500.0,0.0,4500.0,UPI
ORD-12576,2025-08-07,CUST-1132,Gaurav Tiwari 132,Office Supplies,Paper,Premium Hardbound Notebook,West,Ahmedabad,1,225.0,0.5,45.0,Debit Card
ORD-12577,2024-09-17,CUST-1077,Swati Kulkarni 77,Technology,Accessories,Mechanical Keyboard,East,Guwahati,1,3325.0,0.05,1325.0,Debit Card
ORD-12578,2025-09-11,CUST-1198,Aarti Kapoor 198,Furniture,Chairs,Ergonomic Office Chair,South,Kochi,1,7650.0,0.1,1650.0,Cash on Delivery
ORD-12579,2025-01-20,CUST-1043,Nisha Bhat 43,Office Supplies,Art,Highlighter & Marker Set,South,Chennai,3,840.0,0.2,390.0,Credit Card
ORD-12580,2025-03-20,CUST-1226,Rohan Mehta 226,Technology,Phones,Smartphone Pro Max,North,Jaipur,5,202500.0,0.1,22500.0,Credit Card
ORD-12581,2025-02-24,CUST-1171,Aarti Kapoor 171,Technology,Phones,Bluetooth Wireless Earbuds,West,Ahmedabad,1,2500.0,0.0,1300.0,UPI
ORD-12582,2025-11-26,CUST-1132,Gaurav Tiwari 132,Technology,Accessories,Mechanical Keyboard,Central,Nagpur,2,3500.0,0.5,-500.0,Cash on Delivery
ORD-12583,2024-04-10,CUST-1190,Alok Deshmukh 190,Office Supplies,Storage,Heavy Duty Arch File Box,South,Chennai,3,1950.0,0.0,900.0,Cash on Delivery
ORD-12584,2025-08-07,CUST-1175,Vikas Singh 175,Office Supplies,Paper,Premium Hardbound Notebook,West,Pune,1,382.5,0.15,202.5,Credit Card
ORD-12585,2024-05-17,CUST-1185,Aditya Bose 185,Furniture,Tables,Wooden Conference Table,East,Bhubaneswar,4,100000.0,0.0,16000.0,Debit Card
ORD-12586,2025-06-28,CUST-1061,Priya Patel 61,Furniture,Chairs,Mesh Executive Chair,South,Hyderabad,5,60000.0,0.0,12500.0,Credit Card
ORD-12587,2024-03-20,CUST-1021,Rohan Mehta,Office Supplies,Paper,A4 Multipurpose Copy Paper (Pack of 5),Central,Indore,1,1020.0,0.15,320.0,Debit Card
ORD-12588,2025-01-13,CUST-1222,Preeti Pandey 222,Office Supplies,Art,Highlighter & Marker Set,East,Patna,2,490.0,0.3,190.0,Net Banking
ORD-12589,2025-08-23,CUST-1183,Kavita Das 183,Furniture,Tables,Adjustable Standing Desk,West,Pune,1,17100.0,0.05,3100.0,Net Banking
ORD-12590,2025-01-14,CUST-1145,Rajesh Iyer 145,Office Supplies,Binders,Heavy-Duty Ring Binder,West,Surat,1,140.0,0.5,20.0,Cash on Delivery
ORD-12591,2025-01-26,CUST-1247,Pooja Verma 247,Technology,Accessories,USB-C Multi-Port Hub,East,Bhubaneswar,4,7200.0,0.0,3600.0,UPI
ORD-12592,2024-06-30,CUST-1088,Neha Gupta 88,Furniture,Tables,Wooden Conference Table,West,Mumbai,2,50000.0,0.0,8000.0,Cash on Delivery
ORD-12593,2024-12-06,CUST-1240,Rahul Sharma 240,Furniture,Tables,Wooden Conference Table,Central,Bhopal,3,75000.0,0.0,12000.0,Net Banking
ORD-12594,2025-09-02,CUST-1037,Gaurav Tiwari 37,Furniture,Bookcases,5-Tier Wooden Bookshelf,West,Surat,1,4550.0,0.3,-650.0,Credit Card
ORD-12595,2024-04-25,CUST-1219,Alok Deshmukh 219,Furniture,Chairs,Mesh Executive Chair,North,Chandigarh,4,43200.0,0.1,5200.0,Credit Card
ORD-12596,2024-09-02,CUST-1095,Preeti Pandey 95,Apparel,Footwear,Leather Oxford Shoes,North,Jaipur,1,3200.0,0.0,1500.0,Debit Card
ORD-12597,2024-02-23,CUST-1171,Aarti Kapoor 171,Furniture,Tables,Adjustable Standing Desk,Central,Nagpur,1,18000.0,0.0,4000.0,Net Banking
ORD-12598,2024-04-29,CUST-1078,Rohan Mehta 78,Furniture,Bookcases,5-Tier Wooden Bookshelf,West,Pune,3,19500.0,0.0,3900.0,Net Banking
ORD-12599,2025-08-03,CUST-1106,Shweta Mishra 106,Furniture,Chairs,Mesh Executive Chair,East,Bhubaneswar,1,12000.0,0.0,2500.0,UPI
ORD-12600,2025-06-30,CUST-1166,Neha Gupta 166,Technology,Phones,Smartphone Pro Max,East,Patna,4,180000.0,0.0,36000.0,UPI
ORD-12601,2024-03-22,CUST-1095,Preeti Pandey 95,Apparel,Corporate Wear,Tailored Blazer,East,Kolkata,4,11520.0,0.4,1120.0,Debit Card
ORD-12602,2024-11-27,CUST-1249,Priya Patel 249,Furniture,Tables,Adjustable Standing Desk,South,Kochi,4,43200.0,0.4,-12800.0,Net Banking
ORD-12603,2024-09-22,CUST-1069,Siddharth Jain 69,Office Supplies,Binders,Heavy-Duty Ring Binder,North,Delhi,2,560.0,0.0,320.0,UPI
ORD-12604,2025-12-09,CUST-1204,Pooja Verma 204,Furniture,Bookcases,5-Tier Wooden Bookshelf,South,Chennai,4,18200.0,0.3,-2600.0,Net Banking
ORD-12605,2024-05-15,CUST-1148,Bhavna Shah 148,Office Supplies,Storage,Heavy Duty Arch File Box,East,Patna,1,617.5,0.05,267.5,Net Banking
ORD-12606,2024-01-04,CUST-1029,Shweta Mishra,Furniture,Tables,Adjustable Standing Desk,North,Delhi,4,61200.0,0.15,5200.0,Credit Card
ORD-12607,2025-03-25,CUST-1239,Rajesh Iyer 239,Apparel,Corporate Wear,Tailored Blazer,North,Delhi,4,16320.0,0.15,5920.0,Debit Card
ORD-12608,2025-10-26,CUST-1012,Ravi Pillai,Technology,Accessories,Mechanical Keyboard,North,Lucknow,2,7000.0,0.0,3000.0,Credit Card
ORD-12609,2024-03-08,CUST-1080,Amit Kumar 80,Technology,Monitors,27-inch 4K Monitor,West,Surat,2,41800.0,0.05,7800.0,UPI
ORD-12610,2025-03-11,CUST-1007,Neha Gupta,Furniture,Tables,Wooden Conference Table,South,Bangalore,3,71250.0,0.05,8250.0,Net Banking
ORD-12611,2025-06-25,CUST-1207,Divya Agarwal 207,Technology,Accessories,USB-C Multi-Port Hub,East,Bhubaneswar,4,6840.0,0.05,3240.0,UPI
ORD-12612,2024-07-21,CUST-1097,Sneha Reddy 97,Office Supplies,Paper,A4 Multipurpose Copy Paper (Pack of 5),West,Pune,2,1920.0,0.2,520.0,Credit Card
ORD-12613,2024-01-28,CUST-1154,Neha Gupta 154,Technology,Monitors,27-inch 4K Monitor,Central,Nagpur,2,30800.0,0.3,-3200.0,Credit Card
ORD-12614,2024-11-20,CUST-1091,Kavita Das 91,Furniture,Chairs,Ergonomic Office Chair,South,Chennai,1,5950.0,0.3,-50.0,Credit Card
ORD-12615,2025-12-17,CUST-1229,Aarti Kapoor 229,Apparel,Corporate Wear,Cotton Formal Shirt,Central,Nagpur,1,1350.0,0.1,600.0,Debit Card
ORD-12616,2025-04-30,CUST-1177,Sneha Reddy 177,Furniture,Chairs,Mesh Executive Chair,West,Pune,1,9600.0,0.2,100.0,Net Banking
ORD-12617,2024-03-30,CUST-1130,Preeti Pandey 130,Office Supplies,Paper,A4 Multipurpose Copy Paper (Pack of 5),North,Chandigarh,1,1200.0,0.0,500.0,Cash on Delivery
ORD-12618,2025-04-15,CUST-1012,Ravi Pillai,Apparel,Corporate Wear,Cotton Formal Shirt,South,Kochi,2,3000.0,0.0,1500.0,Cash on Delivery
ORD-12619,2024-06-11,CUST-1213,Meera Sen 213,Furniture,Chairs,Ergonomic Office Chair,East,Kolkata,1,5950.0,0.3,-50.0,UPI
ORD-12620,2024-06-08,CUST-1102,Karan Joshi 102,Technology,Phones,Smartphone Pro Max,West,Pune,4,108000.0,0.4,-36000.0,Cash on Delivery
ORD-12621,2025-10-09,CUST-1181,Aditya Bose 181,Technology,Accessories,USB-C Multi-Port Hub,East,Guwahati,4,6480.0,0.1,2880.0,Cash on Delivery
ORD-12622,2024-09-21,CUST-1200,Aarti Kapoor 200,Office Supplies,Paper,Premium Hardbound Notebook,East,Bhubaneswar,1,405.0,0.1,225.0,Credit Card
ORD-12623,2024-05-28,CUST-1054,Ananya Roy 54,Furniture,Chairs,Ergonomic Office Chair,South,Chennai,5,25500.0,0.4,-4500.0,UPI
ORD-12624,2025-12-10,CUST-1065,Ananya Roy 65,Technology,Phones,Bluetooth Wireless Earbuds,West,Pune,3,7500.0,0.0,3900.0,Credit Card
ORD-12625,2024-12-28,CUST-1097,Sneha Reddy 97,Technology,Monitors,27-inch 4K Monitor,Central,Indore,1,22000.0,0.0,5000.0,Net Banking
ORD-12626,2024-09-05,CUST-1214,Aarti Kapoor 214,Office Supplies,Binders,Heavy-Duty Ring Binder,South,Bangalore,4,1120.0,0.0,640.0,Cash on Delivery
ORD-12627,2024-02-26,CUST-1070,Pooja Verma 70,Office Supplies,Paper,Premium Hardbound Notebook,East,Patna,1,427.5,0.05,247.5,UPI
ORD-12628,2025-05-12,CUST-1172,Priya Patel 172,Furniture,Bookcases,5-Tier Wooden Bookshelf,South,Hyderabad,3,11700.0,0.4,-3900.0,Debit Card
ORD-12629,2024-06-01,CUST-1004,Ravi Pillai,Technology,Accessories,USB-C Multi-Port Hub,South,Kochi,1,1800.0,0.0,900.0,Cash on Delivery
ORD-12630,2024-10-20,CUST-1059,Karan Joshi 59,Apparel,Footwear,Leather Oxford Shoes,East,Patna,1,2720.0,0.15,1020.0,Debit Card
ORD-12631,2025-05-02,CUST-1012,Ravi Pillai,Office Supplies,Paper,A4 Multipurpose Copy Paper (Pack of 5),West,Ahmedabad,2,2400.0,0.0,1000.0,UPI
ORD-12632,2025-01-12,CUST-1023,Meera Sen,Office Supplies,Storage,Heavy Duty Arch File Box,West,Mumbai,1,552.5,0.15,202.5,Debit Card
ORD-12633,2025-03-14,CUST-1070,Pooja Verma 70,Technology,Accessories,Wireless Mouse,Central,Nagpur,1,640.0,0.2,240.0,Cash on Delivery
ORD-12634,2024-08-04,CUST-1152,Karan Joshi 152,Furniture,Bookcases,5-Tier Wooden Bookshelf,East,Guwahati,1,6500.0,0.0,1300.0,UPI
ORD-12635,2025-05-03,CUST-1206,Sneha Reddy 206,Technology,Accessories,Wireless Mouse,South,Bangalore,1,640.0,0.2,240.0,Credit Card
ORD-12636,2025-12-28,CUST-1167,Vikas Singh 167,Office Supplies,Binders,Heavy-Duty Ring Binder,North,Lucknow,3,840.0,0.0,480.0,Credit Card
ORD-12637,2024-10-19,CUST-1063,Divya Agarwal 63,Office Supplies,Storage,Heavy Duty Arch File Box,Central,Indore,2,650.0,0.5,-50.0,Net Banking
ORD-12638,2025-02-19,CUST-1010,Ananya Roy,Apparel,Footwear,Leather Oxford Shoes,Central,Indore,1,3200.0,0.0,1500.0,Net Banking
ORD-12639,2025-05-17,CUST-1229,Aarti Kapoor 229,Office Supplies,Binders,Heavy-Duty Ring Binder,South,Bangalore,3,840.0,0.0,480.0,Credit Card
ORD-12640,2025-03-24,CUST-1167,Vikas Singh 167,Office Supplies,Paper,Premium Hardbound Notebook,North,Chandigarh,5,1125.0,0.5,225.0,Cash on Delivery
ORD-12641,2025-07-01,CUST-1160,Swati Kulkarni 160,Office Supplies,Binders,Heavy-Duty Ring Binder,Central,Indore,1,266.0,0.05,146.0,Cash on Delivery
ORD-12642,2025-12-16,CUST-1052,Amit Kumar 52,Technology,Phones,Smartphone Pro Max,Central,Bhopal,2,72000.0,0.2,0.0,Debit Card
ORD-12643,2024-12-22,CUST-1186,Divya Agarwal 186,Apparel,Footwear,Leather Oxford Shoes,West,Pune,1,3200.0,0.0,1500.0,UPI
ORD-12644,2024-06-11,CUST-1031,Siddharth Jain 31,Apparel,Footwear,Leather Oxford Shoes,North,Jaipur,3,8160.0,0.15,3060.0,Net Banking
ORD-12645,2025-01-22,CUST-1070,Pooja Verma 70,Furniture,Tables,Wooden Conference Table,Central,Nagpur,2,45000.0,0.1,3000.0,Net Banking
ORD-12646,2024-01-08,CUST-1183,Kavita Das 183,Technology,Accessories,Mechanical Keyboard,North,Lucknow,1,2100.0,0.4,100.0,Net Banking
ORD-12647,2025-02-09,CUST-1079,Nisha Bhat 79,Furniture,Tables,Wooden Conference Table,Central,Nagpur,3,52500.0,0.3,-10500.0,Net Banking
ORD-12648,2024-10-31,CUST-1152,Karan Joshi 152,Office Supplies,Art,Highlighter & Marker Set,West,Mumbai,1,332.5,0.05,182.5,Net Banking
ORD-12649,2024-12-21,CUST-1009,Ravi Pillai,Furniture,Tables,Adjustable Standing Desk,West,Mumbai,1,17100.0,0.05,3100.0,Debit Card
ORD-12650,2024-11-18,CUST-1121,Siddharth Jain 121,Furniture,Chairs,Ergonomic Office Chair,North,Noida,3,22950.0,0.1,4950.0,Cash on Delivery
ORD-12651,2025-03-12,CUST-1158,Karan Joshi 158,Technology,Monitors,27-inch 4K Monitor,East,Guwahati,1,11000.0,0.5,-6000.0,Debit Card
ORD-12652,2024-05-20,CUST-1146,Kavita Das 146,Office Supplies,Paper,Premium Hardbound Notebook,South,Hyderabad,1,382.5,0.15,202.5,Cash on Delivery
ORD-12653,2025-04-22,CUST-1185,Aditya Bose 185,Technology,Accessories,Wireless Mouse,South,Hyderabad,1,800.0,0.0,400.0,Cash on Delivery
ORD-12654,2024-06-13,CUST-1119,Shweta Mishra 119,Office Supplies,Storage,Heavy Duty Arch File Box,South,Kochi,1,650.0,0.0,300.0,Debit Card
ORD-12655,2025-09-20,CUST-1075,Alok Deshmukh 75,Apparel,Corporate Wear,Cotton Formal Shirt,Central,Nagpur,3,3825.0,0.15,1575.0,Cash on Delivery
ORD-12656,2025-02-06,CUST-1090,Ananya Roy 90,Furniture,Tables,Wooden Conference Table,East,Guwahati,1,21250.0,0.15,250.0,Debit Card
ORD-12657,2024-10-26,CUST-1079,Nisha Bhat 79,Furniture,Tables,Adjustable Standing Desk,North,Jaipur,2,28800.0,0.2,800.0,Cash on Delivery
ORD-12658,2025-09-09,CUST-1151,Vikas Singh 151,Furniture,Chairs,Mesh Executive Chair,Central,Bhopal,3,32400.0,0.1,3900.0,Debit Card
ORD-12659,2025-08-15,CUST-1116,Kavita Das 116,Furniture,Tables,Wooden Conference Table,South,Hyderabad,4,90000.0,0.1,6000.0,UPI
ORD-12660,2025-06-22,CUST-1195,Abhishek Saxena 195,Apparel,Corporate Wear,Tailored Blazer,South,Chennai,1,2400.0,0.5,-200.0,Debit Card
ORD-12661,2025-05-27,CUST-1108,Aditya Bose 108,Technology,Phones,Bluetooth Wireless Earbuds,Central,Nagpur,2,4750.0,0.05,2350.0,Cash on Delivery
ORD-12662,2025-11-16,CUST-1165,Deepak Rao 165,Apparel,Corporate Wear,Cotton Formal Shirt,Central,Indore,1,1500.0,0.0,750.0,UPI
ORD-12663,2024-01-09,CUST-1229,Aarti Kapoor 229,Apparel,Footwear,Leather Oxford Shoes,East,Bhubaneswar,1,3200.0,0.0,1500.0,UPI
ORD-12664,2025-05-05,CUST-1195,Abhishek Saxena 195,Technology,Accessories,Mechanical Keyboard,East,Patna,1,2100.0,0.4,100.0,Debit Card
ORD-12665,2024-07-16,CUST-1074,Tarun Choudhury 74,Office Supplies,Storage,Heavy Duty Arch File Box,West,Ahmedabad,2,650.0,0.5,-50.0,Credit Card
ORD-12666,2024-05-08,CUST-1010,Ananya Roy,Furniture,Chairs,Mesh Executive Chair,North,Delhi,1,6000.0,0.5,-3500.0,Net Banking
ORD-12667,2024-11-07,CUST-1017,Manish Malhotra,Technology,Phones,Bluetooth Wireless Earbuds,Central,Bhopal,2,5000.0,0.0,2600.0,Credit Card
ORD-12668,2024-10-07,CUST-1188,Karan Joshi 188,Office Supplies,Art,Highlighter & Marker Set,West,Surat,4,840.0,0.4,240.0,Cash on Delivery
ORD-12669,2025-02-05,CUST-1049,Aarti Kapoor 49,Furniture,Bookcases,5-Tier Wooden Bookshelf,Central,Indore,2,9100.0,0.3,-1300.0,UPI
ORD-12670,2025-07-22,CUST-1241,Ananya Roy 241,Office Supplies,Storage,Heavy Duty Arch File Box,North,Noida,2,1300.0,0.0,600.0,Debit Card
ORD-12671,2025-12-23,CUST-1077,Swati Kulkarni 77,Furniture,Chairs,Ergonomic Office Chair,West,Ahmedabad,1,8075.0,0.05,2075.0,UPI
ORD-12672,2024-03-15,CUST-1058,Aditya Bose 58,Apparel,Corporate Wear,Tailored Blazer,Central,Indore,1,4560.0,0.05,1960.0,Debit Card
ORD-12673,2024-07-06,CUST-1049,Aarti Kapoor 49,Office Supplies,Storage,Heavy Duty Arch File Box,South,Chennai,1,617.5,0.05,267.5,Credit Card
ORD-12674,2024-11-13,CUST-1047,Vikas Singh 47,Furniture,Tables,Adjustable Standing Desk,East,Bhubaneswar,2,36000.0,0.0,8000.0,Debit Card
ORD-12675,2024-08-25,CUST-1170,Amit Kumar 170,Office Supplies,Art,Highlighter & Marker Set,Central,Indore,2,560.0,0.2,260.0,Cash on Delivery
ORD-12676,2024-01-29,CUST-1009,Ravi Pillai,Apparel,Corporate Wear,Tailored Blazer,West,Pune,2,8640.0,0.1,3440.0,Net Banking
ORD-12677,2025-08-19,CUST-1246,Gaurav Tiwari 246,Technology,Accessories,Mechanical Keyboard,South,Bangalore,2,4900.0,0.3,900.0,Net Banking
ORD-12678,2024-11-07,CUST-1010,Ananya Roy,Furniture,Tables,Wooden Conference Table,South,Hyderabad,1,23750.0,0.05,2750.0,Cash on Delivery
ORD-12679,2025-01-10,CUST-1243,Deepak Rao 243,Technology,Accessories,Mechanical Keyboard,South,Chennai,3,5250.0,0.5,-750.0,Debit Card
ORD-12680,2025-03-08,CUST-1101,Abhishek Saxena 101,Furniture,Bookcases,5-Tier Wooden Bookshelf,South,Kochi,3,19500.0,0.0,3900.0,Credit Card
ORD-12681,2024-07-24,CUST-1035,Swati Kulkarni 35,Apparel,Corporate Wear,Cotton Formal Shirt,South,Chennai,1,1500.0,0.0,750.0,Credit Card
ORD-12682,2024-12-04,CUST-1028,Nisha Bhat,Furniture,Chairs,Ergonomic Office Chair,South,Bangalore,1,8075.0,0.05,2075.0,Credit Card
ORD-12683,2024-09-16,CUST-1105,Abhishek Saxena 105,Office Supplies,Art,Highlighter & Marker Set,East,Kolkata,3,1050.0,0.0,600.0,Net Banking
ORD-12684,2025-04-12,CUST-1094,Shweta Mishra 94,Technology,Accessories,Wireless Mouse,East,Guwahati,1,560.0,0.3,160.0,Cash on Delivery
ORD-12685,2025-09-16,CUST-1089,Alok Deshmukh 89,Furniture,Bookcases,5-Tier Wooden Bookshelf,South,Bangalore,1,5525.0,0.15,325.0,Credit Card
ORD-12686,2024-02-27,CUST-1021,Rohan Mehta,Technology,Monitors,27-inch 4K Monitor,South,Hyderabad,3,66000.0,0.0,15000.0,Credit Card
ORD-12687,2024-01-30,CUST-1056,Alok Deshmukh 56,Furniture,Tables,Adjustable Standing Desk,South,Bangalore,1,16200.0,0.1,2200.0,Net Banking
ORD-12688,2024-03-10,CUST-1243,Deepak Rao 243,Apparel,Footwear,Leather Oxford Shoes,North,Delhi,2,6400.0,0.0,3000.0,Credit Card
ORD-12689,2025-11-08,CUST-1075,Alok Deshmukh 75,Technology,Accessories,Mechanical Keyboard,West,Mumbai,1,2800.0,0.2,800.0,Debit Card
ORD-12690,2025-11-07,CUST-1119,Shweta Mishra 119,Technology,Phones,Smartphone Pro Max,East,Guwahati,1,40500.0,0.1,4500.0,Net Banking
ORD-12691,2024-04-18,CUST-1160,Swati Kulkarni 160,Technology,Monitors,27-inch 4K Monitor,West,Mumbai,1,13200.0,0.4,-3800.0,Credit Card
ORD-12692,2025-07-03,CUST-1224,Meera Sen 224,Office Supplies,Art,Highlighter & Marker Set,South,Kochi,2,595.0,0.15,295.0,Cash on Delivery
ORD-12693,2024-03-06,CUST-1047,Vikas Singh 47,Technology,Phones,Bluetooth Wireless Earbuds,West,Mumbai,3,3750.0,0.5,150.0,Debit Card
ORD-12694,2025-01-29,CUST-1101,Abhishek Saxena 101,Apparel,Corporate Wear,Tailored Blazer,West,Ahmedabad,4,19200.0,0.0,8800.0,Credit Card
ORD-12695,2025-05-12,CUST-1064,Siddharth Jain 64,Furniture,Chairs,Ergonomic Office Chair,East,Kolkata,3,25500.0,0.0,7500.0,Credit Card
ORD-12696,2024-03-27,CUST-1023,Meera Sen,Technology,Accessories,Mechanical Keyboard,North,Noida,2,4200.0,0.4,200.0,UPI
ORD-12697,2024-08-29,CUST-1179,Abhishek Saxena 179,Office Supplies,Paper,A4 Multipurpose Copy Paper (Pack of 5),Central,Indore,3,1800.0,0.5,-300.0,UPI
ORD-12698,2025-11-16,CUST-1250,Neha Gupta 250,Technology,Accessories,USB-C Multi-Port Hub,East,Kolkata,4,5040.0,0.3,1440.0,Debit Card
ORD-12699,2025-12-08,CUST-1154,Neha Gupta 154,Technology,Phones,Bluetooth Wireless Earbuds,West,Mumbai,2,2500.0,0.5,100.0,Cash on Delivery
ORD-12700,2024-09-14,CUST-1178,Gaurav Tiwari 178,Office Supplies,Paper,A4 Multipurpose Copy Paper (Pack of 5),South,Hyderabad,3,3600.0,0.0,1500.0,Net Banking
ORD-12701,2024-04-14,CUST-1045,Suresh Nair 45,Technology,Monitors,27-inch 4K Monitor,South,Kochi,5,99000.0,0.1,14000.0,Credit Card
ORD-12702,2024-08-13,CUST-1143,Rohan Mehta 143,Office Supplies,Art,Highlighter & Marker Set,South,Chennai,1,315.0,0.1,165.0,Credit Card
ORD-12703,2024-05-27,CUST-1029,Shweta Mishra,Office Supplies,Paper,Premium Hardbound Notebook,South,Kochi,2,810.0,0.1,450.0,Cash on Delivery
ORD-12704,2025-10-23,CUST-1246,Gaurav Tiwari 246,Furniture,Chairs,Ergonomic Office Chair,South,Bangalore,2,16150.0,0.05,4150.0,Credit Card
ORD-12705,2024-11-27,CUST-1005,Karan Joshi,Furniture,Tables,Wooden Conference Table,Central,Nagpur,2,25000.0,0.5,-17000.0,Cash on Delivery
ORD-12706,2024-11-01,CUST-1206,Sneha Reddy 206,Technology,Monitors,27-inch 4K Monitor,North,Jaipur,2,35200.0,0.2,1200.0,Cash on Delivery
ORD-12707,2025-12-25,CUST-1224,Meera Sen 224,Furniture,Bookcases,5-Tier Wooden Bookshelf,South,Kochi,2,6500.0,0.5,-3900.0,Credit Card
ORD-12708,2025-02-10,CUST-1110,Sneha Reddy 110,Furniture,Chairs,Ergonomic Office Chair,South,Hyderabad,1,7650.0,0.1,1650.0,Credit Card
ORD-12709,2025-04-08,CUST-1236,Rahul Sharma 236,Office Supplies,Binders,Heavy-Duty Ring Binder,East,Patna,3,840.0,0.0,480.0,Debit Card
ORD-12710,2025-08-03,CUST-1040,Aarti Kapoor 40,Technology,Accessories,Wireless Mouse,East,Kolkata,4,2720.0,0.15,1120.0,Cash on Delivery
ORD-12711,2024-03-26,CUST-1037,Gaurav Tiwari 37,Technology,Phones,Bluetooth Wireless Earbuds,North,Jaipur,2,5000.0,0.0,2600.0,Credit Card
ORD-12712,2025-08-29,CUST-1074,Tarun Choudhury 74,Technology,Phones,Smartphone Pro Max,North,Jaipur,4,144000.0,0.2,0.0,Credit Card
ORD-12713,2024-02-13,CUST-1039,Rahul Sharma 39,Apparel,Footwear,Leather Oxford Shoes,West,Ahmedabad,3,4800.0,0.5,-300.0,Net Banking
ORD-12714,2024-08-26,CUST-1112,Ravi Pillai 112,Furniture,Chairs,Mesh Executive Chair,East,Bhubaneswar,2,24000.0,0.0,5000.0,Cash on Delivery
ORD-12715,2024-10-30,CUST-1245,Preeti Pandey 245,Technology,Monitors,27-inch 4K Monitor,North,Chandigarh,1,18700.0,0.15,1700.0,Debit Card
ORD-12716,2025-09-30,CUST-1132,Gaurav Tiwari 132,Technology,Accessories,Wireless Mouse,Central,Indore,1,760.0,0.05,360.0,UPI
ORD-12717,2024-08-16,CUST-1168,Meera Sen 168,Apparel,Corporate Wear,Tailored Blazer,North,Delhi,1,2880.0,0.4,280.0,Credit Card
ORD-12718,2025-12-22,CUST-1017,Manish Malhotra,Technology,Accessories,USB-C Multi-Port Hub,South,Chennai,1,1800.0,0.0,900.0,UPI
ORD-12719,2025-01-16,CUST-1192,Abhishek Saxena 192,Furniture,Tables,Wooden Conference Table,Central,Nagpur,4,100000.0,0.0,16000.0,Debit Card
ORD-12720,2025-07-05,CUST-1040,Aarti Kapoor 40,Office Supplies,Storage,Heavy Duty Arch File Box,Central,Indore,2,1040.0,0.2,340.0,Debit Card
ORD-12721,2024-01-09,CUST-1027,Rohan Mehta,Apparel,Footwear,Leather Oxford Shoes,North,Noida,1,1920.0,0.4,220.0,Cash on Delivery
ORD-12722,2024-02-29,CUST-1100,Rohan Mehta 100,Furniture,Tables,Wooden Conference Table,West,Pune,3,75000.0,0.0,12000.0,UPI
ORD-12723,2025-02-01,CUST-1046,Karan Joshi 46,Apparel,Footwear,Leather Oxford Shoes,Central,Indore,1,1920.0,0.4,220.0,Net Banking
ORD-12724,2024-09-07,CUST-1213,Meera Sen 213,Furniture,Bookcases,5-Tier Wooden Bookshelf,Central,Indore,3,15600.0,0.2,0.0,Net Banking
ORD-12725,2024-10-15,CUST-1103,Nisha Bhat 103,Furniture,Tables,Wooden Conference Table,North,Noida,1,25000.0,0.0,4000.0,Credit Card
ORD-12726,2024-10-30,CUST-1029,Shweta Mishra,Technology,Phones,Bluetooth Wireless Earbuds,East,Bhubaneswar,1,2375.0,0.05,1175.0,Credit Card
ORD-12727,2024-01-18,CUST-1079,Nisha Bhat 79,Technology,Accessories,USB-C Multi-Port Hub,North,Jaipur,1,1620.0,0.1,720.0,Cash on Delivery
ORD-12728,2024-08-10,CUST-1204,Pooja Verma 204,Technology,Phones,Smartphone Pro Max,West,Surat,5,112500.0,0.5,-67500.0,UPI
ORD-12729,2024-04-02,CUST-1121,Siddharth Jain 121,Office Supplies,Art,Highlighter & Marker Set,South,Kochi,2,350.0,0.5,50.0,Cash on Delivery
ORD-12730,2024-10-11,CUST-1135,Karan Joshi 135,Technology,Phones,Smartphone Pro Max,South,Chennai,1,27000.0,0.4,-9000.0,UPI
ORD-12731,2024-02-28,CUST-1057,Deepak Rao 57,Office Supplies,Storage,Heavy Duty Arch File Box,East,Guwahati,1,650.0,0.0,300.0,UPI
ORD-12732,2024-03-04,CUST-1002,Ananya Roy,Office Supplies,Paper,A4 Multipurpose Copy Paper (Pack of 5),South,Chennai,2,2280.0,0.05,880.0,Cash on Delivery
ORD-12733,2025-02-09,CUST-1049,Aarti Kapoor 49,Technology,Phones,Smartphone Pro Max,North,Jaipur,2,76500.0,0.15,4500.0,Credit Card
ORD-12734,2024-12-08,CUST-1141,Nisha Bhat 141,Technology,Accessories,Wireless Mouse,West,Pune,4,1600.0,0.5,0.0,Credit Card
ORD-12735,2025-11-06,CUST-1197,Siddharth Jain 197,Technology,Accessories,Mechanical Keyboard,North,Chandigarh,1,2800.0,0.2,800.0,Credit Card
ORD-12736,2025-04-13,CUST-1194,Ananya Roy 194,Office Supplies,Storage,Heavy Duty Arch File Box,South,Chennai,1,390.0,0.4,40.0,Credit Card
ORD-12737,2025-05-28,CUST-1157,Siddharth Jain 157,Office Supplies,Paper,Premium Hardbound Notebook,South,Chennai,3,1080.0,0.2,540.0,UPI
ORD-12738,2025-06-01,CUST-1087,Alok Deshmukh 87,Technology,Phones,Smartphone Pro Max,Central,Indore,1,31500.0,0.3,-4500.0,UPI
ORD-12739,2024-09-10,CUST-1112,Ravi Pillai 112,Apparel,Corporate Wear,Tailored Blazer,West,Mumbai,1,4800.0,0.0,2200.0,Credit Card
ORD-12740,2024-06-07,CUST-1170,Amit Kumar 170,Apparel,Corporate Wear,Cotton Formal Shirt,South,Chennai,4,3000.0,0.5,0.0,Credit Card
ORD-12741,2024-04-11,CUST-1173,Alok Deshmukh 173,Apparel,Corporate Wear,Tailored Blazer,Central,Nagpur,8,32640.0,0.15,11840.0,Credit Card
ORD-12742,2025-04-17,CUST-1189,Siddharth Jain 189,Technology,Accessories,USB-C Multi-Port Hub,Central,Indore,1,1800.0,0.0,900.0,Net Banking
ORD-12743,2025-05-08,CUST-1127,Aarti Kapoor 127,Office Supplies,Paper,Premium Hardbound Notebook,North,Delhi,1,382.5,0.15,202.5,Cash on Delivery
ORD-12744,2024-06-20,CUST-1002,Ananya Roy,Apparel,Corporate Wear,Tailored Blazer,Central,Bhopal,4,17280.0,0.1,6880.0,Credit Card
ORD-12745,2024-03-17,CUST-1160,Swati Kulkarni 160,Technology,Phones,Bluetooth Wireless Earbuds,East,Guwahati,5,12500.0,0.0,6500.0,Net Banking
ORD-12746,2025-05-30,CUST-1178,Gaurav Tiwari 178,Technology,Phones,Smartphone Pro Max,West,Surat,2,54000.0,0.4,-18000.0,Credit Card
ORD-12747,2025-07-08,CUST-1178,Gaurav Tiwari 178,Furniture,Tables,Wooden Conference Table,West,Surat,1,25000.0,0.0,4000.0,Credit Card
ORD-12748,2025-12-19,CUST-1095,Preeti Pandey 95,Office Supplies,Paper,Premium Hardbound Notebook,Central,Indore,3,675.0,0.5,135.0,Debit Card
ORD-12749,2025-08-11,CUST-1213,Meera Sen 213,Technology,Phones,Smartphone Pro Max,South,Hyderabad,1,40500.0,0.1,4500.0,Cash on Delivery
ORD-12750,2025-06-03,CUST-1152,Karan Joshi 152,Apparel,Footwear,Leather Oxford Shoes,South,Hyderabad,1,1600.0,0.5,-100.0,Debit Card
ORD-12751,2025-11-18,CUST-1163,Swati Kulkarni 163,Technology,Accessories,Wireless Mouse,East,Patna,4,1600.0,0.5,0.0,Cash on Delivery
ORD-12752,2024-01-24,CUST-1114,Sneha Reddy 114,Furniture,Tables,Adjustable Standing Desk,East,Bhubaneswar,3,43200.0,0.2,1200.0,Net Banking
ORD-12753,2025-08-27,CUST-1078,Rohan Mehta 78,Technology,Accessories,USB-C Multi-Port Hub,East,Guwahati,2,2160.0,0.4,360.0,UPI
ORD-12754,2025-07-20,CUST-1201,Shweta Mishra 201,Office Supplies,Art,Highlighter & Marker Set,West,Surat,1,297.5,0.15,147.5,Cash on Delivery
ORD-12755,2025-08-07,CUST-1073,Aditya Bose 73,Office Supplies,Paper,Premium Hardbound Notebook,West,Mumbai,5,2137.5,0.05,1237.5,Cash on Delivery
ORD-12756,2025-05-31,CUST-1217,Bhavna Shah 217,Furniture,Tables,Wooden Conference Table,North,Chandigarh,2,45000.0,0.1,3000.0,Net Banking
ORD-12757,2025-06-15,CUST-1242,Bhavna Shah 242,Furniture,Bookcases,5-Tier Wooden Bookshelf,South,Kochi,3,11700.0,0.4,-3900.0,Cash on Delivery
ORD-12758,2024-04-19,CUST-1098,Deepak Rao 98,Furniture,Tables,Wooden Conference Table,Central,Nagpur,1,22500.0,0.1,1500.0,Debit Card
ORD-12759,2024-01-11,CUST-1203,Ananya Roy 203,Technology,Monitors,27-inch 4K Monitor,Central,Indore,4,74800.0,0.15,6800.0,Credit Card
ORD-12760,2024-05-01,CUST-1214,Aarti Kapoor 214,Technology,Accessories,Mechanical Keyboard,South,Kochi,1,2450.0,0.3,450.0,UPI
ORD-12761,2025-02-10,CUST-1103,Nisha Bhat 103,Furniture,Tables,Wooden Conference Table,Central,Nagpur,4,100000.0,0.0,16000.0,Cash on Delivery
ORD-12762,2024-07-02,CUST-1070,Pooja Verma 70,Apparel,Corporate Wear,Tailored Blazer,West,Ahmedabad,2,9120.0,0.05,3920.0,UPI
ORD-12763,2025-07-23,CUST-1225,Aditya Bose 225,Apparel,Corporate Wear,Tailored Blazer,Central,Nagpur,1,4800.0,0.0,2200.0,Debit Card
ORD-12764,2025-05-09,CUST-1079,Nisha Bhat 79,Apparel,Corporate Wear,Tailored Blazer,Central,Bhopal,2,6720.0,0.3,1520.0,Debit Card
ORD-12765,2024-04-18,CUST-1142,Suresh Nair 142,Office Supplies,Paper,A4 Multipurpose Copy Paper (Pack of 5),East,Bhubaneswar,1,840.0,0.3,140.0,Debit Card
ORD-12766,2024-01-14,CUST-1013,Tarun Choudhury,Technology,Accessories,Wireless Mouse,South,Bangalore,2,1280.0,0.2,480.0,Net Banking
ORD-12767,2024-04-14,CUST-1152,Karan Joshi 152,Office Supplies,Paper,A4 Multipurpose Copy Paper (Pack of 5),South,Bangalore,4,4080.0,0.15,1280.0,Net Banking
ORD-12768,2024-11-25,CUST-1145,Rajesh Iyer 145,Furniture,Chairs,Ergonomic Office Chair,East,Patna,1,4250.0,0.5,-1750.0,UPI
ORD-12769,2025-05-29,CUST-1195,Abhishek Saxena 195,Office Supplies,Binders,Heavy-Duty Ring Binder,North,Delhi,2,560.0,0.0,320.0,Net Banking
ORD-12770,2025-10-20,CUST-1008,Vikas Singh,Technology,Phones,Smartphone Pro Max,South,Kochi,1,45000.0,0.0,9000.0,UPI
ORD-12771,2024-08-24,CUST-1070,Pooja Verma 70,Furniture,Tables,Wooden Conference Table,West,Ahmedabad,1,12500.0,0.5,-8500.0,UPI
ORD-12772,2025-02-06,CUST-1124,Suresh Nair 124,Furniture,Tables,Adjustable Standing Desk,West,Surat,2,28800.0,0.2,800.0,Debit Card
ORD-12773,2024-06-17,CUST-1078,Rohan Mehta 78,Technology,Accessories,Mechanical Keyboard,East,Bhubaneswar,3,10500.0,0.0,4500.0,UPI
ORD-12774,2024-11-27,CUST-1157,Siddharth Jain 157,Office Supplies,Storage,Heavy Duty Arch File Box,East,Bhubaneswar,1,520.0,0.2,170.0,Credit Card
ORD-12775,2024-07-07,CUST-1241,Ananya Roy 241,Technology,Monitors,27-inch 4K Monitor,North,Noida,1,20900.0,0.05,3900.0,Credit Card
ORD-12776,2025-10-12,CUST-1076,Deepak Rao 76,Office Supplies,Art,Highlighter & Marker Set,North,Jaipur,2,490.0,0.3,190.0,Net Banking
ORD-12777,2024-11-06,CUST-1176,Shweta Mishra 176,Furniture,Bookcases,5-Tier Wooden Bookshelf,West,Pune,2,11050.0,0.15,650.0,Credit Card
ORD-12778,2024-04-08,CUST-1218,Ananya Roy 218,Furniture,Chairs,Mesh Executive Chair,Central,Bhopal,1,8400.0,0.3,-1100.0,UPI
ORD-12779,2024-05-20,CUST-1074,Tarun Choudhury 74,Furniture,Bookcases,5-Tier Wooden Bookshelf,West,Pune,1,3250.0,0.5,-1950.0,UPI
ORD-12780,2024-01-04,CUST-1190,Alok Deshmukh 190,Furniture,Chairs,Mesh Executive Chair,East,Bhubaneswar,2,24000.0,0.0,5000.0,UPI
ORD-12781,2025-04-28,CUST-1061,Priya Patel 61,Technology,Phones,Bluetooth Wireless Earbuds,East,Guwahati,1,2250.0,0.1,1050.0,Cash on Delivery
ORD-12782,2025-10-19,CUST-1064,Siddharth Jain 64,Office Supplies,Paper,A4 Multipurpose Copy Paper (Pack of 5),Central,Indore,3,3060.0,0.15,960.0,Cash on Delivery
ORD-12783,2024-12-22,CUST-1079,Nisha Bhat 79,Technology,Monitors,27-inch 4K Monitor,West,Pune,3,56100.0,0.15,5100.0,UPI
ORD-12784,2025-02-19,CUST-1030,Nisha Bhat,Apparel,Corporate Wear,Cotton Formal Shirt,West,Surat,1,1500.0,0.0,750.0,Net Banking
ORD-12785,2024-03-09,CUST-1015,Amit Kumar,Furniture,Bookcases,5-Tier Wooden Bookshelf,North,Noida,4,26000.0,0.0,5200.0,Debit Card
ORD-12786,2024-11-11,CUST-1067,Kavita Das 67,Office Supplies,Art,Highlighter & Marker Set,East,Patna,1,332.5,0.05,182.5,Debit Card
ORD-12787,2025-10-10,CUST-1113,Neha Gupta 113,Apparel,Corporate Wear,Cotton Formal Shirt,West,Mumbai,3,3150.0,0.3,900.0,UPI
ORD-12788,2024-12-30,CUST-1180,Manish Malhotra 180,Apparel,Footwear,Leather Oxford Shoes,East,Bhubaneswar,1,1600.0,0.5,-100.0,Credit Card
ORD-12789,2024-02-07,CUST-1086,Amit Kumar 86,Furniture,Chairs,Mesh Executive Chair,East,Kolkata,1,12000.0,0.0,2500.0,Cash on Delivery
ORD-12790,2024-08-10,CUST-1108,Aditya Bose 108,Technology,Accessories,USB-C Multi-Port Hub,North,Lucknow,1,1080.0,0.4,180.0,Cash on Delivery
ORD-12791,2024-07-05,CUST-1110,Sneha Reddy 110,Technology,Accessories,Mechanical Keyboard,Central,Indore,2,7000.0,0.0,3000.0,Cash on Delivery
ORD-12792,2024-03-10,CUST-1091,Kavita Das 91,Technology,Monitors,27-inch 4K Monitor,East,Guwahati,1,19800.0,0.1,2800.0,Cash on Delivery
ORD-12793,2025-03-21,CUST-1048,Rohan Mehta 48,Furniture,Bookcases,5-Tier Wooden Bookshelf,North,Jaipur,1,4550.0,0.3,-650.0,Debit Card
ORD-12794,2025-02-22,CUST-1084,Aarti Kapoor 84,Furniture,Chairs,Ergonomic Office Chair,West,Pune,2,10200.0,0.4,-1800.0,UPI
ORD-12795,2024-04-13,CUST-1132,Gaurav Tiwari 132,Apparel,Footwear,Leather Oxford Shoes,North,Jaipur,1,2240.0,0.3,540.0,Credit Card
ORD-12796,2024-11-16,CUST-1023,Meera Sen,Office Supplies,Binders,Heavy-Duty Ring Binder,East,Guwahati,5,700.0,0.5,100.0,Net Banking
ORD-12797,2025-08-25,CUST-1239,Rajesh Iyer 239,Technology,Accessories,USB-C Multi-Port Hub,West,Pune,1,1440.0,0.2,540.0,Credit Card
ORD-12798,2025-08-24,CUST-1155,Ravi Pillai 155,Apparel,Footwear,Leather Oxford Shoes,West,Surat,2,5120.0,0.2,1720.0,Debit Card
ORD-12799,2024-12-19,CUST-1150,Divya Agarwal 150,Technology,Accessories,Wireless Mouse,North,Delhi,1,400.0,0.5,0.0,Cash on Delivery
ORD-12800,2024-12-14,CUST-1148,Bhavna Shah 148,Technology,Accessories,Wireless Mouse,Central,Bhopal,3,2040.0,0.15,840.0,Credit Card
ORD-12801,2024-04-07,CUST-1181,Aditya Bose 181,Technology,Accessories,USB-C Multi-Port Hub,Central,Nagpur,1,1080.0,0.4,180.0,Debit Card
ORD-12802,2024-11-13,CUST-1071,Preeti Pandey 71,Apparel,Corporate Wear,Cotton Formal Shirt,Central,Indore,2,1500.0,0.5,0.0,Net Banking
ORD-12803,2025-08-19,CUST-1095,Preeti Pandey 95,Office Supplies,Art,Highlighter & Marker Set,South,Hyderabad,3,735.0,0.3,285.0,Debit Card
ORD-12804,2025-10-12,CUST-1090,Ananya Roy 90,Apparel,Corporate Wear,Cotton Formal Shirt,South,Bangalore,3,4500.0,0.0,2250.0,Credit Card
ORD-12805,2024-05-26,CUST-1019,Rahul Sharma,Office Supplies,Art,Highlighter & Marker Set,Central,Indore,3,525.0,0.5,75.0,UPI
ORD-12806,2024-05-20,CUST-1077,Swati Kulkarni 77,Apparel,Corporate Wear,Cotton Formal Shirt,Central,Bhopal,2,2100.0,0.3,600.0,UPI
ORD-12807,2025-04-18,CUST-1004,Ravi Pillai,Furniture,Bookcases,5-Tier Wooden Bookshelf,Central,Nagpur,1,5850.0,0.1,650.0,Debit Card
ORD-12808,2024-04-11,CUST-1203,Ananya Roy 203,Furniture,Tables,Adjustable Standing Desk,South,Kochi,2,36000.0,0.0,8000.0,Cash on Delivery
ORD-12809,2025-02-04,CUST-1134,Kavita Das 134,Technology,Phones,Smartphone Pro Max,North,Lucknow,3,135000.0,0.0,27000.0,Credit Card
ORD-12810,2025-06-24,CUST-1129,Neha Gupta 129,Furniture,Bookcases,5-Tier Wooden Bookshelf,East,Kolkata,3,9750.0,0.5,-5850.0,Credit Card
ORD-12811,2025-09-16,CUST-1126,Aarti Kapoor 126,Apparel,Corporate Wear,Tailored Blazer,North,Jaipur,5,20400.0,0.15,7400.0,Cash on Delivery
ORD-12812,2024-01-12,CUST-1228,Deepak Rao 228,Technology,Accessories,Wireless Mouse,Central,Nagpur,4,1600.0,0.5,0.0,Credit Card
ORD-12813,2024-04-17,CUST-1114,Sneha Reddy 114,Office Supplies,Art,Highlighter & Marker Set,Central,Bhopal,1,350.0,0.0,200.0,Cash on Delivery
ORD-12814,2025-03-11,CUST-1237,Aditya Bose 237,Office Supplies,Storage,Heavy Duty Arch File Box,Central,Bhopal,1,552.5,0.15,202.5,UPI
ORD-12815,2025-10-05,CUST-1081,Priya Patel 81,Apparel,Corporate Wear,Cotton Formal Shirt,Central,Bhopal,3,3150.0,0.3,900.0,UPI
ORD-12816,2025-10-22,CUST-1102,Karan Joshi 102,Technology,Accessories,Wireless Mouse,North,Delhi,2,800.0,0.5,0.0,UPI
ORD-12817,2024-01-11,CUST-1064,Siddharth Jain 64,Apparel,Corporate Wear,Tailored Blazer,South,Kochi,1,4080.0,0.15,1480.0,Debit Card
ORD-12818,2024-05-04,CUST-1063,Divya Agarwal 63,Office Supplies,Storage,Heavy Duty Arch File Box,North,Noida,1,390.0,0.4,40.0,Debit Card
ORD-12819,2025-07-01,CUST-1205,Manish Malhotra 205,Technology,Phones,Smartphone Pro Max,Central,Nagpur,1,40500.0,0.1,4500.0,Debit Card
ORD-12820,2024-03-03,CUST-1226,Rohan Mehta 226,Technology,Phones,Bluetooth Wireless Earbuds,West,Pune,3,7125.0,0.05,3525.0,Net Banking
ORD-12821,2024-03-12,CUST-1232,Aarti Kapoor 232,Furniture,Bookcases,5-Tier Wooden Bookshelf,Central,Indore,1,5200.0,0.2,0.0,Credit Card
ORD-12822,2025-03-26,CUST-1021,Rohan Mehta,Furniture,Chairs,Ergonomic Office Chair,West,Surat,2,16150.0,0.05,4150.0,Debit Card
ORD-12823,2024-09-04,CUST-1205,Manish Malhotra 205,Technology,Accessories,Mechanical Keyboard,North,Jaipur,2,5600.0,0.2,1600.0,UPI
ORD-12824,2025-01-10,CUST-1163,Swati Kulkarni 163,Furniture,Tables,Wooden Conference Table,East,Bhubaneswar,1,21250.0,0.15,250.0,Net Banking
ORD-12825,2025-01-19,CUST-1062,Ravi Pillai 62,Apparel,Footwear,Leather Oxford Shoes,East,Bhubaneswar,1,3200.0,0.0,1500.0,UPI
ORD-12826,2025-01-23,CUST-1075,Alok Deshmukh 75,Furniture,Chairs,Mesh Executive Chair,East,Kolkata,2,14400.0,0.4,-4600.0,Credit Card
ORD-12827,2025-04-27,CUST-1125,Preeti Pandey 125,Technology,Monitors,27-inch 4K Monitor,East,Kolkata,4,52800.0,0.4,-15200.0,Cash on Delivery
ORD-12828,2025-03-07,CUST-1197,Siddharth Jain 197,Office Supplies,Paper,Premium Hardbound Notebook,East,Kolkata,1,427.5,0.05,247.5,Debit Card
ORD-12829,2024-06-30,CUST-1134,Kavita Das 134,Technology,Accessories,USB-C Multi-Port Hub,East,Patna,1,1440.0,0.2,540.0,UPI
ORD-12830,2024-02-05,CUST-1229,Aarti Kapoor 229,Technology,Phones,Smartphone Pro Max,Central,Nagpur,2,76500.0,0.15,4500.0,Credit Card
ORD-12831,2024-12-08,CUST-1210,Tarun Choudhury 210,Furniture,Tables,Wooden Conference Table,East,Patna,1,21250.0,0.15,250.0,UPI
ORD-12832,2024-02-08,CUST-1049,Aarti Kapoor 49,Apparel,Corporate Wear,Tailored Blazer,Central,Bhopal,1,4560.0,0.05,1960.0,UPI
ORD-12833,2024-09-27,CUST-1037,Gaurav Tiwari 37,Office Supplies,Binders,Heavy-Duty Ring Binder,East,Bhubaneswar,1,168.0,0.4,48.0,UPI
ORD-12834,2024-09-26,CUST-1163,Swati Kulkarni 163,Furniture,Tables,Adjustable Standing Desk,West,Surat,1,9000.0,0.5,-5000.0,Credit Card
ORD-12835,2025-08-29,CUST-1082,Abhishek Saxena 82,Furniture,Chairs,Ergonomic Office Chair,North,Noida,1,8500.0,0.0,2500.0,Net Banking
ORD-12836,2025-05-22,CUST-1103,Nisha Bhat 103,Furniture,Tables,Adjustable Standing Desk,Central,Nagpur,5,90000.0,0.0,20000.0,Cash on Delivery
ORD-12837,2024-06-26,CUST-1045,Suresh Nair 45,Apparel,Corporate Wear,Cotton Formal Shirt,Central,Indore,5,4500.0,0.4,750.0,Net Banking
ORD-12838,2024-10-03,CUST-1194,Ananya Roy 194,Office Supplies,Paper,A4 Multipurpose Copy Paper (Pack of 5),North,Lucknow,3,3060.0,0.15,960.0,Cash on Delivery
ORD-12839,2025-04-09,CUST-1035,Swati Kulkarni 35,Office Supplies,Binders,Heavy-Duty Ring Binder,North,Chandigarh,1,266.0,0.05,146.0,UPI
ORD-12840,2025-10-19,CUST-1207,Divya Agarwal 207,Apparel,Corporate Wear,Tailored Blazer,Central,Bhopal,3,11520.0,0.2,3720.0,Debit Card
ORD-12841,2024-02-05,CUST-1052,Amit Kumar 52,Furniture,Tables,Wooden Conference Table,South,Bangalore,2,47500.0,0.05,5500.0,Cash on Delivery
ORD-12842,2025-04-26,CUST-1114,Sneha Reddy 114,Office Supplies,Paper,A4 Multipurpose Copy Paper (Pack of 5),Central,Bhopal,3,3420.0,0.05,1320.0,Net Banking
ORD-12843,2024-10-17,CUST-1116,Kavita Das 116,Technology,Accessories,Wireless Mouse,West,Mumbai,1,800.0,0.0,400.0,Cash on Delivery
ORD-12844,2024-01-13,CUST-1160,Swati Kulkarni 160,Technology,Phones,Smartphone Pro Max,West,Pune,2,72000.0,0.2,0.0,UPI
ORD-12845,2024-07-09,CUST-1140,Tarun Choudhury 140,Technology,Phones,Bluetooth Wireless Earbuds,East,Bhubaneswar,1,2500.0,0.0,1300.0,UPI
ORD-12846,2024-09-25,CUST-1018,Priya Patel,Technology,Monitors,27-inch 4K Monitor,South,Bangalore,2,37400.0,0.15,3400.0,Net Banking
ORD-12847,2025-04-17,CUST-1035,Swati Kulkarni 35,Technology,Accessories,Wireless Mouse,West,Ahmedabad,1,800.0,0.0,400.0,Net Banking
ORD-12848,2025-12-07,CUST-1181,Aditya Bose 181,Furniture,Tables,Adjustable Standing Desk,North,Noida,1,16200.0,0.1,2200.0,Debit Card
ORD-12849,2024-09-02,CUST-1216,Meera Sen 216,Apparel,Corporate Wear,Tailored Blazer,North,Delhi,2,4800.0,0.5,-400.0,Debit Card
ORD-12850,2024-04-11,CUST-1245,Preeti Pandey 245,Technology,Phones,Bluetooth Wireless Earbuds,South,Hyderabad,2,3500.0,0.3,1100.0,UPI
ORD-12851,2025-08-24,CUST-1187,Meera Sen 187,Apparel,Corporate Wear,Tailored Blazer,East,Bhubaneswar,3,12960.0,0.1,5160.0,Cash on Delivery
ORD-12852,2025-02-20,CUST-1053,Kavita Das 53,Technology,Monitors,27-inch 4K Monitor,South,Hyderabad,1,15400.0,0.3,-1600.0,Debit Card
ORD-12853,2024-05-27,CUST-1048,Rohan Mehta 48,Furniture,Tables,Wooden Conference Table,North,Jaipur,3,71250.0,0.05,8250.0,Credit Card
ORD-12854,2025-03-05,CUST-1026,Siddharth Jain,Technology,Phones,Smartphone Pro Max,Central,Nagpur,1,42750.0,0.05,6750.0,Debit Card
ORD-12855,2025-01-26,CUST-1135,Karan Joshi 135,Office Supplies,Storage,Heavy Duty Arch File Box,North,Chandigarh,1,455.0,0.3,105.0,UPI
ORD-12856,2024-06-01,CUST-1140,Tarun Choudhury 140,Office Supplies,Paper,Premium Hardbound Notebook,East,Bhubaneswar,1,450.0,0.0,270.0,UPI
ORD-12857,2024-02-02,CUST-1153,Vikas Singh 153,Furniture,Bookcases,5-Tier Wooden Bookshelf,South,Kochi,4,20800.0,0.2,0.0,Credit Card
ORD-12858,2024-03-12,CUST-1147,Tarun Choudhury 147,Office Supplies,Paper,A4 Multipurpose Copy Paper (Pack of 5),South,Kochi,5,3000.0,0.5,-500.0,UPI
ORD-12859,2024-01-11,CUST-1087,Alok Deshmukh 87,Office Supplies,Art,Highlighter & Marker Set,East,Patna,1,350.0,0.0,200.0,Net Banking
ORD-12860,2024-09-06,CUST-1035,Swati Kulkarni 35,Furniture,Bookcases,5-Tier Wooden Bookshelf,Central,Bhopal,1,4550.0,0.3,-650.0,Credit Card
ORD-12861,2025-09-22,CUST-1119,Shweta Mishra 119,Technology,Accessories,USB-C Multi-Port Hub,South,Bangalore,2,3600.0,0.0,1800.0,Credit Card
ORD-12862,2024-04-05,CUST-1028,Nisha Bhat,Furniture,Chairs,Ergonomic Office Chair,Central,Indore,2,10200.0,0.4,-1800.0,Net Banking
ORD-12863,2024-03-18,CUST-1168,Meera Sen 168,Office Supplies,Paper,Premium Hardbound Notebook,East,Bhubaneswar,1,450.0,0.0,270.0,Debit Card
ORD-12864,2024-11-19,CUST-1182,Amit Kumar 182,Furniture,Tables,Adjustable Standing Desk,East,Kolkata,10,180000.0,0.0,40000.0,Cash on Delivery
ORD-12865,2024-06-20,CUST-1141,Nisha Bhat 141,Technology,Accessories,USB-C Multi-Port Hub,East,Kolkata,2,3240.0,0.1,1440.0,Credit Card
ORD-12866,2025-02-20,CUST-1014,Siddharth Jain,Technology,Phones,Bluetooth Wireless Earbuds,South,Hyderabad,1,2500.0,0.0,1300.0,Credit Card
ORD-12867,2025-01-04,CUST-1037,Gaurav Tiwari 37,Technology,Accessories,USB-C Multi-Port Hub,East,Kolkata,1,1800.0,0.0,900.0,Credit Card
ORD-12868,2025-08-24,CUST-1070,Pooja Verma 70,Technology,Accessories,USB-C Multi-Port Hub,South,Bangalore,2,3240.0,0.1,1440.0,Net Banking
ORD-12869,2025-04-30,CUST-1227,Vikas Singh 227,Technology,Monitors,27-inch 4K Monitor,East,Kolkata,1,22000.0,0.0,5000.0,Net Banking
ORD-12870,2025-10-18,CUST-1081,Priya Patel 81,Technology,Phones,Smartphone Pro Max,South,Chennai,2,90000.0,0.0,18000.0,Net Banking
ORD-12871,2025-09-09,CUST-1210,Tarun Choudhury 210,Furniture,Tables,Wooden Conference Table,Central,Bhopal,8,200000.0,0.0,32000.0,Debit Card
ORD-12872,2024-12-19,CUST-1092,Karan Joshi 92,Apparel,Footwear,Leather Oxford Shoes,Central,Indore,1,3200.0,0.0,1500.0,Credit Card
ORD-12873,2024-04-18,CUST-1028,Nisha Bhat,Apparel,Footwear,Leather Oxford Shoes,North,Jaipur,5,9600.0,0.4,1100.0,Cash on Delivery
ORD-12874,2024-04-03,CUST-1044,Manish Malhotra 44,Office Supplies,Storage,Heavy Duty Arch File Box,Central,Indore,10,5850.0,0.1,2350.0,Cash on Delivery
ORD-12875,2025-07-02,CUST-1227,Vikas Singh 227,Office Supplies,Storage,Heavy Duty Arch File Box,West,Surat,2,780.0,0.4,80.0,Net Banking
ORD-12876,2024-05-09,CUST-1055,Deepak Rao 55,Office Supplies,Art,Highlighter & Marker Set,East,Kolkata,4,840.0,0.4,240.0,Cash on Delivery
ORD-12877,2024-11-01,CUST-1131,Priya Patel 131,Furniture,Chairs,Mesh Executive Chair,East,Kolkata,8,96000.0,0.0,20000.0,Cash on Delivery
ORD-12878,2024-02-03,CUST-1126,Aarti Kapoor 126,Furniture,Tables,Wooden Conference Table,Central,Nagpur,1,20000.0,0.2,-1000.0,Debit Card
ORD-12879,2024-02-14,CUST-1013,Tarun Choudhury,Office Supplies,Paper,Premium Hardbound Notebook,Central,Nagpur,3,810.0,0.4,270.0,Credit Card
ORD-12880,2025-02-06,CUST-1156,Siddharth Jain 156,Technology,Phones,Bluetooth Wireless Earbuds,South,Hyderabad,8,18000.0,0.1,8400.0,Cash on Delivery
ORD-12881,2024-10-02,CUST-1070,Pooja Verma 70,Office Supplies,Art,Highlighter & Marker Set,North,Noida,1,332.5,0.05,182.5,Cash on Delivery
ORD-12882,2025-06-24,CUST-1106,Shweta Mishra 106,Furniture,Bookcases,5-Tier Wooden Bookshelf,West,Surat,1,6500.0,0.0,1300.0,Credit Card
ORD-12883,2024-03-08,CUST-1043,Nisha Bhat 43,Furniture,Chairs,Ergonomic Office Chair,East,Bhubaneswar,4,28900.0,0.15,4900.0,Debit Card
ORD-12884,2024-01-02,CUST-1225,Aditya Bose 225,Furniture,Chairs,Ergonomic Office Chair,South,Bangalore,1,8500.0,0.0,2500.0,Cash on Delivery
ORD-12885,2025-06-15,CUST-1097,Sneha Reddy 97,Furniture,Chairs,Mesh Executive Chair,West,Surat,2,12000.0,0.5,-7000.0,UPI
ORD-12886,2025-09-18,CUST-1002,Ananya Roy,Technology,Accessories,Wireless Mouse,Central,Nagpur,2,800.0,0.5,0.0,UPI
ORD-12887,2024-05-04,CUST-1065,Ananya Roy 65,Technology,Phones,Smartphone Pro Max,East,Kolkata,1,45000.0,0.0,9000.0,Net Banking
ORD-12888,2025-08-04,CUST-1193,Ravi Pillai 193,Technology,Phones,Bluetooth Wireless Earbuds,South,Chennai,2,4750.0,0.05,2350.0,Net Banking
ORD-12889,2025-08-18,CUST-1173,Alok Deshmukh 173,Apparel,Corporate Wear,Tailored Blazer,Central,Nagpur,2,4800.0,0.5,-400.0,UPI
ORD-12890,2025-02-01,CUST-1003,Rahul Sharma,Apparel,Corporate Wear,Tailored Blazer,West,Ahmedabad,2,9600.0,0.0,4400.0,Cash on Delivery
ORD-12891,2025-03-11,CUST-1123,Abhishek Saxena 123,Furniture,Tables,Adjustable Standing Desk,East,Bhubaneswar,1,18000.0,0.0,4000.0,Cash on Delivery
ORD-12892,2025-08-26,CUST-1132,Gaurav Tiwari 132,Furniture,Tables,Adjustable Standing Desk,South,Chennai,1,18000.0,0.0,4000.0,Credit Card
ORD-12893,2025-04-01,CUST-1022,Neha Gupta,Technology,Phones,Smartphone Pro Max,Central,Bhopal,1,22500.0,0.5,-13500.0,Cash on Delivery
ORD-12894,2025-10-23,CUST-1067,Kavita Das 67,Furniture,Bookcases,5-Tier Wooden Bookshelf,Central,Bhopal,3,17550.0,0.1,1950.0,Credit Card
ORD-12895,2024-01-19,CUST-1049,Aarti Kapoor 49,Furniture,Tables,Adjustable Standing Desk,North,Delhi,1,15300.0,0.15,1300.0,Credit Card
ORD-12896,2024-10-11,CUST-1008,Vikas Singh,Office Supplies,Art,Highlighter & Marker Set,West,Surat,5,875.0,0.5,125.0,Cash on Delivery
ORD-12897,2024-09-13,CUST-1073,Aditya Bose 73,Apparel,Footwear,Leather Oxford Shoes,West,Surat,1,3200.0,0.0,1500.0,UPI
ORD-12898,2024-04-07,CUST-1015,Amit Kumar,Apparel,Corporate Wear,Tailored Blazer,South,Hyderabad,4,19200.0,0.0,8800.0,Credit Card
ORD-12899,2025-12-24,CUST-1234,Meera Sen 234,Technology,Accessories,USB-C Multi-Port Hub,Central,Bhopal,4,6840.0,0.05,3240.0,Cash on Delivery
ORD-12900,2025-04-02,CUST-1153,Vikas Singh 153,Furniture,Tables,Wooden Conference Table,North,Lucknow,5,100000.0,0.2,-5000.0,Credit Card
ORD-12901,2024-02-04,CUST-1136,Amit Kumar 136,Office Supplies,Paper,A4 Multipurpose Copy Paper (Pack of 5),Central,Bhopal,2,2040.0,0.15,640.0,Credit Card
ORD-12902,2025-04-23,CUST-1059,Karan Joshi 59,Office Supplies,Paper,A4 Multipurpose Copy Paper (Pack of 5),South,Kochi,1,1140.0,0.05,440.0,Debit Card
ORD-12903,2025-04-10,CUST-1005,Karan Joshi,Technology,Accessories,Wireless Mouse,West,Mumbai,1,800.0,0.0,400.0,Cash on Delivery
ORD-12904,2024-05-22,CUST-1142,Suresh Nair 142,Furniture,Bookcases,5-Tier Wooden Bookshelf,North,Noida,1,5200.0,0.2,0.0,UPI
ORD-12905,2025-12-11,CUST-1089,Alok Deshmukh 89,Apparel,Footwear,Leather Oxford Shoes,North,Jaipur,2,5120.0,0.2,1720.0,UPI
ORD-12906,2024-02-02,CUST-1016,Swati Kulkarni,Office Supplies,Art,Highlighter & Marker Set,Central,Bhopal,1,315.0,0.1,165.0,Net Banking
ORD-12907,2025-02-22,CUST-1007,Neha Gupta,Technology,Accessories,Mechanical Keyboard,North,Lucknow,2,4200.0,0.4,200.0,Credit Card
ORD-12908,2025-04-14,CUST-1023,Meera Sen,Technology,Accessories,Wireless Mouse,North,Lucknow,1,800.0,0.0,400.0,Cash on Delivery
ORD-12909,2025-10-04,CUST-1090,Ananya Roy 90,Technology,Accessories,USB-C Multi-Port Hub,South,Bangalore,2,3240.0,0.1,1440.0,Cash on Delivery
ORD-12910,2025-01-18,CUST-1003,Rahul Sharma,Office Supplies,Binders,Heavy-Duty Ring Binder,East,Guwahati,3,798.0,0.05,438.0,Debit Card
ORD-12911,2024-11-15,CUST-1012,Ravi Pillai,Furniture,Tables,Wooden Conference Table,South,Chennai,8,160000.0,0.2,-8000.0,Credit Card
ORD-12912,2025-10-04,CUST-1160,Swati Kulkarni 160,Technology,Accessories,USB-C Multi-Port Hub,West,Pune,1,1260.0,0.3,360.0,Credit Card
ORD-12913,2024-11-12,CUST-1039,Rahul Sharma 39,Furniture,Tables,Adjustable Standing Desk,South,Hyderabad,2,28800.0,0.2,800.0,UPI
ORD-12914,2025-05-17,CUST-1105,Abhishek Saxena 105,Apparel,Corporate Wear,Tailored Blazer,South,Chennai,5,24000.0,0.0,11000.0,Credit Card
ORD-12915,2025-04-14,CUST-1172,Priya Patel 172,Technology,Monitors,27-inch 4K Monitor,East,Guwahati,8,105600.0,0.4,-30400.0,Net Banking
ORD-12916,2025-03-04,CUST-1181,Aditya Bose 181,Office Supplies,Paper,Premium Hardbound Notebook,West,Surat,5,2250.0,0.0,1350.0,Debit Card
ORD-12917,2024-03-19,CUST-1245,Preeti Pandey 245,Office Supplies,Art,Highlighter & Marker Set,East,Guwahati,2,630.0,0.1,330.0,Cash on Delivery
ORD-12918,2024-10-27,CUST-1213,Meera Sen 213,Technology,Accessories,USB-C Multi-Port Hub,South,Bangalore,2,3060.0,0.15,1260.0,UPI
ORD-12919,2024-02-07,CUST-1106,Shweta Mishra 106,Technology,Phones,Smartphone Pro Max,Central,Indore,2,63000.0,0.3,-9000.0,Debit Card
ORD-12920,2024-05-29,CUST-1033,Neha Gupta 33,Furniture,Chairs,Mesh Executive Chair,West,Ahmedabad,3,32400.0,0.1,3900.0,UPI
ORD-12921,2024-11-10,CUST-1225,Aditya Bose 225,Office Supplies,Paper,Premium Hardbound Notebook,Central,Bhopal,5,2250.0,0.0,1350.0,UPI
ORD-12922,2024-12-10,CUST-1111,Siddharth Jain 111,Furniture,Tables,Adjustable Standing Desk,Central,Nagpur,3,54000.0,0.0,12000.0,Debit Card
ORD-12923,2024-09-19,CUST-1148,Bhavna Shah 148,Technology,Monitors,27-inch 4K Monitor,North,Chandigarh,2,39600.0,0.1,5600.0,Debit Card
ORD-12924,2025-10-20,CUST-1197,Siddharth Jain 197,Technology,Phones,Smartphone Pro Max,North,Noida,2,85500.0,0.05,13500.0,Cash on Delivery
ORD-12925,2025-07-17,CUST-1021,Rohan Mehta,Apparel,Corporate Wear,Cotton Formal Shirt,South,Kochi,1,1200.0,0.2,450.0,Credit Card
ORD-12926,2024-12-19,CUST-1202,Suresh Nair 202,Furniture,Tables,Wooden Conference Table,Central,Nagpur,3,75000.0,0.0,12000.0,Cash on Delivery
ORD-12927,2025-06-13,CUST-1071,Preeti Pandey 71,Apparel,Footwear,Leather Oxford Shoes,East,Kolkata,10,25600.0,0.2,8600.0,Debit Card
ORD-12928,2024-01-19,CUST-1089,Alok Deshmukh 89,Technology,Phones,Smartphone Pro Max,North,Delhi,1,45000.0,0.0,9000.0,Debit Card
ORD-12929,2024-12-09,CUST-1022,Neha Gupta,Technology,Monitors,27-inch 4K Monitor,South,Bangalore,1,17600.0,0.2,600.0,UPI
ORD-12930,2024-11-14,CUST-1244,Tarun Choudhury 244,Apparel,Corporate Wear,Cotton Formal Shirt,East,Kolkata,3,4275.0,0.05,2025.0,Net Banking
ORD-12931,2024-05-25,CUST-1026,Siddharth Jain,Apparel,Corporate Wear,Cotton Formal Shirt,East,Kolkata,8,11400.0,0.05,5400.0,Credit Card
ORD-12932,2024-03-04,CUST-1179,Abhishek Saxena 179,Furniture,Chairs,Ergonomic Office Chair,North,Noida,1,4250.0,0.5,-1750.0,Cash on Delivery
ORD-12933,2025-09-10,CUST-1234,Meera Sen 234,Technology,Accessories,Mechanical Keyboard,North,Delhi,3,10500.0,0.0,4500.0,UPI
ORD-12934,2024-08-02,CUST-1077,Swati Kulkarni 77,Office Supplies,Binders,Heavy-Duty Ring Binder,North,Lucknow,1,196.0,0.3,76.0,UPI
ORD-12935,2025-08-26,CUST-1211,Ravi Pillai 211,Office Supplies,Art,Highlighter & Marker Set,Central,Indore,1,350.0,0.0,200.0,Net Banking
ORD-12936,2024-06-08,CUST-1195,Abhishek Saxena 195,Office Supplies,Paper,A4 Multipurpose Copy Paper (Pack of 5),Central,Bhopal,3,3240.0,0.1,1140.0,UPI
ORD-12937,2025-08-18,CUST-1166,Neha Gupta 166,Furniture,Tables,Wooden Conference Table,East,Patna,4,100000.0,0.0,16000.0,UPI
ORD-12938,2024-03-19,CUST-1053,Kavita Das 53,Office Supplies,Art,Highlighter & Marker Set,West,Pune,1,350.0,0.0,200.0,UPI
ORD-12939,2024-01-24,CUST-1121,Siddharth Jain 121,Technology,Monitors,27-inch 4K Monitor,Central,Nagpur,2,30800.0,0.3,-3200.0,Cash on Delivery
ORD-12940,2024-01-04,CUST-1121,Siddharth Jain 121,Technology,Phones,Bluetooth Wireless Earbuds,East,Kolkata,3,5250.0,0.3,1650.0,UPI
ORD-12941,2025-03-01,CUST-1028,Nisha Bhat,Office Supplies,Storage,Heavy Duty Arch File Box,North,Noida,2,1300.0,0.0,600.0,Cash on Delivery
ORD-12942,2025-04-26,CUST-1250,Neha Gupta 250,Technology,Phones,Bluetooth Wireless Earbuds,South,Chennai,2,2500.0,0.5,100.0,Net Banking
ORD-12943,2024-09-14,CUST-1124,Suresh Nair 124,Office Supplies,Binders,Heavy-Duty Ring Binder,North,Noida,1,238.0,0.15,118.0,Credit Card
ORD-12944,2024-02-11,CUST-1115,Divya Agarwal 115,Office Supplies,Storage,Heavy Duty Arch File Box,Central,Bhopal,4,2600.0,0.0,1200.0,Credit Card
ORD-12945,2024-10-20,CUST-1173,Alok Deshmukh 173,Apparel,Corporate Wear,Tailored Blazer,West,Ahmedabad,2,5760.0,0.4,560.0,UPI
ORD-12946,2024-01-16,CUST-1044,Manish Malhotra 44,Furniture,Tables,Adjustable Standing Desk,West,Pune,3,54000.0,0.0,12000.0,Credit Card
ORD-12947,2025-02-08,CUST-1247,Pooja Verma 247,Technology,Monitors,27-inch 4K Monitor,South,Bangalore,1,22000.0,0.0,5000.0,Net Banking
ORD-12948,2025-09-08,CUST-1172,Priya Patel 172,Office Supplies,Paper,Premium Hardbound Notebook,Central,Indore,3,1215.0,0.1,675.0,Net Banking
ORD-12949,2025-11-13,CUST-1100,Rohan Mehta 100,Office Supplies,Art,Highlighter & Marker Set,West,Mumbai,1,350.0,0.0,200.0,Credit Card
ORD-12950,2025-08-14,CUST-1218,Ananya Roy 218,Office Supplies,Paper,A4 Multipurpose Copy Paper (Pack of 5),South,Bangalore,1,1200.0,0.0,500.0,Net Banking
ORD-12951,2024-11-01,CUST-1100,Rohan Mehta 100,Technology,Accessories,USB-C Multi-Port Hub,North,Chandigarh,4,6840.0,0.05,3240.0,Credit Card
ORD-12952,2025-01-07,CUST-1012,Ravi Pillai,Apparel,Corporate Wear,Cotton Formal Shirt,West,Pune,1,1425.0,0.05,675.0,UPI
ORD-12953,2025-09-26,CUST-1138,Bhavna Shah 138,Furniture,Chairs,Mesh Executive Chair,Central,Bhopal,1,10800.0,0.1,1300.0,Cash on Delivery
ORD-12954,2024-03-08,CUST-1057,Deepak Rao 57,Technology,Accessories,Wireless Mouse,North,Jaipur,4,2560.0,0.2,960.0,Cash on Delivery
ORD-12955,2024-03-17,CUST-1209,Ravi Pillai 209,Technology,Accessories,Wireless Mouse,West,Pune,1,800.0,0.0,400.0,Debit Card
ORD-12956,2024-03-13,CUST-1097,Sneha Reddy 97,Office Supplies,Binders,Heavy-Duty Ring Binder,West,Surat,2,448.0,0.2,208.0,Credit Card
ORD-12957,2024-08-24,CUST-1171,Aarti Kapoor 171,Furniture,Bookcases,5-Tier Wooden Bookshelf,South,Hyderabad,2,13000.0,0.0,2600.0,UPI
ORD-12958,2024-10-25,CUST-1071,Preeti Pandey 71,Office Supplies,Binders,Heavy-Duty Ring Binder,East,Patna,3,840.0,0.0,480.0,Net Banking
ORD-12959,2025-06-01,CUST-1210,Tarun Choudhury 210,Apparel,Footwear,Leather Oxford Shoes,East,Kolkata,1,3040.0,0.05,1340.0,Cash on Delivery
ORD-12960,2024-10-05,CUST-1140,Tarun Choudhury 140,Technology,Accessories,USB-C Multi-Port Hub,East,Guwahati,1,1800.0,0.0,900.0,Credit Card
ORD-12961,2024-08-27,CUST-1152,Karan Joshi 152,Office Supplies,Paper,A4 Multipurpose Copy Paper (Pack of 5),Central,Indore,2,2040.0,0.15,640.0,Debit Card
ORD-12962,2024-09-22,CUST-1040,Aarti Kapoor 40,Office Supplies,Paper,Premium Hardbound Notebook,North,Noida,2,855.0,0.05,495.0,Net Banking
ORD-12963,2024-01-20,CUST-1040,Aarti Kapoor 40,Furniture,Tables,Wooden Conference Table,West,Surat,3,63750.0,0.15,750.0,Debit Card
ORD-12964,2025-03-08,CUST-1198,Aarti Kapoor 198,Office Supplies,Art,Highlighter & Marker Set,East,Bhubaneswar,1,350.0,0.0,200.0,Net Banking
ORD-12965,2024-04-14,CUST-1007,Neha Gupta,Office Supplies,Art,Highlighter & Marker Set,South,Bangalore,3,735.0,0.3,285.0,UPI
ORD-12966,2025-01-05,CUST-1099,Deepak Rao 99,Furniture,Tables,Adjustable Standing Desk,East,Bhubaneswar,2,36000.0,0.0,8000.0,Credit Card
ORD-12967,2024-04-10,CUST-1125,Preeti Pandey 125,Furniture,Bookcases,5-Tier Wooden Bookshelf,West,Pune,2,13000.0,0.0,2600.0,Net Banking
ORD-12968,2024-10-30,CUST-1216,Meera Sen 216,Furniture,Tables,Wooden Conference Table,Central,Indore,3,75000.0,0.0,12000.0,Net Banking
ORD-12969,2024-02-21,CUST-1042,Sneha Reddy 42,Apparel,Footwear,Leather Oxford Shoes,South,Hyderabad,1,2560.0,0.2,860.0,Cash on Delivery
ORD-12970,2025-02-16,CUST-1038,Alok Deshmukh 38,Office Supplies,Art,Highlighter & Marker Set,South,Hyderabad,10,2450.0,0.3,950.0,Net Banking
ORD-12971,2025-03-14,CUST-1065,Ananya Roy 65,Technology,Phones,Bluetooth Wireless Earbuds,North,Chandigarh,2,4000.0,0.2,1600.0,Credit Card
ORD-12972,2024-05-27,CUST-1123,Abhishek Saxena 123,Technology,Accessories,USB-C Multi-Port Hub,South,Hyderabad,1,1080.0,0.4,180.0,Net Banking
ORD-12973,2025-05-02,CUST-1107,Amit Kumar 107,Technology,Phones,Bluetooth Wireless Earbuds,West,Pune,1,1500.0,0.4,300.0,Net Banking
ORD-12974,2025-05-31,CUST-1214,Aarti Kapoor 214,Office Supplies,Binders,Heavy-Duty Ring Binder,Central,Bhopal,1,280.0,0.0,160.0,Debit Card
ORD-12975,2025-06-13,CUST-1236,Rahul Sharma 236,Apparel,Corporate Wear,Cotton Formal Shirt,East,Bhubaneswar,1,1275.0,0.15,525.0,Debit Card
ORD-12976,2024-08-28,CUST-1067,Kavita Das 67,Technology,Accessories,Wireless Mouse,West,Mumbai,2,800.0,0.5,0.0,Credit Card
ORD-12977,2025-04-30,CUST-1052,Amit Kumar 52,Apparel,Footwear,Leather Oxford Shoes,East,Kolkata,5,13600.0,0.15,5100.0,Cash on Delivery
ORD-12978,2025-04-05,CUST-1110,Sneha Reddy 110,Furniture,Tables,Adjustable Standing Desk,North,Jaipur,1,15300.0,0.15,1300.0,Net Banking
ORD-12979,2025-04-06,CUST-1015,Amit Kumar,Office Supplies,Binders,Heavy-Duty Ring Binder,Central,Nagpur,4,784.0,0.3,304.0,Debit Card
ORD-12980,2024-11-28,CUST-1020,Amit Kumar,Apparel,Footwear,Leather Oxford Shoes,North,Lucknow,3,5760.0,0.4,660.0,Debit Card
ORD-12981,2024-05-30,CUST-1217,Bhavna Shah 217,Technology,Monitors,27-inch 4K Monitor,East,Bhubaneswar,4,88000.0,0.0,20000.0,Net Banking
ORD-12982,2024-07-30,CUST-1047,Vikas Singh 47,Technology,Accessories,Mechanical Keyboard,South,Chennai,5,17500.0,0.0,7500.0,Net Banking
ORD-12983,2024-04-15,CUST-1028,Nisha Bhat,Technology,Accessories,USB-C Multi-Port Hub,East,Patna,2,2520.0,0.3,720.0,Net Banking
ORD-12984,2025-09-13,CUST-1031,Siddharth Jain 31,Office Supplies,Binders,Heavy-Duty Ring Binder,North,Chandigarh,1,252.0,0.1,132.0,Credit Card
ORD-12985,2025-09-23,CUST-1227,Vikas Singh 227,Apparel,Corporate Wear,Tailored Blazer,West,Mumbai,1,2880.0,0.4,280.0,Net Banking
ORD-12986,2025-08-13,CUST-1142,Suresh Nair 142,Furniture,Chairs,Mesh Executive Chair,North,Jaipur,1,12000.0,0.0,2500.0,Net Banking
ORD-12987,2025-08-15,CUST-1003,Rahul Sharma,Furniture,Chairs,Ergonomic Office Chair,Central,Bhopal,1,8500.0,0.0,2500.0,Net Banking
ORD-12988,2025-08-05,CUST-1204,Pooja Verma 204,Apparel,Corporate Wear,Tailored Blazer,North,Delhi,10,43200.0,0.1,17200.0,Credit Card
ORD-12989,2025-11-25,CUST-1127,Aarti Kapoor 127,Technology,Accessories,USB-C Multi-Port Hub,North,Chandigarh,2,3600.0,0.0,1800.0,Net Banking
ORD-12990,2025-04-20,CUST-1227,Vikas Singh 227,Technology,Accessories,Wireless Mouse,South,Bangalore,1,760.0,0.05,360.0,Net Banking
ORD-12991,2024-02-10,CUST-1228,Deepak Rao 228,Furniture,Bookcases,5-Tier Wooden Bookshelf,North,Delhi,1,6175.0,0.05,975.0,Credit Card
ORD-12992,2024-07-08,CUST-1106,Shweta Mishra 106,Office Supplies,Art,Highlighter & Marker Set,South,Hyderabad,4,1120.0,0.2,520.0,Cash on Delivery
ORD-12993,2024-08-17,CUST-1219,Alok Deshmukh 219,Technology,Phones,Smartphone Pro Max,East,Bhubaneswar,2,63000.0,0.3,-9000.0,Net Banking
ORD-12994,2024-09-04,CUST-1235,Bhavna Shah 235,Apparel,Corporate Wear,Tailored Blazer,North,Noida,1,2400.0,0.5,-200.0,UPI
ORD-12995,2025-02-11,CUST-1194,Ananya Roy 194,Furniture,Bookcases,5-Tier Wooden Bookshelf,West,Mumbai,1,5525.0,0.15,325.0,Cash on Delivery
ORD-12996,2025-09-19,CUST-1210,Tarun Choudhury 210,Apparel,Corporate Wear,Tailored Blazer,West,Mumbai,2,9120.0,0.05,3920.0,Cash on Delivery
ORD-12997,2024-08-18,CUST-1033,Neha Gupta 33,Office Supplies,Art,Highlighter & Marker Set,South,Kochi,1,350.0,0.0,200.0,Credit Card
ORD-12998,2025-08-09,CUST-1031,Siddharth Jain 31,Office Supplies,Paper,Premium Hardbound Notebook,South,Hyderabad,2,810.0,0.1,450.0,Cash on Delivery
ORD-12999,2025-03-15,CUST-1016,Swati Kulkarni,Technology,Phones,Bluetooth Wireless Earbuds,East,Guwahati,2,4250.0,0.15,1850.0,Credit Card
ORD-13000,2025-04-09,CUST-1221,Pooja Verma 221,Technology,Monitors,27-inch 4K Monitor,Central,Nagpur,1,20900.0,0.05,3900.0,Cash on Delivery
ORD-13001,2025-05-15,CUST-1068,Amit Kumar 68,Apparel,Footwear,Leather Oxford Shoes,West,Mumbai,2,6400.0,0.0,3000.0,Cash on Delivery
ORD-13002,2025-07-13,CUST-1112,Ravi Pillai 112,Furniture,Tables,Wooden Conference Table,North,Chandigarh,3,63750.0,0.15,750.0,Net Banking
ORD-13003,2024-01-23,CUST-1044,Manish Malhotra 44,Technology,Accessories,Mechanical Keyboard,Central,Bhopal,2,7000.0,0.0,3000.0,Cash on Delivery
ORD-13004,2024-06-24,CUST-1153,Vikas Singh 153,Technology,Accessories,Mechanical Keyboard,South,Chennai,3,8925.0,0.15,2925.0,Debit Card
ORD-13005,2024-08-31,CUST-1159,Ravi Pillai 159,Technology,Accessories,Mechanical Keyboard,West,Ahmedabad,2,7000.0,0.0,3000.0,Cash on Delivery
ORD-13006,2024-08-18,CUST-1045,Suresh Nair 45,Technology,Monitors,27-inch 4K Monitor,West,Pune,1,22000.0,0.0,5000.0,UPI
ORD-13007,2024-06-20,CUST-1063,Divya Agarwal 63,Office Supplies,Paper,A4 Multipurpose Copy Paper (Pack of 5),North,Delhi,1,1020.0,0.15,320.0,Debit Card
ORD-13008,2024-12-18,CUST-1016,Swati Kulkarni,Technology,Phones,Smartphone Pro Max,Central,Nagpur,1,38250.0,0.15,2250.0,Debit Card
ORD-13009,2024-12-02,CUST-1175,Vikas Singh 175,Technology,Accessories,Mechanical Keyboard,South,Kochi,2,4200.0,0.4,200.0,Cash on Delivery
ORD-13010,2024-10-18,CUST-1054,Ananya Roy 54,Furniture,Chairs,Ergonomic Office Chair,South,Chennai,4,30600.0,0.1,6600.0,Credit Card
ORD-13011,2025-02-07,CUST-1236,Rahul Sharma 236,Technology,Monitors,27-inch 4K Monitor,Central,Indore,1,13200.0,0.4,-3800.0,UPI
ORD-13012,2024-12-21,CUST-1190,Alok Deshmukh 190,Apparel,Corporate Wear,Tailored Blazer,South,Bangalore,1,4320.0,0.1,1720.0,Debit Card
ORD-13013,2024-04-02,CUST-1042,Sneha Reddy 42,Apparel,Footwear,Leather Oxford Shoes,North,Chandigarh,3,4800.0,0.5,-300.0,Net Banking
ORD-13014,2024-11-16,CUST-1157,Siddharth Jain 157,Technology,Phones,Bluetooth Wireless Earbuds,North,Delhi,1,1750.0,0.3,550.0,Net Banking
ORD-13015,2024-07-21,CUST-1020,Amit Kumar,Office Supplies,Binders,Heavy-Duty Ring Binder,East,Patna,2,504.0,0.1,264.0,Credit Card
ORD-13016,2024-03-08,CUST-1233,Bhavna Shah 233,Technology,Accessories,Wireless Mouse,East,Bhubaneswar,2,1440.0,0.1,640.0,UPI
ORD-13017,2025-08-02,CUST-1053,Kavita Das 53,Office Supplies,Art,Highlighter & Marker Set,West,Mumbai,2,700.0,0.0,400.0,Net Banking
ORD-13018,2025-04-02,CUST-1020,Amit Kumar,Furniture,Chairs,Mesh Executive Chair,North,Chandigarh,1,9600.0,0.2,100.0,Credit Card
ORD-13019,2025-03-09,CUST-1219,Alok Deshmukh 219,Furniture,Tables,Adjustable Standing Desk,East,Patna,1,10800.0,0.4,-3200.0,Net Banking
ORD-13020,2024-09-14,CUST-1099,Deepak Rao 99,Technology,Phones,Smartphone Pro Max,South,Bangalore,4,144000.0,0.2,0.0,UPI
ORD-13021,2025-04-04,CUST-1208,Rahul Sharma 208,Furniture,Chairs,Mesh Executive Chair,North,Delhi,2,24000.0,0.0,5000.0,Cash on Delivery
ORD-13022,2024-10-09,CUST-1016,Swati Kulkarni,Furniture,Chairs,Ergonomic Office Chair,South,Bangalore,1,8075.0,0.05,2075.0,Debit Card
ORD-13023,2024-10-09,CUST-1054,Ananya Roy 54,Technology,Phones,Bluetooth Wireless Earbuds,North,Noida,2,4500.0,0.1,2100.0,Credit Card
ORD-13024,2025-11-13,CUST-1133,Suresh Nair 133,Office Supplies,Art,Highlighter & Marker Set,East,Guwahati,2,630.0,0.1,330.0,Net Banking
ORD-13025,2025-09-11,CUST-1250,Neha Gupta 250,Technology,Phones,Bluetooth Wireless Earbuds,West,Ahmedabad,4,10000.0,0.0,5200.0,UPI
ORD-13026,2025-05-28,CUST-1140,Tarun Choudhury 140,Furniture,Chairs,Mesh Executive Chair,West,Ahmedabad,3,21600.0,0.4,-6900.0,UPI
ORD-13027,2025-08-27,CUST-1047,Vikas Singh 47,Technology,Accessories,Wireless Mouse,West,Surat,2,1280.0,0.2,480.0,Net Banking
ORD-13028,2025-10-11,CUST-1148,Bhavna Shah 148,Furniture,Chairs,Ergonomic Office Chair,South,Chennai,3,12750.0,0.5,-5250.0,Cash on Delivery
ORD-13029,2025-07-25,CUST-1111,Siddharth Jain 111,Office Supplies,Paper,A4 Multipurpose Copy Paper (Pack of 5),North,Jaipur,4,4800.0,0.0,2000.0,Credit Card
ORD-13030,2024-12-14,CUST-1139,Swati Kulkarni 139,Furniture,Tables,Wooden Conference Table,East,Patna,1,15000.0,0.4,-6000.0,Debit Card
ORD-13031,2025-10-13,CUST-1201,Shweta Mishra 201,Office Supplies,Paper,A4 Multipurpose Copy Paper (Pack of 5),Central,Nagpur,1,720.0,0.4,20.0,Credit Card
ORD-13032,2024-11-24,CUST-1182,Amit Kumar 182,Office Supplies,Binders,Heavy-Duty Ring Binder,South,Kochi,3,840.0,0.0,480.0,Cash on Delivery
ORD-13033,2024-09-29,CUST-1102,Karan Joshi 102,Office Supplies,Binders,Heavy-Duty Ring Binder,South,Chennai,1,266.0,0.05,146.0,Debit Card
ORD-13034,2025-01-17,CUST-1021,Rohan Mehta,Apparel,Footwear,Leather Oxford Shoes,East,Bhubaneswar,2,6400.0,0.0,3000.0,Credit Card
ORD-13035,2024-10-18,CUST-1047,Vikas Singh 47,Office Supplies,Paper,A4 Multipurpose Copy Paper (Pack of 5),East,Bhubaneswar,3,3240.0,0.1,1140.0,Net Banking
ORD-13036,2024-06-25,CUST-1142,Suresh Nair 142,Office Supplies,Storage,Heavy Duty Arch File Box,South,Hyderabad,4,2600.0,0.0,1200.0,UPI
ORD-13037,2024-06-22,CUST-1203,Ananya Roy 203,Technology,Monitors,27-inch 4K Monitor,South,Hyderabad,1,11000.0,0.5,-6000.0,Cash on Delivery
ORD-13038,2024-06-28,CUST-1153,Vikas Singh 153,Technology,Accessories,Wireless Mouse,North,Noida,3,1920.0,0.2,720.0,Net Banking
ORD-13039,2024-06-23,CUST-1213,Meera Sen 213,Office Supplies,Art,Highlighter & Marker Set,North,Lucknow,1,350.0,0.0,200.0,Debit Card
ORD-13040,2024-12-16,CUST-1014,Siddharth Jain,Apparel,Footwear,Leather Oxford Shoes,West,Surat,1,3200.0,0.0,1500.0,Net Banking
ORD-13041,2024-10-18,CUST-1005,Karan Joshi,Furniture,Chairs,Mesh Executive Chair,Central,Bhopal,1,12000.0,0.0,2500.0,Cash on Delivery
ORD-13042,2024-08-12,CUST-1063,Divya Agarwal 63,Office Supplies,Paper,A4 Multipurpose Copy Paper (Pack of 5),South,Chennai,1,1080.0,0.1,380.0,Net Banking
ORD-13043,2024-04-05,CUST-1023,Meera Sen,Apparel,Footwear,Leather Oxford Shoes,South,Kochi,4,12800.0,0.0,6000.0,Net Banking
ORD-13044,2024-01-22,CUST-1239,Rajesh Iyer 239,Apparel,Corporate Wear,Cotton Formal Shirt,South,Kochi,2,3000.0,0.0,1500.0,Debit Card
ORD-13045,2025-02-13,CUST-1072,Shweta Mishra 72,Office Supplies,Paper,Premium Hardbound Notebook,North,Chandigarh,3,1350.0,0.0,810.0,Net Banking
ORD-13046,2025-03-22,CUST-1223,Shweta Mishra 223,Technology,Phones,Bluetooth Wireless Earbuds,East,Patna,1,1500.0,0.4,300.0,Debit Card
ORD-13047,2024-01-11,CUST-1004,Ravi Pillai,Apparel,Footwear,Leather Oxford Shoes,West,Pune,2,6080.0,0.05,2680.0,Debit Card
ORD-13048,2025-03-09,CUST-1024,Aditya Bose,Office Supplies,Art,Highlighter & Marker Set,East,Bhubaneswar,4,1400.0,0.0,800.0,Credit Card
ORD-13049,2024-07-21,CUST-1202,Suresh Nair 202,Office Supplies,Storage,Heavy Duty Arch File Box,North,Delhi,2,650.0,0.5,-50.0,Debit Card
ORD-13050,2024-10-16,CUST-1248,Neha Gupta 248,Office Supplies,Storage,Heavy Duty Arch File Box,West,Pune,5,3250.0,0.0,1500.0,Net Banking
ORD-13051,2024-11-04,CUST-1235,Bhavna Shah 235,Furniture,Chairs,Ergonomic Office Chair,East,Bhubaneswar,2,13600.0,0.2,1600.0,Cash on Delivery
ORD-13052,2025-01-05,CUST-1123,Abhishek Saxena 123,Office Supplies,Storage,Heavy Duty Arch File Box,North,Chandigarh,4,2470.0,0.05,1070.0,Debit Card
ORD-13053,2025-09-10,CUST-1075,Alok Deshmukh 75,Technology,Monitors,27-inch 4K Monitor,Central,Bhopal,3,52800.0,0.2,1800.0,UPI
ORD-13054,2025-04-29,CUST-1084,Aarti Kapoor 84,Furniture,Bookcases,5-Tier Wooden Bookshelf,North,Noida,2,13000.0,0.0,2600.0,UPI
ORD-13055,2025-05-21,CUST-1159,Ravi Pillai 159,Apparel,Footwear,Leather Oxford Shoes,South,Chennai,1,3200.0,0.0,1500.0,UPI
ORD-13056,2024-06-21,CUST-1074,Tarun Choudhury 74,Apparel,Corporate Wear,Tailored Blazer,South,Kochi,1,4320.0,0.1,1720.0,UPI
ORD-13057,2025-05-23,CUST-1044,Manish Malhotra 44,Furniture,Chairs,Mesh Executive Chair,West,Ahmedabad,1,10200.0,0.15,700.0,Credit Card
ORD-13058,2025-05-28,CUST-1211,Ravi Pillai 211,Office Supplies,Paper,Premium Hardbound Notebook,Central,Indore,1,450.0,0.0,270.0,Credit Card
ORD-13059,2025-01-02,CUST-1224,Meera Sen 224,Furniture,Tables,Wooden Conference Table,Central,Indore,3,60000.0,0.2,-3000.0,Credit Card
ORD-13060,2025-03-04,CUST-1144,Shweta Mishra 144,Apparel,Footwear,Leather Oxford Shoes,North,Jaipur,2,6400.0,0.0,3000.0,Credit Card
ORD-13061,2025-06-12,CUST-1112,Ravi Pillai 112,Furniture,Tables,Adjustable Standing Desk,North,Delhi,8,144000.0,0.0,32000.0,Cash on Delivery
ORD-13062,2024-11-21,CUST-1227,Vikas Singh 227,Furniture,Bookcases,5-Tier Wooden Bookshelf,East,Patna,1,5200.0,0.2,0.0,Debit Card
ORD-13063,2024-08-28,CUST-1083,Neha Gupta 83,Apparel,Footwear,Leather Oxford Shoes,Central,Bhopal,3,9600.0,0.0,4500.0,Cash on Delivery
ORD-13064,2024-08-13,CUST-1123,Abhishek Saxena 123,Apparel,Corporate Wear,Tailored Blazer,North,Jaipur,2,9600.0,0.0,4400.0,Debit Card
ORD-13065,2025-05-15,CUST-1217,Bhavna Shah 217,Office Supplies,Storage,Heavy Duty Arch File Box,North,Jaipur,1,390.0,0.4,40.0,Cash on Delivery
ORD-13066,2024-09-25,CUST-1071,Preeti Pandey 71,Furniture,Chairs,Ergonomic Office Chair,East,Kolkata,1,6800.0,0.2,800.0,UPI
ORD-13067,2025-07-09,CUST-1193,Ravi Pillai 193,Office Supplies,Art,Highlighter & Marker Set,West,Surat,1,280.0,0.2,130.0,Net Banking
ORD-13068,2024-05-14,CUST-1174,Ananya Roy 174,Office Supplies,Paper,Premium Hardbound Notebook,South,Kochi,2,900.0,0.0,540.0,Debit Card
ORD-13069,2025-12-03,CUST-1133,Suresh Nair 133,Office Supplies,Paper,A4 Multipurpose Copy Paper (Pack of 5),Central,Nagpur,2,2400.0,0.0,1000.0,UPI
ORD-13070,2024-06-01,CUST-1116,Kavita Das 116,Office Supplies,Binders,Heavy-Duty Ring Binder,South,Bangalore,1,168.0,0.4,48.0,Debit Card
ORD-13071,2024-11-21,CUST-1216,Meera Sen 216,Apparel,Corporate Wear,Tailored Blazer,East,Kolkata,1,4560.0,0.05,1960.0,Debit Card
ORD-13072,2025-02-25,CUST-1193,Ravi Pillai 193,Office Supplies,Storage,Heavy Duty Arch File Box,North,Jaipur,4,2470.0,0.05,1070.0,Credit Card
ORD-13073,2025-03-30,CUST-1069,Siddharth Jain 69,Office Supplies,Storage,Heavy Duty Arch File Box,Central,Nagpur,1,650.0,0.0,300.0,Net Banking
ORD-13074,2025-05-09,CUST-1166,Neha Gupta 166,Office Supplies,Art,Highlighter & Marker Set,South,Bangalore,3,735.0,0.3,285.0,UPI
ORD-13075,2025-07-15,CUST-1239,Rajesh Iyer 239,Technology,Phones,Bluetooth Wireless Earbuds,South,Chennai,1,1750.0,0.3,550.0,Cash on Delivery
ORD-13076,2025-10-20,CUST-1005,Karan Joshi,Apparel,Corporate Wear,Cotton Formal Shirt,East,Guwahati,1,900.0,0.4,150.0,Debit Card
ORD-13077,2025-11-23,CUST-1212,Karan Joshi 212,Technology,Accessories,Mechanical Keyboard,East,Guwahati,3,5250.0,0.5,-750.0,Net Banking
ORD-13078,2024-07-28,CUST-1078,Rohan Mehta 78,Technology,Monitors,27-inch 4K Monitor,Central,Nagpur,2,26400.0,0.4,-7600.0,Net Banking
ORD-13079,2025-02-13,CUST-1007,Neha Gupta,Furniture,Bookcases,5-Tier Wooden Bookshelf,West,Mumbai,3,17550.0,0.1,1950.0,Cash on Delivery
ORD-13080,2024-05-21,CUST-1036,Karan Joshi 36,Technology,Phones,Smartphone Pro Max,East,Kolkata,1,27000.0,0.4,-9000.0,Net Banking
ORD-13081,2025-12-17,CUST-1140,Tarun Choudhury 140,Office Supplies,Paper,Premium Hardbound Notebook,East,Kolkata,1,427.5,0.05,247.5,Credit Card
ORD-13082,2024-03-03,CUST-1196,Tarun Choudhury 196,Technology,Accessories,USB-C Multi-Port Hub,East,Bhubaneswar,2,3600.0,0.0,1800.0,Net Banking
ORD-13083,2024-07-15,CUST-1242,Bhavna Shah 242,Apparel,Footwear,Leather Oxford Shoes,Central,Bhopal,3,5760.0,0.4,660.0,Cash on Delivery
ORD-13084,2024-03-23,CUST-1173,Alok Deshmukh 173,Apparel,Footwear,Leather Oxford Shoes,Central,Bhopal,2,3840.0,0.4,440.0,Credit Card
ORD-13085,2025-03-04,CUST-1180,Manish Malhotra 180,Furniture,Bookcases,5-Tier Wooden Bookshelf,South,Chennai,2,9100.0,0.3,-1300.0,UPI
ORD-13086,2025-06-30,CUST-1109,Shweta Mishra 109,Furniture,Tables,Wooden Conference Table,Central,Indore,1,12500.0,0.5,-8500.0,Debit Card
ORD-13087,2024-06-10,CUST-1008,Vikas Singh,Furniture,Chairs,Ergonomic Office Chair,Central,Nagpur,2,16150.0,0.05,4150.0,UPI
ORD-13088,2025-11-21,CUST-1246,Gaurav Tiwari 246,Furniture,Bookcases,5-Tier Wooden Bookshelf,West,Mumbai,1,5525.0,0.15,325.0,Cash on Delivery
ORD-13089,2025-09-17,CUST-1108,Aditya Bose 108,Office Supplies,Art,Highlighter & Marker Set,North,Chandigarh,2,700.0,0.0,400.0,Cash on Delivery
ORD-13090,2024-12-14,CUST-1113,Neha Gupta 113,Furniture,Chairs,Ergonomic Office Chair,North,Jaipur,1,4250.0,0.5,-1750.0,Cash on Delivery
ORD-13091,2024-06-15,CUST-1246,Gaurav Tiwari 246,Furniture,Tables,Adjustable Standing Desk,South,Hyderabad,2,34200.0,0.05,6200.0,UPI
ORD-13092,2025-12-22,CUST-1211,Ravi Pillai 211,Technology,Accessories,USB-C Multi-Port Hub,East,Kolkata,1,1080.0,0.4,180.0,UPI
ORD-13093,2025-01-30,CUST-1163,Swati Kulkarni 163,Office Supplies,Paper,Premium Hardbound Notebook,West,Pune,2,765.0,0.15,405.0,Cash on Delivery
ORD-13094,2025-08-16,CUST-1222,Preeti Pandey 222,Technology,Accessories,Mechanical Keyboard,North,Chandigarh,2,6300.0,0.1,2300.0,Cash on Delivery
ORD-13095,2025-12-17,CUST-1024,Aditya Bose,Furniture,Bookcases,5-Tier Wooden Bookshelf,North,Lucknow,5,32500.0,0.0,6500.0,UPI
ORD-13096,2025-05-02,CUST-1014,Siddharth Jain,Technology,Phones,Bluetooth Wireless Earbuds,East,Patna,1,2500.0,0.0,1300.0,Credit Card
ORD-13097,2024-02-01,CUST-1132,Gaurav Tiwari 132,Apparel,Corporate Wear,Tailored Blazer,North,Noida,2,9600.0,0.0,4400.0,Net Banking
ORD-13098,2024-06-12,CUST-1103,Nisha Bhat 103,Technology,Phones,Bluetooth Wireless Earbuds,Central,Bhopal,2,4000.0,0.2,1600.0,Cash on Delivery
ORD-13099,2024-06-27,CUST-1167,Vikas Singh 167,Furniture,Tables,Wooden Conference Table,West,Ahmedabad,3,75000.0,0.0,12000.0,UPI
ORD-13100,2025-04-13,CUST-1038,Alok Deshmukh 38,Apparel,Corporate Wear,Cotton Formal Shirt,Central,Nagpur,2,2550.0,0.15,1050.0,Cash on Delivery
ORD-13101,2024-07-07,CUST-1165,Deepak Rao 165,Office Supplies,Art,Highlighter & Marker Set,West,Mumbai,1,210.0,0.4,60.0,UPI
ORD-13102,2025-03-09,CUST-1240,Rahul Sharma 240,Apparel,Footwear,Leather Oxford Shoes,North,Noida,4,10240.0,0.2,3440.0,UPI
ORD-13103,2024-06-24,CUST-1205,Manish Malhotra 205,Office Supplies,Binders,Heavy-Duty Ring Binder,East,Guwahati,1,168.0,0.4,48.0,UPI
ORD-13104,2025-06-27,CUST-1035,Swati Kulkarni 35,Technology,Accessories,Wireless Mouse,South,Bangalore,2,1600.0,0.0,800.0,Net Banking
ORD-13105,2024-07-18,CUST-1173,Alok Deshmukh 173,Furniture,Tables,Adjustable Standing Desk,West,Ahmedabad,1,9000.0,0.5,-5000.0,Net Banking
ORD-13106,2025-10-07,CUST-1165,Deepak Rao 165,Furniture,Tables,Adjustable Standing Desk,West,Surat,4,72000.0,0.0,16000.0,Credit Card
ORD-13107,2024-01-12,CUST-1189,Siddharth Jain 189,Furniture,Tables,Wooden Conference Table,South,Hyderabad,1,21250.0,0.15,250.0,Credit Card
ORD-13108,2025-02-21,CUST-1153,Vikas Singh 153,Technology,Accessories,Wireless Mouse,Central,Bhopal,5,4000.0,0.0,2000.0,Credit Card
ORD-13109,2025-04-14,CUST-1094,Shweta Mishra 94,Furniture,Chairs,Mesh Executive Chair,North,Lucknow,2,21600.0,0.1,2600.0,Cash on Delivery
ORD-13110,2025-04-07,CUST-1104,Bhavna Shah 104,Technology,Accessories,Mechanical Keyboard,South,Kochi,2,4900.0,0.3,900.0,UPI
ORD-13111,2024-05-15,CUST-1236,Rahul Sharma 236,Furniture,Tables,Wooden Conference Table,South,Kochi,1,22500.0,0.1,1500.0,UPI
ORD-13112,2024-12-26,CUST-1179,Abhishek Saxena 179,Office Supplies,Storage,Heavy Duty Arch File Box,West,Mumbai,2,910.0,0.3,210.0,Debit Card
ORD-13113,2024-10-12,CUST-1249,Priya Patel 249,Furniture,Chairs,Mesh Executive Chair,East,Patna,3,21600.0,0.4,-6900.0,Cash on Delivery
ORD-13114,2024-05-30,CUST-1031,Siddharth Jain 31,Office Supplies,Paper,A4 Multipurpose Copy Paper (Pack of 5),Central,Indore,10,11400.0,0.05,4400.0,Cash on Delivery
ORD-13115,2025-01-13,CUST-1071,Preeti Pandey 71,Office Supplies,Paper,Premium Hardbound Notebook,East,Bhubaneswar,10,4500.0,0.0,2700.0,Credit Card
ORD-13116,2025-03-14,CUST-1010,Ananya Roy,Office Supplies,Paper,Premium Hardbound Notebook,East,Guwahati,2,450.0,0.5,90.0,Cash on Delivery
ORD-13117,2025-02-21,CUST-1073,Aditya Bose 73,Apparel,Footwear,Leather Oxford Shoes,North,Lucknow,1,2880.0,0.1,1180.0,Cash on Delivery
ORD-13118,2025-05-11,CUST-1248,Neha Gupta 248,Technology,Monitors,27-inch 4K Monitor,South,Bangalore,5,110000.0,0.0,25000.0,Cash on Delivery
ORD-13119,2025-06-21,CUST-1100,Rohan Mehta 100,Technology,Monitors,27-inch 4K Monitor,South,Kochi,2,44000.0,0.0,10000.0,UPI
ORD-13120,2025-01-28,CUST-1107,Amit Kumar 107,Office Supplies,Paper,Premium Hardbound Notebook,North,Chandigarh,5,1125.0,0.5,225.0,Cash on Delivery
ORD-13121,2025-02-21,CUST-1046,Karan Joshi 46,Furniture,Chairs,Ergonomic Office Chair,West,Surat,2,8500.0,0.5,-3500.0,Cash on Delivery
ORD-13122,2025-11-04,CUST-1151,Vikas Singh 151,Apparel,Corporate Wear,Tailored Blazer,South,Chennai,1,2880.0,0.4,280.0,Net Banking
ORD-13123,2025-02-13,CUST-1143,Rohan Mehta 143,Apparel,Corporate Wear,Cotton Formal Shirt,East,Guwahati,2,3000.0,0.0,1500.0,Debit Card
ORD-13124,2025-03-20,CUST-1004,Ravi Pillai,Furniture,Tables,Wooden Conference Table,North,Lucknow,1,25000.0,0.0,4000.0,UPI
ORD-13125,2025-06-19,CUST-1243,Deepak Rao 243,Furniture,Tables,Adjustable Standing Desk,Central,Bhopal,1,17100.0,0.05,3100.0,Cash on Delivery
ORD-13126,2025-06-24,CUST-1191,Rahul Sharma 191,Furniture,Chairs,Ergonomic Office Chair,Central,Bhopal,1,8500.0,0.0,2500.0,Net Banking
ORD-13127,2024-01-11,CUST-1008,Vikas Singh,Technology,Accessories,Wireless Mouse,North,Jaipur,1,560.0,0.3,160.0,Net Banking
ORD-13128,2024-05-30,CUST-1216,Meera Sen 216,Technology,Accessories,USB-C Multi-Port Hub,West,Pune,4,6480.0,0.1,2880.0,Cash on Delivery
ORD-13129,2024-03-13,CUST-1056,Alok Deshmukh 56,Furniture,Tables,Wooden Conference Table,North,Delhi,1,12500.0,0.5,-8500.0,Net Banking
ORD-13130,2024-12-27,CUST-1140,Tarun Choudhury 140,Office Supplies,Binders,Heavy-Duty Ring Binder,South,Bangalore,2,336.0,0.4,96.0,Net Banking
ORD-13131,2025-12-13,CUST-1077,Swati Kulkarni 77,Technology,Monitors,27-inch 4K Monitor,South,Hyderabad,4,74800.0,0.15,6800.0,Cash on Delivery
ORD-13132,2025-12-27,CUST-1015,Amit Kumar,Apparel,Corporate Wear,Cotton Formal Shirt,South,Chennai,1,1425.0,0.05,675.0,UPI
ORD-13133,2025-08-06,CUST-1239,Rajesh Iyer 239,Office Supplies,Binders,Heavy-Duty Ring Binder,East,Guwahati,2,560.0,0.0,320.0,Cash on Delivery
ORD-13134,2024-09-24,CUST-1144,Shweta Mishra 144,Office Supplies,Paper,Premium Hardbound Notebook,South,Bangalore,2,765.0,0.15,405.0,Net Banking
ORD-13135,2025-06-30,CUST-1034,Divya Agarwal 34,Technology,Accessories,Wireless Mouse,North,Chandigarh,2,1520.0,0.05,720.0,UPI
ORD-13136,2025-04-04,CUST-1158,Karan Joshi 158,Office Supplies,Storage,Heavy Duty Arch File Box,East,Kolkata,5,2600.0,0.2,850.0,Cash on Delivery
ORD-13137,2024-12-07,CUST-1040,Aarti Kapoor 40,Furniture,Tables,Wooden Conference Table,North,Jaipur,1,22500.0,0.1,1500.0,Net Banking
ORD-13138,2024-09-20,CUST-1031,Siddharth Jain 31,Technology,Monitors,27-inch 4K Monitor,West,Pune,5,104500.0,0.05,19500.0,Net Banking
ORD-13139,2025-11-07,CUST-1218,Ananya Roy 218,Office Supplies,Paper,Premium Hardbound Notebook,North,Delhi,1,315.0,0.3,135.0,Net Banking
ORD-13140,2024-07-20,CUST-1165,Deepak Rao 165,Technology,Monitors,27-inch 4K Monitor,North,Chandigarh,10,187000.0,0.15,17000.0,UPI
ORD-13141,2024-08-19,CUST-1108,Aditya Bose 108,Technology,Accessories,USB-C Multi-Port Hub,Central,Nagpur,1,1800.0,0.0,900.0,Credit Card
ORD-13142,2025-12-24,CUST-1214,Aarti Kapoor 214,Apparel,Footwear,Leather Oxford Shoes,Central,Nagpur,1,3040.0,0.05,1340.0,Cash on Delivery
ORD-13143,2025-05-10,CUST-1050,Suresh Nair 50,Furniture,Chairs,Ergonomic Office Chair,East,Kolkata,1,8500.0,0.0,2500.0,Debit Card
ORD-13144,2024-11-10,CUST-1141,Nisha Bhat 141,Technology,Accessories,Wireless Mouse,West,Surat,1,560.0,0.3,160.0,Cash on Delivery
ORD-13145,2025-03-01,CUST-1222,Preeti Pandey 222,Technology,Phones,Bluetooth Wireless Earbuds,South,Hyderabad,8,20000.0,0.0,10400.0,Net Banking
ORD-13146,2025-02-27,CUST-1083,Neha Gupta 83,Technology,Accessories,USB-C Multi-Port Hub,Central,Bhopal,3,5400.0,0.0,2700.0,Cash on Delivery
ORD-13147,2024-12-08,CUST-1247,Pooja Verma 247,Technology,Monitors,27-inch 4K Monitor,Central,Nagpur,1,19800.0,0.1,2800.0,Debit Card
ORD-13148,2025-01-27,CUST-1050,Suresh Nair 50,Furniture,Tables,Adjustable Standing Desk,North,Noida,3,32400.0,0.4,-9600.0,Debit Card
ORD-13149,2025-06-05,CUST-1001,Shweta Mishra,Office Supplies,Paper,A4 Multipurpose Copy Paper (Pack of 5),West,Mumbai,3,3600.0,0.0,1500.0,Debit Card
ORD-13150,2025-04-07,CUST-1067,Kavita Das 67,Furniture,Tables,Adjustable Standing Desk,Central,Indore,2,34200.0,0.05,6200.0,Cash on Delivery
ORD-13151,2025-11-02,CUST-1166,Neha Gupta 166,Office Supplies,Binders,Heavy-Duty Ring Binder,East,Kolkata,1,280.0,0.0,160.0,Cash on Delivery
ORD-13152,2024-09-08,CUST-1229,Aarti Kapoor 229,Technology,Accessories,Wireless Mouse,West,Ahmedabad,4,3200.0,0.0,1600.0,Cash on Delivery
ORD-13153,2024-10-09,CUST-1195,Abhishek Saxena 195,Furniture,Chairs,Mesh Executive Chair,Central,Nagpur,2,24000.0,0.0,5000.0,UPI
ORD-13154,2025-07-06,CUST-1007,Neha Gupta,Furniture,Chairs,Ergonomic Office Chair,Central,Indore,1,8500.0,0.0,2500.0,UPI
ORD-13155,2024-09-01,CUST-1132,Gaurav Tiwari 132,Office Supplies,Paper,A4 Multipurpose Copy Paper (Pack of 5),Central,Nagpur,1,1080.0,0.1,380.0,UPI
ORD-13156,2025-11-06,CUST-1139,Swati Kulkarni 139,Technology,Accessories,Wireless Mouse,South,Kochi,1,400.0,0.5,0.0,Debit Card
ORD-13157,2024-04-02,CUST-1249,Priya Patel 249,Office Supplies,Paper,Premium Hardbound Notebook,West,Surat,3,1282.5,0.05,742.5,Credit Card
ORD-13158,2024-08-30,CUST-1088,Neha Gupta 88,Office Supplies,Storage,Heavy Duty Arch File Box,South,Chennai,1,617.5,0.05,267.5,Cash on Delivery
ORD-13159,2025-04-24,CUST-1077,Swati Kulkarni 77,Furniture,Tables,Adjustable Standing Desk,North,Noida,4,72000.0,0.0,16000.0,Net Banking
ORD-13160,2025-05-14,CUST-1011,Abhishek Saxena,Apparel,Corporate Wear,Cotton Formal Shirt,Central,Nagpur,2,3000.0,0.0,1500.0,Cash on Delivery
ORD-13161,2024-06-21,CUST-1011,Abhishek Saxena,Technology,Phones,Smartphone Pro Max,Central,Nagpur,2,54000.0,0.4,-18000.0,Debit Card
ORD-13162,2024-08-15,CUST-1021,Rohan Mehta,Technology,Accessories,USB-C Multi-Port Hub,South,Chennai,3,4320.0,0.2,1620.0,UPI
ORD-13163,2024-04-08,CUST-1086,Amit Kumar 86,Apparel,Corporate Wear,Tailored Blazer,West,Ahmedabad,2,8160.0,0.15,2960.0,Credit Card
ORD-13164,2025-02-12,CUST-1062,Ravi Pillai 62,Technology,Monitors,27-inch 4K Monitor,North,Delhi,2,35200.0,0.2,1200.0,UPI
ORD-13165,2024-10-29,CUST-1205,Manish Malhotra 205,Technology,Monitors,27-inch 4K Monitor,South,Bangalore,1,11000.0,0.5,-6000.0,Net Banking
ORD-13166,2025-11-09,CUST-1094,Shweta Mishra 94,Furniture,Tables,Adjustable Standing Desk,West,Surat,3,54000.0,0.0,12000.0,Cash on Delivery
ORD-13167,2025-11-26,CUST-1198,Aarti Kapoor 198,Technology,Phones,Bluetooth Wireless Earbuds,South,Bangalore,1,2500.0,0.0,1300.0,Debit Card
ORD-13168,2025-02-03,CUST-1191,Rahul Sharma 191,Technology,Accessories,USB-C Multi-Port Hub,Central,Nagpur,1,1710.0,0.05,810.0,Cash on Delivery
ORD-13169,2024-10-05,CUST-1203,Ananya Roy 203,Office Supplies,Binders,Heavy-Duty Ring Binder,East,Guwahati,1,224.0,0.2,104.0,Credit Card
ORD-13170,2024-09-11,CUST-1084,Aarti Kapoor 84,Apparel,Footwear,Leather Oxford Shoes,East,Kolkata,1,3200.0,0.0,1500.0,Credit Card
ORD-13171,2025-01-28,CUST-1019,Rahul Sharma,Apparel,Corporate Wear,Tailored Blazer,West,Mumbai,1,3360.0,0.3,760.0,Cash on Delivery
ORD-13172,2025-04-04,CUST-1002,Ananya Roy,Furniture,Chairs,Ergonomic Office Chair,East,Guwahati,1,8500.0,0.0,2500.0,Net Banking
ORD-13173,2024-08-30,CUST-1011,Abhishek Saxena,Office Supplies,Paper,Premium Hardbound Notebook,East,Bhubaneswar,1,450.0,0.0,270.0,Debit Card
ORD-13174,2024-02-15,CUST-1034,Divya Agarwal 34,Apparel,Corporate Wear,Cotton Formal Shirt,North,Chandigarh,1,1500.0,0.0,750.0,Cash on Delivery
ORD-13175,2025-07-12,CUST-1151,Vikas Singh 151,Technology,Phones,Smartphone Pro Max,North,Lucknow,2,45000.0,0.5,-27000.0,UPI
ORD-13176,2024-06-17,CUST-1016,Swati Kulkarni,Furniture,Chairs,Mesh Executive Chair,North,Lucknow,1,12000.0,0.0,2500.0,Cash on Delivery
ORD-13177,2024-09-25,CUST-1087,Alok Deshmukh 87,Technology,Monitors,27-inch 4K Monitor,South,Kochi,3,33000.0,0.5,-18000.0,Net Banking
ORD-13178,2025-12-13,CUST-1060,Gaurav Tiwari 60,Technology,Phones,Smartphone Pro Max,Central,Nagpur,3,108000.0,0.2,0.0,UPI
ORD-13179,2024-02-20,CUST-1160,Swati Kulkarni 160,Apparel,Corporate Wear,Tailored Blazer,East,Kolkata,1,3360.0,0.3,760.0,Debit Card
ORD-13180,2025-05-19,CUST-1240,Rahul Sharma 240,Furniture,Tables,Wooden Conference Table,West,Ahmedabad,3,37500.0,0.5,-25500.0,Credit Card
ORD-13181,2024-02-14,CUST-1082,Abhishek Saxena 82,Furniture,Tables,Wooden Conference Table,Central,Nagpur,1,22500.0,0.1,1500.0,Debit Card
ORD-13182,2024-08-18,CUST-1132,Gaurav Tiwari 132,Technology,Accessories,USB-C Multi-Port Hub,North,Noida,1,1080.0,0.4,180.0,UPI
ORD-13183,2025-07-15,CUST-1153,Vikas Singh 153,Office Supplies,Paper,Premium Hardbound Notebook,West,Ahmedabad,2,810.0,0.1,450.0,Debit Card
ORD-13184,2024-12-04,CUST-1104,Bhavna Shah 104,Technology,Monitors,27-inch 4K Monitor,South,Hyderabad,1,15400.0,0.3,-1600.0,Cash on Delivery
ORD-13185,2025-05-21,CUST-1014,Siddharth Jain,Furniture,Bookcases,5-Tier Wooden Bookshelf,East,Guwahati,1,5200.0,0.2,0.0,UPI
ORD-13186,2025-03-06,CUST-1216,Meera Sen 216,Technology,Phones,Bluetooth Wireless Earbuds,West,Surat,1,2500.0,0.0,1300.0,Debit Card
ORD-13187,2025-04-04,CUST-1222,Preeti Pandey 222,Technology,Phones,Bluetooth Wireless Earbuds,East,Guwahati,1,2375.0,0.05,1175.0,Debit Card
ORD-13188,2024-03-05,CUST-1094,Shweta Mishra 94,Apparel,Corporate Wear,Cotton Formal Shirt,West,Mumbai,1,1425.0,0.05,675.0,UPI
ORD-13189,2024-03-10,CUST-1113,Neha Gupta 113,Furniture,Chairs,Mesh Executive Chair,North,Chandigarh,2,24000.0,0.0,5000.0,Debit Card
ORD-13190,2025-03-09,CUST-1014,Siddharth Jain,Office Supplies,Paper,A4 Multipurpose Copy Paper (Pack of 5),Central,Indore,2,2040.0,0.15,640.0,Credit Card
ORD-13191,2024-07-02,CUST-1066,Bhavna Shah 66,Furniture,Tables,Wooden Conference Table,North,Lucknow,1,21250.0,0.15,250.0,Debit Card
ORD-13192,2025-03-28,CUST-1146,Kavita Das 146,Furniture,Tables,Adjustable Standing Desk,North,Chandigarh,5,76500.0,0.15,6500.0,Credit Card
ORD-13193,2024-04-09,CUST-1175,Vikas Singh 175,Furniture,Bookcases,5-Tier Wooden Bookshelf,East,Kolkata,1,4550.0,0.3,-650.0,UPI
ORD-13194,2025-08-09,CUST-1239,Rajesh Iyer 239,Technology,Accessories,USB-C Multi-Port Hub,Central,Nagpur,2,2880.0,0.2,1080.0,Net Banking
ORD-13195,2024-11-03,CUST-1104,Bhavna Shah 104,Apparel,Footwear,Leather Oxford Shoes,South,Kochi,1,3200.0,0.0,1500.0,Cash on Delivery
ORD-13196,2024-08-28,CUST-1050,Suresh Nair 50,Furniture,Bookcases,5-Tier Wooden Bookshelf,Central,Indore,1,3900.0,0.4,-1300.0,Net Banking
ORD-13197,2025-02-09,CUST-1141,Nisha Bhat 141,Technology,Accessories,Wireless Mouse,West,Surat,1,800.0,0.0,400.0,Credit Card
ORD-13198,2025-12-11,CUST-1122,Neha Gupta 122,Technology,Accessories,USB-C Multi-Port Hub,Central,Indore,1,1800.0,0.0,900.0,UPI
ORD-13199,2025-07-31,CUST-1048,Rohan Mehta 48,Technology,Monitors,27-inch 4K Monitor,North,Noida,1,15400.0,0.3,-1600.0,Credit Card
ORD-13200,2024-08-10,CUST-1049,,Technology,Phones,Bluetooth Wireless Earbuds,Central,Nagpur,2,5000.0,0.0,2600.0,Credit Card
ORD-13201,2025-08-02,CUST-1221,Pooja Verma 221,Office Supplies,Paper,Premium Hardbound Notebook,West,Ahmedabad,1,270.0,0.4,90.0,Credit Card
ORD-13202,2024-10-27,CUST-1102,Karan Joshi 102,Office Supplies,Art,Highlighter & Marker Set,East,Bhubaneswar,1,245.0,0.3,95.0,Net Banking
ORD-13203,2024-08-30,CUST-1160,Swati Kulkarni 160,Technology,Monitors,27-inch 4K Monitor,South,Hyderabad,2,44000.0,0.0,10000.0,Credit Card
ORD-13204,2024-09-01,CUST-1176,Shweta Mishra 176,Technology,Monitors,27-inch 4K Monitor,North,Noida,1,22000.0,0.0,5000.0,UPI
ORD-13205,2025-03-09,CUST-1158,Karan Joshi 158,Furniture,Chairs,Ergonomic Office Chair,South,Chennai,2,15300.0,0.1,3300.0,Credit Card
ORD-13206,2024-08-05,CUST-1247,Pooja Verma 247,Furniture,Tables,Wooden Conference Table,East,Kolkata,2,30000.0,0.4,-12000.0,Credit Card
ORD-13207,2025-09-14,CUST-1003,Rahul Sharma,Office Supplies,Binders,Heavy-Duty Ring Binder,West,Ahmedabad,4,952.0,0.15,472.0,Debit Card
ORD-13208,2025-11-02,CUST-1235,Bhavna Shah 235,Office Supplies,Art,Highlighter & Marker Set,West,Surat,2,350.0,0.5,50.0,Cash on Delivery
ORD-13209,2024-03-12,CUST-1052,Amit Kumar 52,Apparel,Corporate Wear,Tailored Blazer,South,Bangalore,1,3840.0,0.2,1240.0,Debit Card
ORD-13210,2024-09-08,CUST-1055,Deepak Rao 55,Technology,Phones,Bluetooth Wireless Earbuds,South,Kochi,10,25000.0,0.0,13000.0,Credit Card
ORD-13211,2025-05-19,CUST-1116,Kavita Das 116,Office Supplies,Art,Highlighter & Marker Set,East,Bhubaneswar,1,350.0,0.0,200.0,Net Banking
ORD-13212,2025-06-02,CUST-1180,Manish Malhotra 180,Technology,Accessories,Mechanical Keyboard,East,Guwahati,4,9800.0,0.3,1800.0,UPI
ORD-13213,2025-03-29,CUST-1001,Shweta Mishra,Furniture,Chairs,Ergonomic Office Chair,Central,Indore,1,6800.0,0.2,800.0,UPI
ORD-13214,2024-12-09,CUST-1044,Manish Malhotra 44,Apparel,Corporate Wear,Cotton Formal Shirt,West,Pune,2,3000.0,0.0,1500.0,UPI
ORD-13215,2025-10-17,CUST-1182,Amit Kumar 182,Furniture,Tables,Wooden Conference Table,North,Lucknow,4,90000.0,0.1,6000.0,UPI
ORD-13216,2025-11-22,CUST-1112,Ravi Pillai 112,Office Supplies,Binders,Heavy-Duty Ring Binder,West,Pune,1,224.0,0.2,104.0,Credit Card
ORD-13217,2025-01-15,CUST-1146,Kavita Das 146,Technology,Accessories,Wireless Mouse,East,Bhubaneswar,1,800.0,0.0,400.0,Credit Card
ORD-13218,2025-12-24,CUST-1207,Divya Agarwal 207,Apparel,Corporate Wear,Cotton Formal Shirt,West,Surat,4,5400.0,0.1,2400.0,Net Banking
ORD-13219,2024-03-13,CUST-1073,Aditya Bose 73,Apparel,Footwear,Leather Oxford Shoes,East,Patna,1,2240.0,0.3,540.0,Cash on Delivery
ORD-13220,2024-08-01,CUST-1027,Rohan Mehta,Apparel,Corporate Wear,Cotton Formal Shirt,South,Kochi,3,2700.0,0.4,450.0,Debit Card
ORD-13221,2025-09-04,CUST-1203,Ananya Roy 203,Technology,Accessories,USB-C Multi-Port Hub,West,Surat,1,900.0,0.5,0.0,Debit Card
ORD-13222,2024-11-20,CUST-1180,Manish Malhotra 180,Furniture,Chairs,Ergonomic Office Chair,South,Kochi,3,20400.0,0.2,2400.0,Debit Card
ORD-13223,2024-08-09,CUST-1033,Neha Gupta 33,Technology,Phones,Bluetooth Wireless Earbuds,South,Hyderabad,4,10000.0,0.0,5200.0,Credit Card
ORD-13224,2024-04-13,CUST-1041,Gaurav Tiwari 41,Apparel,Corporate Wear,Tailored Blazer,Central,Nagpur,5,14400.0,0.4,1400.0,UPI
ORD-13225,2025-11-07,CUST-1027,Rohan Mehta,Furniture,Bookcases,5-Tier Wooden Bookshelf,Central,Indore,2,11050.0,0.15,650.0,Credit Card
ORD-13226,2024-09-14,CUST-1005,Karan Joshi,Technology,Accessories,Wireless Mouse,North,Lucknow,2,1280.0,0.2,480.0,Credit Card
ORD-13227,2024-05-20,CUST-1233,Bhavna Shah 233,Furniture,Chairs,Ergonomic Office Chair,Central,Nagpur,3,22950.0,0.1,4950.0,Net Banking
ORD-13228,2024-12-06,CUST-1088,Neha Gupta 88,Office Supplies,Paper,Premium Hardbound Notebook,East,Guwahati,1,270.0,0.4,90.0,Cash on Delivery
ORD-13229,2025-06-22,CUST-1037,Gaurav Tiwari 37,Technology,Phones,Bluetooth Wireless Earbuds,South,Kochi,2,3000.0,0.4,600.0,Net Banking
ORD-13230,2024-02-29,CUST-1085,Pooja Verma 85,Apparel,Corporate Wear,Tailored Blazer,West,Mumbai,1,4800.0,0.0,2200.0,Net Banking
ORD-13231,2025-12-07,CUST-1179,Abhishek Saxena 179,Furniture,Tables,Adjustable Standing Desk,Central,Nagpur,1,16200.0,0.1,2200.0,Net Banking
ORD-13232,2025-08-11,CUST-1154,Neha Gupta 154,Apparel,Corporate Wear,Tailored Blazer,West,Surat,1,4080.0,0.15,1480.0,Cash on Delivery
ORD-13233,2025-03-14,CUST-1176,Shweta Mishra 176,Office Supplies,Art,Highlighter & Marker Set,Central,Indore,2,560.0,0.2,260.0,Credit Card
ORD-13234,2025-11-25,CUST-1249,Priya Patel 249,Technology,Accessories,Wireless Mouse,Central,Indore,1,640.0,0.2,240.0,UPI
ORD-13235,2024-02-21,CUST-1215,Sneha Reddy 215,Apparel,Corporate Wear,Tailored Blazer,North,Noida,4,15360.0,0.2,4960.0,UPI
ORD-13236,2025-01-28,CUST-1103,Nisha Bhat 103,Technology,Phones,Bluetooth Wireless Earbuds,North,Delhi,1,2125.0,0.15,925.0,Debit Card
ORD-13237,2025-04-05,CUST-1176,Shweta Mishra 176,Apparel,Corporate Wear,Cotton Formal Shirt,East,Patna,1,900.0,0.4,150.0,Net Banking
ORD-13238,2024-11-16,CUST-1091,Kavita Das 91,Technology,Phones,Smartphone Pro Max,South,Hyderabad,2,81000.0,0.1,9000.0,UPI
ORD-13239,2024-01-08,CUST-1014,Siddharth Jain,Office Supplies,Paper,Premium Hardbound Notebook,Central,Indore,1,360.0,0.2,180.0,Cash on Delivery
ORD-13240,2024-05-15,CUST-1075,Alok Deshmukh 75,Technology,Accessories,Mechanical Keyboard,West,Mumbai,1,2975.0,0.15,975.0,Debit Card
ORD-13241,2024-10-09,CUST-1221,Pooja Verma 221,Furniture,Tables,Wooden Conference Table,West,Mumbai,3,37500.0,0.5,-25500.0,Cash on Delivery
ORD-13242,2025-04-28,CUST-1239,Rajesh Iyer 239,Furniture,Tables,Wooden Conference Table,North,Lucknow,3,71250.0,0.05,8250.0,Credit Card
ORD-13243,2025-06-25,CUST-1105,Abhishek Saxena 105,Apparel,Corporate Wear,Tailored Blazer,East,Kolkata,2,9120.0,0.05,3920.0,Debit Card
ORD-13244,2025-04-26,CUST-1223,Shweta Mishra 223,Technology,Accessories,Mechanical Keyboard,North,Chandigarh,1,3325.0,0.05,1325.0,Net Banking
ORD-13245,2024-07-17,CUST-1012,Ravi Pillai,Furniture,Tables,Wooden Conference Table,West,Pune,4,60000.0,0.4,-24000.0,Net Banking
ORD-13246,2024-03-03,CUST-1045,Suresh Nair 45,Technology,Accessories,Mechanical Keyboard,West,Mumbai,2,4200.0,0.4,200.0,Credit Card
ORD-13247,2024-02-01,CUST-1156,Siddharth Jain 156,Furniture,Tables,Adjustable Standing Desk,North,Lucknow,1,9000.0,0.5,-5000.0,UPI
ORD-13248,2025-08-20,CUST-1198,Aarti Kapoor 198,Office Supplies,Storage,Heavy Duty Arch File Box,North,Noida,2,910.0,0.3,210.0,Cash on Delivery
ORD-13249,2025-05-13,CUST-1035,Swati Kulkarni 35,Furniture,Tables,Adjustable Standing Desk,West,Pune,2,36000.0,0.0,8000.0,Credit Card
ORD-13250,2025-01-06,CUST-1100,Rohan Mehta 100,Furniture,Tables,Adjustable Standing Desk,Central,Bhopal,1,18000.0,0.0,4000.0,Net Banking
ORD-13251,2024-07-28,CUST-1091,Kavita Das 91,Office Supplies,Paper,Premium Hardbound Notebook,East,Patna,8,3600.0,0.0,2160.0,Cash on Delivery
ORD-13252,2024-11-25,CUST-1164,Kavita Das 164,Furniture,Chairs,Mesh Executive Chair,Central,Indore,2,20400.0,0.15,1400.0,Cash on Delivery
ORD-13253,2025-10-05,CUST-1012,Ravi Pillai,Technology,Phones,Bluetooth Wireless Earbuds,East,Kolkata,1,1250.0,0.5,50.0,Debit Card
ORD-13254,2024-10-26,CUST-1060,Gaurav Tiwari 60,Technology,Accessories,USB-C Multi-Port Hub,West,Pune,1,1620.0,0.1,720.0,Cash on Delivery
ORD-13255,2024-01-18,CUST-1120,Nisha Bhat 120,Furniture,Chairs,Ergonomic Office Chair,West,Pune,1,8500.0,0.0,2500.0,Cash on Delivery
ORD-13256,2025-03-26,CUST-1171,Aarti Kapoor 171,Office Supplies,Art,Highlighter & Marker Set,East,Patna,2,490.0,0.3,190.0,Debit Card
ORD-13257,2025-09-16,CUST-1094,Shweta Mishra 94,Technology,Phones,Smartphone Pro Max,West,Mumbai,2,72000.0,0.2,0.0,Debit Card
ORD-13258,2025-12-04,CUST-1041,Gaurav Tiwari 41,Furniture,Chairs,Ergonomic Office Chair,North,Noida,2,17000.0,0.0,5000.0,Cash on Delivery
ORD-13259,2024-11-23,CUST-1134,Kavita Das 134,Office Supplies,Paper,Premium Hardbound Notebook,Central,Indore,1,360.0,0.2,180.0,Credit Card
ORD-13260,2024-09-07,CUST-1166,Neha Gupta 166,Furniture,Chairs,Mesh Executive Chair,South,Kochi,1,10200.0,0.15,700.0,Cash on Delivery
ORD-13261,2025-01-20,CUST-1184,Kavita Das 184,Furniture,Tables,Adjustable Standing Desk,South,Kochi,1,12600.0,0.3,-1400.0,Debit Card
ORD-13262,2025-06-12,CUST-1054,Ananya Roy 54,Technology,Phones,Smartphone Pro Max,East,Bhubaneswar,2,72000.0,0.2,0.0,Net Banking
ORD-13263,2024-07-05,CUST-1216,Meera Sen 216,Apparel,Footwear,Leather Oxford Shoes,South,Bangalore,1,1920.0,0.4,220.0,UPI
ORD-13264,2025-04-24,CUST-1139,Swati Kulkarni 139,Apparel,Corporate Wear,Cotton Formal Shirt,South,Hyderabad,3,3600.0,0.2,1350.0,Debit Card
ORD-13265,2024-12-14,CUST-1107,Amit Kumar 107,Apparel,Corporate Wear,Tailored Blazer,Central,Bhopal,5,24000.0,0.0,11000.0,Credit Card
ORD-13266,2024-05-16,CUST-1118,Bhavna Shah 118,Technology,Phones,Bluetooth Wireless Earbuds,South,Kochi,1,1250.0,0.5,50.0,Cash on Delivery
ORD-13267,2025-08-16,CUST-1007,Neha Gupta,Technology,Phones,Bluetooth Wireless Earbuds,South,Chennai,2,2500.0,0.5,100.0,UPI
ORD-13268,2024-02-06,CUST-1182,Amit Kumar 182,Office Supplies,Storage,Heavy Duty Arch File Box,West,Ahmedabad,4,1560.0,0.4,160.0,Net Banking
ORD-13269,2024-02-26,CUST-1172,Priya Patel 172,Apparel,Corporate Wear,Tailored Blazer,West,Surat,8,19200.0,0.5,-1600.0,Debit Card
ORD-13270,2025-12-26,CUST-1114,Sneha Reddy 114,Office Supplies,Storage,Heavy Duty Arch File Box,East,Patna,1,325.0,0.5,-25.0,Cash on Delivery
ORD-13271,2024-03-20,CUST-1210,Tarun Choudhury 210,Apparel,Corporate Wear,Tailored Blazer,Central,Nagpur,2,6720.0,0.3,1520.0,Credit Card
ORD-13272,2025-04-18,CUST-1132,Gaurav Tiwari 132,Technology,Accessories,USB-C Multi-Port Hub,West,Mumbai,1,900.0,0.5,0.0,UPI
ORD-13273,2025-07-25,CUST-1149,Shweta Mishra 149,Furniture,Tables,Wooden Conference Table,West,Surat,1,15000.0,0.4,-6000.0,Credit Card
ORD-13274,2025-06-01,CUST-1068,Amit Kumar 68,Apparel,Corporate Wear,Tailored Blazer,Central,Indore,1,2880.0,0.4,280.0,UPI
ORD-13275,2024-06-08,CUST-1246,Gaurav Tiwari 246,Technology,Accessories,Wireless Mouse,East,Guwahati,1,760.0,0.05,360.0,Cash on Delivery
ORD-13276,2025-02-12,CUST-1175,Vikas Singh 175,Technology,Phones,Smartphone Pro Max,South,Bangalore,5,112500.0,0.5,-67500.0,UPI
ORD-13277,2025-10-09,CUST-1189,Siddharth Jain 189,Technology,Accessories,USB-C Multi-Port Hub,Central,Nagpur,1,900.0,0.5,0.0,Cash on Delivery
ORD-13278,2025-06-19,CUST-1165,Deepak Rao 165,Office Supplies,Paper,Premium Hardbound Notebook,North,Noida,3,1350.0,0.0,810.0,Net Banking
ORD-13279,2024-01-08,CUST-1235,Bhavna Shah 235,Office Supplies,Paper,Premium Hardbound Notebook,East,Kolkata,4,1800.0,0.0,1080.0,Net Banking
ORD-13280,2025-08-23,CUST-1034,Divya Agarwal 34,Furniture,Chairs,Mesh Executive Chair,East,Bhubaneswar,2,24000.0,0.0,5000.0,Net Banking
ORD-13281,2025-07-20,CUST-1156,Siddharth Jain 156,Furniture,Chairs,Mesh Executive Chair,South,Hyderabad,4,28800.0,0.4,-9200.0,Net Banking
ORD-13282,2025-11-02,CUST-1063,Divya Agarwal 63,Furniture,Bookcases,5-Tier Wooden Bookshelf,North,Chandigarh,2,9100.0,0.3,-1300.0,Cash on Delivery
ORD-13283,2025-09-20,CUST-1106,Shweta Mishra 106,Apparel,Corporate Wear,Cotton Formal Shirt,South,Chennai,1,1050.0,0.3,300.0,UPI
ORD-13284,2025-05-13,CUST-1114,Sneha Reddy 114,Furniture,Chairs,Mesh Executive Chair,North,Lucknow,3,34200.0,0.05,5700.0,UPI
ORD-13285,2024-12-02,CUST-1175,Vikas Singh 175,Furniture,Bookcases,5-Tier Wooden Bookshelf,East,Kolkata,1,6500.0,0.0,1300.0,Cash on Delivery
ORD-13286,2025-05-04,CUST-1159,Ravi Pillai 159,Furniture,Chairs,Mesh Executive Chair,Central,Indore,3,32400.0,0.1,3900.0,Debit Card
ORD-13287,2024-02-15,CUST-1080,Amit Kumar 80,Office Supplies,Paper,A4 Multipurpose Copy Paper (Pack of 5),Central,Nagpur,1,1200.0,0.0,500.0,Debit Card
ORD-13288,2024-03-06,CUST-1079,Nisha Bhat 79,Office Supplies,Binders,Heavy-Duty Ring Binder,North,Delhi,3,798.0,0.05,438.0,Debit Card
ORD-13289,2024-02-20,CUST-1051,Ananya Roy 51,Office Supplies,Paper,Premium Hardbound Notebook,Central,Indore,1,360.0,0.2,180.0,Cash on Delivery
ORD-13290,2025-09-08,CUST-1020,Amit Kumar,Technology,Accessories,Mechanical Keyboard,Central,Nagpur,1,2450.0,0.3,450.0,Cash on Delivery
ORD-13291,2025-04-02,CUST-1138,Bhavna Shah 138,Technology,Accessories,Mechanical Keyboard,South,Chennai,2,6300.0,0.1,2300.0,Debit Card
ORD-13292,2024-12-31,CUST-1075,Alok Deshmukh 75,Furniture,Tables,Adjustable Standing Desk,East,Guwahati,2,32400.0,0.1,4400.0,UPI
ORD-13293,2024-08-25,CUST-1210,Tarun Choudhury 210,Office Supplies,Storage,Heavy Duty Arch File Box,East,Patna,3,1950.0,0.0,900.0,Net Banking
ORD-13294,2024-08-11,CUST-1241,Ananya Roy 241,Technology,Phones,Bluetooth Wireless Earbuds,Central,Indore,2,3500.0,0.3,1100.0,Cash on Delivery
ORD-13295,2025-10-12,CUST-1150,Divya Agarwal 150,Office Supplies,Binders,Heavy-Duty Ring Binder,West,Surat,3,840.0,0.0,480.0,Cash on Delivery
ORD-13296,2025-12-21,CUST-1170,Amit Kumar 170,Office Supplies,Art,Highlighter & Marker Set,South,Bangalore,2,420.0,0.4,120.0,Credit Card
ORD-13297,2025-12-27,CUST-1023,Meera Sen,Furniture,Bookcases,5-Tier Wooden Bookshelf,Central,Indore,4,23400.0,0.1,2600.0,Credit Card
ORD-13298,2024-08-20,CUST-1059,Karan Joshi 59,Technology,Monitors,27-inch 4K Monitor,West,Mumbai,1,18700.0,0.15,1700.0,UPI
ORD-13299,2025-07-17,CUST-1089,Alok Deshmukh 89,Furniture,Tables,Adjustable Standing Desk,Central,Bhopal,2,28800.0,0.2,800.0,UPI
ORD-13300,2025-04-22,CUST-1234,Meera Sen 234,Furniture,Chairs,Ergonomic Office Chair,West,Ahmedabad,3,17850.0,0.3,-150.0,Debit Card
ORD-13301,2025-02-02,CUST-1046,Karan Joshi 46,Technology,Phones,Smartphone Pro Max,West,Ahmedabad,2,90000.0,0.0,18000.0,Net Banking
ORD-13302,2024-10-01,CUST-1237,Aditya Bose 237,Technology,Phones,Smartphone Pro Max,East,Kolkata,1,38250.0,0.15,2250.0,UPI
ORD-13303,2024-06-14,CUST-1230,Sneha Reddy 230,Technology,Monitors,27-inch 4K Monitor,North,Noida,2,35200.0,0.2,1200.0,Cash on Delivery
ORD-13304,2025-07-19,CUST-1019,Rahul Sharma,Furniture,Tables,Wooden Conference Table,North,Lucknow,3,67500.0,0.1,4500.0,Debit Card
ORD-13305,2025-11-14,CUST-1179,Abhishek Saxena 179,Technology,Accessories,Mechanical Keyboard,Central,Indore,3,9975.0,0.05,3975.0,Net Banking
ORD-13306,2025-04-05,CUST-1074,Tarun Choudhury 74,Technology,Accessories,Wireless Mouse,South,Chennai,2,1440.0,0.1,640.0,Credit Card
ORD-13307,2024-07-25,CUST-1198,Aarti Kapoor 198,Technology,Accessories,Wireless Mouse,South,Kochi,5,3400.0,0.15,1400.0,UPI
ORD-13308,2025-08-11,CUST-1186,Divya Agarwal 186,Apparel,Footwear,Leather Oxford Shoes,East,Bhubaneswar,1,3040.0,0.05,1340.0,Net Banking
ORD-13309,2025-01-21,CUST-1116,Kavita Das 116,Office Supplies,Art,Highlighter & Marker Set,North,Noida,3,840.0,0.2,390.0,Net Banking
ORD-13310,2025-03-21,CUST-1244,Tarun Choudhury 244,Technology,Accessories,USB-C Multi-Port Hub,North,Lucknow,10,14400.0,0.2,5400.0,Credit Card
ORD-13311,2024-10-05,CUST-1204,Pooja Verma 204,Technology,Phones,Bluetooth Wireless Earbuds,South,Chennai,1,1250.0,0.5,50.0,Cash on Delivery
ORD-13312,2024-02-10,CUST-1019,Rahul Sharma,Furniture,Chairs,Ergonomic Office Chair,East,Guwahati,2,13600.0,0.2,1600.0,Net Banking
ORD-13313,2025-01-01,CUST-1159,Ravi Pillai 159,Technology,Accessories,Wireless Mouse,North,Chandigarh,4,1600.0,0.5,0.0,UPI
ORD-13314,2024-11-09,CUST-1209,Ravi Pillai 209,Office Supplies,Paper,Premium Hardbound Notebook,North,Jaipur,1,225.0,0.5,45.0,Credit Card
ORD-13315,2024-08-04,CUST-1063,Divya Agarwal 63,Office Supplies,Paper,A4 Multipurpose Copy Paper (Pack of 5),North,Chandigarh,1,960.0,0.2,260.0,Debit Card
ORD-13316,2025-03-20,CUST-1226,Rohan Mehta 226,Furniture,Tables,Wooden Conference Table,South,Kochi,3,75000.0,0.0,12000.0,Cash on Delivery
ORD-13317,2025-01-27,CUST-1064,Siddharth Jain 64,Office Supplies,Binders,Heavy-Duty Ring Binder,South,Kochi,1,140.0,0.5,20.0,Cash on Delivery
ORD-13318,2024-12-31,CUST-1165,Deepak Rao 165,Office Supplies,Paper,Premium Hardbound Notebook,Central,Nagpur,1,225.0,0.5,45.0,Credit Card
ORD-13319,2025-12-15,CUST-1097,Sneha Reddy 97,Furniture,Tables,Adjustable Standing Desk,North,Jaipur,2,36000.0,0.0,8000.0,Credit Card
ORD-13320,2025-07-14,CUST-1083,Neha Gupta 83,Technology,Accessories,Wireless Mouse,South,Hyderabad,1,760.0,0.05,360.0,Debit Card
ORD-13321,2024-10-22,CUST-1066,Bhavna Shah 66,Apparel,Corporate Wear,Tailored Blazer,East,Guwahati,1,2880.0,0.4,280.0,Cash on Delivery
ORD-13322,2024-08-22,CUST-1147,Tarun Choudhury 147,Technology,Accessories,Wireless Mouse,West,Surat,3,2280.0,0.05,1080.0,UPI
ORD-13323,2024-09-15,CUST-1237,Aditya Bose 237,Office Supplies,Paper,A4 Multipurpose Copy Paper (Pack of 5),West,Surat,3,3600.0,0.0,1500.0,Debit Card
ORD-13324,2025-12-04,CUST-1149,Shweta Mishra 149,Furniture,Chairs,Ergonomic Office Chair,South,Hyderabad,1,7650.0,0.1,1650.0,Cash on Delivery
ORD-13325,2025-04-13,CUST-1135,Karan Joshi 135,Apparel,Corporate Wear,Cotton Formal Shirt,East,Patna,1,1500.0,0.0,750.0,UPI
ORD-13326,2024-11-10,CUST-1063,Divya Agarwal 63,Office Supplies,Art,Highlighter & Marker Set,East,Guwahati,1,210.0,0.4,60.0,Credit Card
ORD-13327,2024-02-23,CUST-1179,Abhishek Saxena 179,Apparel,Corporate Wear,Cotton Formal Shirt,West,Mumbai,1,900.0,0.4,150.0,Net Banking
ORD-13328,2024-09-06,CUST-1022,Neha Gupta,Furniture,Tables,Wooden Conference Table,South,Bangalore,1,25000.0,0.0,4000.0,Debit Card
ORD-13329,2024-08-22,CUST-1111,Siddharth Jain 111,Office Supplies,Binders,Heavy-Duty Ring Binder,Central,Indore,1,280.0,0.0,160.0,UPI
ORD-13330,2025-05-12,CUST-1205,Manish Malhotra 205,Apparel,Corporate Wear,Tailored Blazer,North,Noida,2,9600.0,0.0,4400.0,Cash on Delivery
ORD-13331,2025-11-18,CUST-1135,Karan Joshi 135,Furniture,Bookcases,5-Tier Wooden Bookshelf,East,Patna,1,4550.0,0.3,-650.0,UPI
ORD-13332,2025-02-20,CUST-1165,Deepak Rao 165,Apparel,Corporate Wear,Tailored Blazer,North,Lucknow,4,9600.0,0.5,-800.0,Credit Card
ORD-13333,2024-09-07,CUST-1237,Aditya Bose 237,Technology,Accessories,USB-C Multi-Port Hub,West,Ahmedabad,1,1710.0,0.05,810.0,UPI
ORD-13334,2025-02-17,CUST-1009,Ravi Pillai,Technology,Accessories,Mechanical Keyboard,South,Chennai,1,2100.0,0.4,100.0,Net Banking
ORD-13335,2024-12-09,CUST-1177,Sneha Reddy 177,Furniture,Bookcases,5-Tier Wooden Bookshelf,North,Jaipur,4,26000.0,0.0,5200.0,Credit Card
ORD-13336,2024-10-22,CUST-1025,Rahul Sharma,Furniture,Tables,Wooden Conference Table,South,Bangalore,1,17500.0,0.3,-3500.0,UPI
ORD-13337,2024-04-15,CUST-1081,Priya Patel 81,Technology,Accessories,USB-C Multi-Port Hub,West,Ahmedabad,3,2700.0,0.5,0.0,Credit Card
ORD-13338,2024-01-20,CUST-1025,Rahul Sharma,Office Supplies,Paper,Premium Hardbound Notebook,East,Bhubaneswar,1,270.0,0.4,90.0,Credit Card
ORD-13339,2024-05-11,CUST-1035,Swati Kulkarni 35,Technology,Phones,Bluetooth Wireless Earbuds,West,Mumbai,1,2125.0,0.15,925.0,Credit Card
ORD-13340,2025-08-24,CUST-1034,Divya Agarwal 34,Technology,Monitors,27-inch 4K Monitor,South,Bangalore,1,22000.0,0.0,5000.0,UPI
ORD-13341,2024-04-07,CUST-1246,Gaurav Tiwari 246,Technology,Accessories,Mechanical Keyboard,North,Delhi,3,9450.0,0.1,3450.0,Cash on Delivery
ORD-13342,2024-12-04,CUST-1050,Suresh Nair 50,Furniture,Chairs,Mesh Executive Chair,South,Hyderabad,1,9600.0,0.2,100.0,UPI
ORD-13343,2024-08-07,CUST-1041,Gaurav Tiwari 41,Furniture,Chairs,Mesh Executive Chair,Central,Indore,1,9600.0,0.2,100.0,Debit Card
ORD-13344,2024-11-06,CUST-1129,Neha Gupta 129,Office Supplies,Paper,Premium Hardbound Notebook,West,Ahmedabad,2,720.0,0.2,360.0,UPI
ORD-13345,2024-06-26,CUST-1068,Amit Kumar 68,Apparel,Footwear,Leather Oxford Shoes,Central,Indore,1,2880.0,0.1,1180.0,Credit Card
ORD-13346,2024-02-25,CUST-1187,Meera Sen 187,Apparel,Footwear,Leather Oxford Shoes,West,Pune,1,2240.0,0.3,540.0,Net Banking
ORD-13347,2025-10-02,CUST-1211,Ravi Pillai 211,Furniture,Chairs,Mesh Executive Chair,West,Ahmedabad,1,8400.0,0.3,-1100.0,Credit Card
ORD-13348,2024-12-30,CUST-1199,Karan Joshi 199,Technology,Accessories,USB-C Multi-Port Hub,West,Pune,10,14400.0,0.2,5400.0,Debit Card
ORD-13349,2024-12-06,CUST-1017,Manish Malhotra,Furniture,Tables,Adjustable Standing Desk,East,Guwahati,5,76500.0,0.15,6500.0,Credit Card
ORD-13350,2025-10-16,CUST-1159,Ravi Pillai 159,Office Supplies,Storage,Heavy Duty Arch File Box,East,Patna,1,455.0,0.3,105.0,Debit Card
ORD-13351,2024-08-12,CUST-1064,Siddharth Jain 64,Office Supplies,Paper,Premium Hardbound Notebook,Central,Nagpur,1,405.0,0.1,225.0,Net Banking
ORD-13352,2024-10-04,CUST-1101,Abhishek Saxena 101,Office Supplies,Storage,Heavy Duty Arch File Box,West,Pune,1,390.0,0.4,40.0,Cash on Delivery
ORD-13353,2025-12-16,CUST-1238,Suresh Nair 238,Office Supplies,Storage,Heavy Duty Arch File Box,South,Hyderabad,3,1950.0,0.0,900.0,Debit Card
ORD-13354,2024-07-26,CUST-1225,Aditya Bose 225,Office Supplies,Paper,Premium Hardbound Notebook,East,Bhubaneswar,1,382.5,0.15,202.5,Net Banking
ORD-13355,2024-03-24,CUST-1041,Gaurav Tiwari 41,Office Supplies,Art,Highlighter & Marker Set,East,Bhubaneswar,3,630.0,0.4,180.0,Credit Card
ORD-13356,2024-12-10,CUST-1106,Shweta Mishra 106,Apparel,Corporate Wear,Tailored Blazer,West,Surat,1,2400.0,0.5,-200.0,UPI
ORD-13357,2025-02-26,CUST-1201,Shweta Mishra 201,Technology,Phones,Smartphone Pro Max,East,Bhubaneswar,1,31500.0,0.3,-4500.0,Cash on Delivery
ORD-13358,2025-12-25,CUST-1228,Deepak Rao 228,Apparel,Corporate Wear,Tailored Blazer,North,Chandigarh,1,4560.0,0.05,1960.0,Cash on Delivery
ORD-13359,2024-03-26,CUST-1026,Siddharth Jain,Office Supplies,Paper,Premium Hardbound Notebook,Central,Nagpur,1,315.0,0.3,135.0,UPI
ORD-13360,2024-01-30,CUST-1063,Divya Agarwal 63,Technology,Accessories,Wireless Mouse,East,Bhubaneswar,2,1280.0,0.2,480.0,UPI
ORD-13361,2025-04-27,CUST-1177,Sneha Reddy 177,Technology,Monitors,27-inch 4K Monitor,North,Delhi,1,11000.0,0.5,-6000.0,Net Banking
ORD-13362,2025-05-08,CUST-1246,Gaurav Tiwari 246,Apparel,Corporate Wear,Tailored Blazer,North,Noida,4,15360.0,0.2,4960.0,Debit Card
ORD-13363,2025-08-10,CUST-1054,Ananya Roy 54,Technology,Phones,Smartphone Pro Max,South,Bangalore,8,288000.0,0.2,0.0,Credit Card
ORD-13364,2025-08-29,CUST-1197,Siddharth Jain 197,Furniture,Tables,Wooden Conference Table,East,Guwahati,1,22500.0,0.1,1500.0,Credit Card
ORD-13365,2025-08-15,CUST-1213,Meera Sen 213,Technology,Monitors,27-inch 4K Monitor,East,Patna,1,17600.0,0.2,600.0,Credit Card
ORD-13366,2024-07-14,CUST-1154,Neha Gupta 154,Technology,Phones,Smartphone Pro Max,East,Bhubaneswar,3,67500.0,0.5,-40500.0,Cash on Delivery
ORD-13367,2025-10-07,CUST-1003,Rahul Sharma,Furniture,Chairs,Ergonomic Office Chair,East,Patna,2,17000.0,0.0,5000.0,UPI
ORD-13368,2024-07-04,CUST-1165,Deepak Rao 165,Office Supplies,Storage,Heavy Duty Arch File Box,East,Patna,2,1300.0,0.0,600.0,Cash on Delivery
ORD-13369,2025-02-23,CUST-1116,Kavita Das 116,Technology,Accessories,Wireless Mouse,East,Bhubaneswar,1,760.0,0.05,360.0,Cash on Delivery
ORD-13370,2024-04-23,CUST-1009,Ravi Pillai,Technology,Phones,Smartphone Pro Max,East,Kolkata,1,22500.0,0.5,-13500.0,UPI
ORD-13371,2024-04-26,CUST-1103,Nisha Bhat 103,Furniture,Chairs,Mesh Executive Chair,Central,Nagpur,1,6000.0,0.5,-3500.0,UPI
ORD-13372,2024-03-24,CUST-1050,Suresh Nair 50,Furniture,Chairs,Mesh Executive Chair,South,Hyderabad,8,91200.0,0.05,15200.0,Net Banking
ORD-13373,2025-11-12,CUST-1124,Suresh Nair 124,Furniture,Chairs,Ergonomic Office Chair,West,Mumbai,1,4250.0,0.5,-1750.0,Cash on Delivery
ORD-13374,2025-12-02,CUST-1245,Preeti Pandey 245,Technology,Accessories,USB-C Multi-Port Hub,East,Guwahati,2,3600.0,0.0,1800.0,UPI
ORD-13375,2024-09-14,CUST-1233,Bhavna Shah 233,Apparel,Corporate Wear,Tailored Blazer,North,Delhi,1,4320.0,0.1,1720.0,Cash on Delivery
ORD-13376,2025-11-01,CUST-1170,Amit Kumar 170,Technology,Accessories,USB-C Multi-Port Hub,North,Delhi,3,5400.0,0.0,2700.0,UPI
ORD-13377,2024-06-03,CUST-1136,Amit Kumar 136,Apparel,Corporate Wear,Tailored Blazer,East,Guwahati,4,15360.0,0.2,4960.0,Cash on Delivery
ORD-13378,2024-02-03,CUST-1192,Abhishek Saxena 192,Technology,Accessories,USB-C Multi-Port Hub,Central,Nagpur,1,1620.0,0.1,720.0,Credit Card
ORD-13379,2024-05-04,CUST-1245,Preeti Pandey 245,Furniture,Chairs,Ergonomic Office Chair,West,Ahmedabad,1,7650.0,0.1,1650.0,Credit Card
ORD-13380,2024-03-02,CUST-1054,Ananya Roy 54,Furniture,Bookcases,5-Tier Wooden Bookshelf,South,Bangalore,1,4550.0,0.3,-650.0,Cash on Delivery
ORD-13381,2025-12-04,CUST-1053,Kavita Das 53,Apparel,Corporate Wear,Tailored Blazer,East,Kolkata,1,3360.0,0.3,760.0,UPI
ORD-13382,2025-12-19,CUST-1203,Ananya Roy 203,Office Supplies,Binders,Heavy-Duty Ring Binder,North,Lucknow,4,1120.0,0.0,640.0,Cash on Delivery
ORD-13383,2025-10-05,CUST-1078,Rohan Mehta 78,Office Supplies,Art,Highlighter & Marker Set,North,Lucknow,8,1680.0,0.4,480.0,Cash on Delivery
ORD-13384,2025-10-04,CUST-1034,Divya Agarwal 34,Apparel,Corporate Wear,Tailored Blazer,East,Patna,1,3360.0,0.3,760.0,UPI
ORD-13385,2025-09-14,CUST-1055,Deepak Rao 55,Office Supplies,Storage,Heavy Duty Arch File Box,East,Patna,2,1170.0,0.1,470.0,Net Banking
ORD-13386,2024-07-11,CUST-1155,Ravi Pillai 155,Technology,Accessories,USB-C Multi-Port Hub,South,Bangalore,1,1260.0,0.3,360.0,Debit Card
ORD-13387,2025-09-21,CUST-1249,Priya Patel 249,Technology,Phones,Smartphone Pro Max,East,Kolkata,3,121500.0,0.1,13500.0,Credit Card
ORD-13388,2024-09-12,CUST-1165,Deepak Rao 165,Technology,Phones,Bluetooth Wireless Earbuds,North,Jaipur,1,2500.0,0.0,1300.0,UPI
ORD-13389,2025-11-07,CUST-1085,Pooja Verma 85,Technology,Accessories,Mechanical Keyboard,East,Guwahati,5,17500.0,0.0,7500.0,Net Banking
ORD-13390,2024-03-09,CUST-1105,Abhishek Saxena 105,Apparel,Corporate Wear,Tailored Blazer,West,Ahmedabad,1,4080.0,0.15,1480.0,Credit Card
ORD-13391,2025-11-02,CUST-1080,Amit Kumar 80,Technology,Accessories,USB-C Multi-Port Hub,North,Lucknow,2,3240.0,0.1,1440.0,Net Banking
ORD-13392,2024-03-07,CUST-1240,Rahul Sharma 240,Office Supplies,Art,Highlighter & Marker Set,Central,Nagpur,2,350.0,0.5,50.0,Debit Card
ORD-13393,2025-06-17,CUST-1135,Karan Joshi 135,Office Supplies,Paper,A4 Multipurpose Copy Paper (Pack of 5),East,Guwahati,2,1440.0,0.4,40.0,Cash on Delivery
ORD-13394,2025-09-04,CUST-1057,Deepak Rao 57,Technology,Accessories,Mechanical Keyboard,North,Jaipur,1,2975.0,0.15,975.0,Net Banking
ORD-13395,2025-04-07,CUST-1090,Ananya Roy 90,Office Supplies,Paper,Premium Hardbound Notebook,South,Hyderabad,1,270.0,0.4,90.0,Debit Card
ORD-13396,2024-05-29,CUST-1219,Alok Deshmukh 219,Technology,Monitors,27-inch 4K Monitor,East,Kolkata,2,35200.0,0.2,1200.0,Net Banking
ORD-13397,2024-05-16,CUST-1195,Abhishek Saxena 195,Office Supplies,Paper,A4 Multipurpose Copy Paper (Pack of 5),East,Patna,1,960.0,0.2,260.0,UPI
ORD-13398,2025-05-02,CUST-1006,Neha Gupta,Technology,Accessories,Mechanical Keyboard,North,Jaipur,4,12600.0,0.1,4600.0,UPI
ORD-13399,2024-08-15,CUST-1002,Ananya Roy,Office Supplies,Paper,Premium Hardbound Notebook,Central,Nagpur,5,1800.0,0.2,900.0,Credit Card
ORD-13400,2024-09-23,CUST-1011,Abhishek Saxena,Apparel,Corporate Wear,Cotton Formal Shirt,East,Kolkata,4,6000.0,0.0,3000.0,Net Banking
ORD-13401,2025-02-22,CUST-1139,Swati Kulkarni 139,Technology,Accessories,Mechanical Keyboard,West,Mumbai,2,4200.0,0.4,200.0,Credit Card
ORD-13402,2024-01-08,CUST-1121,Siddharth Jain 121,Office Supplies,Storage,Heavy Duty Arch File Box,South,Chennai,2,1300.0,0.0,600.0,UPI
ORD-13403,2024-12-25,CUST-1169,Rajesh Iyer 169,Technology,Monitors,27-inch 4K Monitor,South,Chennai,1,22000.0,0.0,5000.0,Credit Card
ORD-13404,2024-06-28,CUST-1143,Rohan Mehta 143,Technology,Phones,Bluetooth Wireless Earbuds,West,Mumbai,2,3500.0,0.3,1100.0,Debit Card
ORD-13405,2024-06-08,CUST-1135,Karan Joshi 135,Furniture,Chairs,Ergonomic Office Chair,West,Ahmedabad,1,7650.0,0.1,1650.0,UPI
ORD-13406,2024-02-09,CUST-1186,Divya Agarwal 186,Apparel,Corporate Wear,Tailored Blazer,West,Surat,2,9600.0,0.0,4400.0,Credit Card
ORD-13407,2025-01-16,CUST-1228,Deepak Rao 228,Technology,Phones,Smartphone Pro Max,North,Lucknow,1,45000.0,0.0,9000.0,Debit Card
ORD-13408,2024-07-17,CUST-1082,Abhishek Saxena 82,Office Supplies,Art,Highlighter & Marker Set,South,Chennai,3,630.0,0.4,180.0,Cash on Delivery
ORD-13409,2024-05-14,CUST-1237,Aditya Bose 237,Technology,Accessories,Wireless Mouse,East,Patna,1,680.0,0.15,280.0,Net Banking
ORD-13410,2025-07-23,CUST-1011,Abhishek Saxena,Office Supplies,Art,Highlighter & Marker Set,Central,Bhopal,1,210.0,0.4,60.0,UPI
ORD-13411,2024-03-15,CUST-1007,Neha Gupta,Furniture,Tables,Wooden Conference Table,North,Noida,1,21250.0,0.15,250.0,Credit Card
ORD-13412,2024-11-28,CUST-1195,Abhishek Saxena 195,Technology,Phones,Bluetooth Wireless Earbuds,Central,Bhopal,4,9000.0,0.1,4200.0,Debit Card
ORD-13413,2025-04-25,CUST-1143,Rohan Mehta 143,Office Supplies,Storage,Heavy Duty Arch File Box,East,Patna,3,1950.0,0.0,900.0,Cash on Delivery
ORD-13414,2024-02-07,CUST-1045,Suresh Nair 45,Technology,Accessories,USB-C Multi-Port Hub,Central,Nagpur,2,1800.0,0.5,0.0,Credit Card
ORD-13415,2024-01-24,CUST-1099,Deepak Rao 99,Furniture,Chairs,Mesh Executive Chair,West,Surat,8,57600.0,0.4,-18400.0,UPI
ORD-13416,2025-11-20,CUST-1119,Shweta Mishra 119,Apparel,Corporate Wear,Tailored Blazer,Central,Bhopal,2,9600.0,0.0,4400.0,Credit Card
ORD-13417,2025-11-07,CUST-1232,Aarti Kapoor 232,Office Supplies,Art,Highlighter & Marker Set,West,Pune,3,840.0,0.2,390.0,Cash on Delivery
ORD-13418,2025-08-12,CUST-1004,Ravi Pillai,Furniture,Bookcases,5-Tier Wooden Bookshelf,West,Ahmedabad,5,22750.0,0.3,-3250.0,Debit Card
ORD-13419,2025-08-29,CUST-1147,Tarun Choudhury 147,Furniture,Tables,Wooden Conference Table,North,Noida,3,75000.0,0.0,12000.0,Cash on Delivery
ORD-13420,2024-01-01,CUST-1214,Aarti Kapoor 214,Office Supplies,Storage,Heavy Duty Arch File Box,Central,Indore,2,1300.0,0.0,600.0,Debit Card
ORD-13421,2025-01-02,CUST-1229,Aarti Kapoor 229,Technology,Phones,Bluetooth Wireless Earbuds,Central,Nagpur,3,6000.0,0.2,2400.0,UPI
ORD-13422,2025-01-21,CUST-1018,Priya Patel,Technology,Accessories,Mechanical Keyboard,East,Patna,1,3325.0,0.05,1325.0,Credit Card
ORD-13423,2025-04-08,CUST-1194,Ananya Roy 194,Furniture,Tables,Adjustable Standing Desk,West,Surat,4,72000.0,0.0,16000.0,Net Banking
ORD-13424,2024-11-03,CUST-1238,Suresh Nair 238,Furniture,Chairs,Mesh Executive Chair,East,Kolkata,1,7200.0,0.4,-2300.0,UPI
ORD-13425,2024-05-23,CUST-1092,Karan Joshi 92,Furniture,Chairs,Mesh Executive Chair,North,Noida,1,8400.0,0.3,-1100.0,Net Banking
ORD-13426,2025-09-22,CUST-1158,Karan Joshi 158,Technology,Monitors,27-inch 4K Monitor,Central,Indore,1,19800.0,0.1,2800.0,Net Banking
ORD-13427,2025-05-25,CUST-1221,Pooja Verma 221,Technology,Monitors,27-inch 4K Monitor,West,Mumbai,2,44000.0,0.0,10000.0,Credit Card
ORD-13428,2024-05-24,CUST-1231,Siddharth Jain 231,Furniture,Tables,Adjustable Standing Desk,South,Chennai,1,18000.0,0.0,4000.0,UPI
ORD-13429,2024-12-05,CUST-1079,Nisha Bhat 79,Technology,Phones,Smartphone Pro Max,West,Ahmedabad,1,36000.0,0.2,0.0,Cash on Delivery
ORD-13430,2024-04-20,CUST-1084,Aarti Kapoor 84,Apparel,Corporate Wear,Tailored Blazer,West,Ahmedabad,2,4800.0,0.5,-400.0,UPI
ORD-13431,2025-01-28,CUST-1045,Suresh Nair 45,Office Supplies,Binders,Heavy-Duty Ring Binder,Central,Indore,1,252.0,0.1,132.0,Credit Card
ORD-13432,2025-01-12,CUST-1116,Kavita Das 116,Technology,Accessories,Mechanical Keyboard,South,Chennai,1,3500.0,0.0,1500.0,Cash on Delivery
ORD-13433,2024-12-12,CUST-1075,Alok Deshmukh 75,Office Supplies,Paper,A4 Multipurpose Copy Paper (Pack of 5),South,Chennai,3,3060.0,0.15,960.0,Cash on Delivery
ORD-13434,2024-05-22,CUST-1135,Karan Joshi 135,Office Supplies,Paper,Premium Hardbound Notebook,South,Bangalore,1,450.0,0.0,270.0,Cash on Delivery
ORD-13435,2025-03-21,CUST-1101,Abhishek Saxena 101,Technology,Monitors,27-inch 4K Monitor,Central,Nagpur,1,22000.0,0.0,5000.0,UPI
ORD-13436,2025-05-12,CUST-1076,Deepak Rao 76,Technology,Monitors,27-inch 4K Monitor,Central,Bhopal,3,66000.0,0.0,15000.0,Debit Card
ORD-13437,2024-03-30,CUST-1105,Abhishek Saxena 105,Office Supplies,Art,Highlighter & Marker Set,Central,Bhopal,4,1190.0,0.15,590.0,Credit Card
ORD-13438,2025-08-27,CUST-1046,Karan Joshi 46,Office Supplies,Paper,Premium Hardbound Notebook,East,Bhubaneswar,2,900.0,0.0,540.0,Net Banking
ORD-13439,2024-08-14,CUST-1033,Neha Gupta 33,Office Supplies,Paper,A4 Multipurpose Copy Paper (Pack of 5),North,Lucknow,1,1140.0,0.05,440.0,Cash on Delivery
ORD-13440,2024-06-09,CUST-1129,Neha Gupta 129,Technology,Accessories,Mechanical Keyboard,West,Ahmedabad,1,3500.0,0.0,1500.0,UPI
ORD-13441,2025-03-04,CUST-1025,Rahul Sharma,Apparel,Footwear,Leather Oxford Shoes,North,Delhi,2,6080.0,0.05,2680.0,Credit Card
ORD-13442,2025-01-17,CUST-1159,Ravi Pillai 159,Furniture,Chairs,Mesh Executive Chair,East,Guwahati,1,12000.0,0.0,2500.0,UPI
ORD-13443,2024-02-29,CUST-1166,Neha Gupta 166,Technology,Accessories,Wireless Mouse,South,Hyderabad,1,640.0,0.2,240.0,Credit Card
ORD-13444,2024-07-07,CUST-1216,Meera Sen 216,Furniture,Bookcases,5-Tier Wooden Bookshelf,East,Patna,3,19500.0,0.0,3900.0,Cash on Delivery
ORD-13445,2025-01-12,CUST-1091,Kavita Das 91,Furniture,Tables,Wooden Conference Table,North,Chandigarh,2,25000.0,0.5,-17000.0,Credit Card
ORD-13446,2024-08-20,CUST-1001,Shweta Mishra,Furniture,Tables,Wooden Conference Table,West,Pune,1,23750.0,0.05,2750.0,UPI
ORD-13447,2025-01-29,CUST-1167,Vikas Singh 167,Office Supplies,Art,Highlighter & Marker Set,East,Kolkata,1,280.0,0.2,130.0,Debit Card
ORD-13448,2025-03-27,CUST-1188,Karan Joshi 188,Furniture,Tables,Wooden Conference Table,South,Kochi,1,25000.0,0.0,4000.0,Cash on Delivery
ORD-13449,2024-10-29,CUST-1091,Kavita Das 91,Furniture,Chairs,Ergonomic Office Chair,Central,Nagpur,4,34000.0,0.0,10000.0,Net Banking
ORD-13450,2025-05-25,CUST-1110,Sneha Reddy 110,Office Supplies,Storage,Heavy Duty Arch File Box,East,Patna,1,650.0,0.0,300.0,Net Banking
ORD-13451,2025-10-25,CUST-1108,Aditya Bose 108,Technology,Accessories,USB-C Multi-Port Hub,South,Bangalore,3,5400.0,0.0,2700.0,Cash on Delivery
ORD-13452,2024-03-29,CUST-1211,Ravi Pillai 211,Furniture,Bookcases,5-Tier Wooden Bookshelf,East,Kolkata,1,6500.0,0.0,1300.0,Cash on Delivery
ORD-13453,2024-03-02,CUST-1040,Aarti Kapoor 40,Technology,Phones,Bluetooth Wireless Earbuds,South,Bangalore,2,4000.0,0.2,1600.0,Net Banking
ORD-13454,2025-10-03,CUST-1238,Suresh Nair 238,Office Supplies,Art,Highlighter & Marker Set,North,Chandigarh,2,490.0,0.3,190.0,Net Banking
ORD-13455,2024-07-28,CUST-1086,Amit Kumar 86,Furniture,Chairs,Mesh Executive Chair,South,Chennai,1,8400.0,0.3,-1100.0,UPI
ORD-13456,2025-07-06,CUST-1092,Karan Joshi 92,Apparel,Footwear,Leather Oxford Shoes,South,Bangalore,4,10240.0,0.2,3440.0,Cash on Delivery
ORD-13457,2024-10-18,CUST-1095,Preeti Pandey 95,Office Supplies,Storage,Heavy Duty Arch File Box,South,Kochi,1,585.0,0.1,235.0,Credit Card
ORD-13458,2025-09-12,CUST-1080,Amit Kumar 80,Furniture,Chairs,Ergonomic Office Chair,North,Delhi,1,8075.0,0.05,2075.0,Net Banking
ORD-13459,2024-12-10,CUST-1063,Divya Agarwal 63,Apparel,Footwear,Leather Oxford Shoes,Central,Nagpur,4,12800.0,0.0,6000.0,Credit Card
ORD-13460,2025-12-20,CUST-1054,Ananya Roy 54,Technology,Phones,Bluetooth Wireless Earbuds,West,Surat,1,1500.0,0.4,300.0,Net Banking
ORD-13461,2025-01-24,CUST-1157,Siddharth Jain 157,Furniture,Chairs,Ergonomic Office Chair,South,Kochi,3,15300.0,0.4,-2700.0,Debit Card
ORD-13462,2024-04-15,CUST-1126,Aarti Kapoor 126,Apparel,Corporate Wear,Tailored Blazer,South,Kochi,1,2400.0,0.5,-200.0,UPI
ORD-13463,2024-12-15,CUST-1236,Rahul Sharma 236,Apparel,Corporate Wear,Cotton Formal Shirt,South,Bangalore,1,1350.0,0.1,600.0,UPI
ORD-13464,2025-02-01,CUST-1206,Sneha Reddy 206,Office Supplies,Paper,A4 Multipurpose Copy Paper (Pack of 5),South,Kochi,1,1200.0,0.0,500.0,Net Banking
ORD-13465,2025-03-31,CUST-1222,Preeti Pandey 222,Furniture,Chairs,Mesh Executive Chair,West,Mumbai,3,25200.0,0.3,-3300.0,Credit Card
ORD-13466,2024-11-08,CUST-1247,Pooja Verma 247,Furniture,Chairs,Mesh Executive Chair,East,Patna,2,20400.0,0.15,1400.0,Net Banking
ORD-13467,2025-09-20,CUST-1121,Siddharth Jain 121,Office Supplies,Storage,Heavy Duty Arch File Box,West,Surat,2,650.0,0.5,-50.0,Net Banking
ORD-13468,2024-06-12,CUST-1043,Nisha Bhat 43,Furniture,Tables,Adjustable Standing Desk,Central,Indore,3,54000.0,0.0,12000.0,UPI
ORD-13469,2024-11-10,CUST-1036,Karan Joshi 36,Furniture,Bookcases,5-Tier Wooden Bookshelf,North,Chandigarh,2,6500.0,0.5,-3900.0,Net Banking
ORD-13470,2024-11-30,CUST-1238,Suresh Nair 238,Furniture,Bookcases,5-Tier Wooden Bookshelf,North,Lucknow,3,19500.0,0.0,3900.0,Net Banking
ORD-13471,2024-05-09,CUST-1193,Ravi Pillai 193,Office Supplies,Art,Highlighter & Marker Set,East,Guwahati,1,332.5,0.05,182.5,Debit Card
ORD-13472,2025-11-19,CUST-1200,Aarti Kapoor 200,Furniture,Chairs,Ergonomic Office Chair,West,Ahmedabad,4,34000.0,0.0,10000.0,Credit Card
ORD-13473,2025-08-12,CUST-1029,Shweta Mishra,Furniture,Tables,Wooden Conference Table,East,Patna,4,100000.0,0.0,16000.0,Credit Card
ORD-13474,2024-07-19,CUST-1075,Alok Deshmukh 75,Office Supplies,Binders,Heavy-Duty Ring Binder,East,Kolkata,1,238.0,0.15,118.0,Net Banking
ORD-13475,2025-08-03,CUST-1119,Shweta Mishra 119,Technology,Phones,Bluetooth Wireless Earbuds,West,Mumbai,4,9000.0,0.1,4200.0,UPI
ORD-13476,2025-04-14,CUST-1007,Neha Gupta,Furniture,Chairs,Ergonomic Office Chair,South,Chennai,1,5950.0,0.3,-50.0,Cash on Delivery
ORD-13477,2025-11-27,CUST-1242,Bhavna Shah 242,Technology,Phones,Bluetooth Wireless Earbuds,South,Chennai,1,2500.0,0.0,1300.0,UPI
ORD-13478,2025-08-04,CUST-1179,Abhishek Saxena 179,Furniture,Tables,Adjustable Standing Desk,West,Mumbai,3,43200.0,0.2,1200.0,Net Banking
ORD-13479,2025-02-13,CUST-1197,Siddharth Jain 197,Office Supplies,Art,Highlighter & Marker Set,North,Chandigarh,1,332.5,0.05,182.5,Credit Card
ORD-13480,2025-06-16,CUST-1110,Sneha Reddy 110,Furniture,Chairs,Ergonomic Office Chair,North,Delhi,1,8500.0,0.0,2500.0,Credit Card
ORD-13481,2024-01-28,CUST-1211,Ravi Pillai 211,Technology,Accessories,Mechanical Keyboard,Central,Indore,2,6300.0,0.1,2300.0,Credit Card
ORD-13482,2025-02-01,CUST-1210,Tarun Choudhury 210,Furniture,Tables,Adjustable Standing Desk,Central,Bhopal,1,17100.0,0.05,3100.0,Net Banking
ORD-13483,2025-04-07,CUST-1173,Alok Deshmukh 173,Apparel,Footwear,Leather Oxford Shoes,East,Kolkata,5,9600.0,0.4,1100.0,Credit Card
ORD-13484,2025-12-08,CUST-1104,Bhavna Shah 104,Office Supplies,Binders,Heavy-Duty Ring Binder,North,Lucknow,1,238.0,0.15,118.0,Debit Card
ORD-13485,2025-09-13,CUST-1235,Bhavna Shah 235,Furniture,Tables,Wooden Conference Table,East,Bhubaneswar,1,21250.0,0.15,250.0,Net Banking
ORD-13486,2024-10-13,CUST-1214,Aarti Kapoor 214,Technology,Accessories,Mechanical Keyboard,North,Lucknow,1,1750.0,0.5,-250.0,Debit Card
ORD-13487,2024-04-05,CUST-1233,Bhavna Shah 233,Apparel,Footwear,Leather Oxford Shoes,South,Hyderabad,1,3200.0,0.0,1500.0,UPI
ORD-13488,2024-04-20,CUST-1231,Siddharth Jain 231,Furniture,Bookcases,5-Tier Wooden Bookshelf,West,Surat,1,5525.0,0.15,325.0,Cash on Delivery
ORD-13489,2025-12-08,CUST-1165,Deepak Rao 165,Technology,Accessories,Mechanical Keyboard,Central,Bhopal,1,2100.0,0.4,100.0,Cash on Delivery
ORD-13490,2025-08-13,CUST-1164,Kavita Das 164,Technology,Accessories,Mechanical Keyboard,West,Ahmedabad,2,7000.0,0.0,3000.0,Debit Card
ORD-13491,2024-03-03,CUST-1070,Pooja Verma 70,Furniture,Chairs,Mesh Executive Chair,North,Jaipur,1,7200.0,0.4,-2300.0,Debit Card
ORD-13492,2024-03-18,CUST-1176,Shweta Mishra 176,Furniture,Chairs,Ergonomic Office Chair,West,Pune,2,17000.0,0.0,5000.0,Debit Card
ORD-13493,2025-06-11,CUST-1166,Neha Gupta 166,Furniture,Chairs,Ergonomic Office Chair,East,Patna,2,14450.0,0.15,2450.0,Cash on Delivery
ORD-13494,2024-02-21,CUST-1051,Ananya Roy 51,Technology,Accessories,Mechanical Keyboard,Central,Nagpur,1,2800.0,0.2,800.0,Cash on Delivery
ORD-13495,2024-11-21,CUST-1115,Divya Agarwal 115,Technology,Phones,Smartphone Pro Max,East,Guwahati,2,90000.0,0.0,18000.0,UPI
ORD-13496,2025-09-14,CUST-1010,Ananya Roy,Technology,Phones,Bluetooth Wireless Earbuds,East,Kolkata,1,1250.0,0.5,50.0,Cash on Delivery
ORD-13497,2025-12-11,CUST-1181,Aditya Bose 181,Furniture,Chairs,Ergonomic Office Chair,East,Kolkata,1,8500.0,0.0,2500.0,Debit Card
ORD-13498,2025-06-12,CUST-1238,Suresh Nair 238,Office Supplies,Paper,Premium Hardbound Notebook,East,Guwahati,1,225.0,0.5,45.0,Cash on Delivery
ORD-13499,2025-04-26,CUST-1212,Karan Joshi 212,Office Supplies,Paper,Premium Hardbound Notebook,East,Patna,2,540.0,0.4,180.0,Credit Card
ORD-13500,2025-11-03,CUST-1122,Neha Gupta 122,Technology,Accessories,Mechanical Keyboard,West,Mumbai,1,2100.0,0.4,100.0,Credit Card
ORD-13501,2025-01-18,CUST-1049,Aarti Kapoor 49,Furniture,Tables,Adjustable Standing Desk,West,Mumbai,2,28800.0,0.2,800.0,Debit Card
ORD-13502,2025-03-26,CUST-1181,Aditya Bose 181,Technology,Phones,Bluetooth Wireless Earbuds,Central,Indore,1,2375.0,0.05,1175.0,Credit Card
ORD-13503,2025-08-15,CUST-1168,Meera Sen 168,Apparel,Footwear,Leather Oxford Shoes,Central,Bhopal,1,2560.0,0.2,860.0,Net Banking
ORD-13504,2025-11-25,CUST-1180,Manish Malhotra 180,Office Supplies,Binders,Heavy-Duty Ring Binder,West,Mumbai,1,238.0,0.15,118.0,Cash on Delivery
ORD-13505,2024-10-01,CUST-1110,Sneha Reddy 110,Apparel,Corporate Wear,Tailored Blazer,East,Bhubaneswar,1,4560.0,0.05,1960.0,UPI
ORD-13506,2024-06-04,CUST-1202,Suresh Nair 202,Apparel,Corporate Wear,Cotton Formal Shirt,West,Pune,1,1050.0,0.3,300.0,Credit Card
ORD-13507,2025-05-05,CUST-1194,Ananya Roy 194,Office Supplies,Paper,Premium Hardbound Notebook,East,Bhubaneswar,1,450.0,0.0,270.0,Debit Card
ORD-13508,2025-11-05,CUST-1224,Meera Sen 224,Apparel,Corporate Wear,Cotton Formal Shirt,West,Ahmedabad,1,1425.0,0.05,675.0,UPI
ORD-13509,2025-07-11,CUST-1120,Nisha Bhat 120,Furniture,Chairs,Ergonomic Office Chair,North,Noida,4,23800.0,0.3,-200.0,Credit Card
ORD-13510,2024-01-09,CUST-1164,Kavita Das 164,Office Supplies,Art,Highlighter & Marker Set,South,Chennai,5,1225.0,0.3,475.0,Net Banking
ORD-13511,2025-04-11,CUST-1236,Rahul Sharma 236,Technology,Phones,Smartphone Pro Max,North,Noida,1,38250.0,0.15,2250.0,Credit Card
ORD-13512,2025-12-10,CUST-1168,Meera Sen 168,Apparel,Corporate Wear,Cotton Formal Shirt,East,Bhubaneswar,1,750.0,0.5,0.0,UPI
ORD-13513,2024-01-09,CUST-1114,Sneha Reddy 114,Technology,Accessories,USB-C Multi-Port Hub,South,Bangalore,1,1800.0,0.0,900.0,Debit Card
ORD-13514,2024-05-24,CUST-1050,Suresh Nair 50,Furniture,Tables,Wooden Conference Table,West,Surat,1,25000.0,0.0,4000.0,Debit Card
ORD-13515,2025-11-05,CUST-1211,Ravi Pillai 211,Office Supplies,Art,Highlighter & Marker Set,East,Kolkata,3,840.0,0.2,390.0,UPI
ORD-13516,2025-11-25,CUST-1162,Tarun Choudhury 162,Office Supplies,Binders,Heavy-Duty Ring Binder,North,Chandigarh,1,140.0,0.5,20.0,Net Banking
ORD-13517,2024-12-24,CUST-1104,Bhavna Shah 104,Office Supplies,Art,Highlighter & Marker Set,East,Patna,1,175.0,0.5,25.0,Net Banking
ORD-13518,2025-06-20,CUST-1219,Alok Deshmukh 219,Furniture,Chairs,Mesh Executive Chair,South,Hyderabad,3,36000.0,0.0,7500.0,UPI
ORD-13519,2025-09-21,CUST-1183,Kavita Das 183,Office Supplies,Paper,A4 Multipurpose Copy Paper (Pack of 5),South,Chennai,5,5400.0,0.1,1900.0,Credit Card
ORD-13520,2025-11-21,CUST-1183,Kavita Das 183,Office Supplies,Paper,A4 Multipurpose Copy Paper (Pack of 5),South,Kochi,2,2400.0,0.0,1000.0,Credit Card
ORD-13521,2024-03-31,CUST-1149,Shweta Mishra 149,Technology,Accessories,USB-C Multi-Port Hub,West,Pune,8,14400.0,0.0,7200.0,Net Banking
ORD-13522,2024-01-22,CUST-1093,Divya Agarwal 93,Furniture,Tables,Wooden Conference Table,East,Bhubaneswar,1,25000.0,0.0,4000.0,Debit Card
ORD-13523,2025-05-19,CUST-1202,Suresh Nair 202,Apparel,Footwear,Leather Oxford Shoes,North,Delhi,4,10880.0,0.15,4080.0,UPI
ORD-13524,2025-10-13,CUST-1182,Amit Kumar 182,Technology,Phones,Bluetooth Wireless Earbuds,East,Kolkata,1,2500.0,0.0,1300.0,Credit Card
ORD-13525,2025-02-14,CUST-1090,Ananya Roy 90,Apparel,Corporate Wear,Tailored Blazer,Central,Nagpur,1,4320.0,0.1,1720.0,Net Banking
ORD-13526,2024-12-10,CUST-1222,Preeti Pandey 222,Apparel,Corporate Wear,Tailored Blazer,South,Chennai,1,2880.0,0.4,280.0,Cash on Delivery
ORD-13527,2025-11-03,CUST-1154,Neha Gupta 154,Technology,Monitors,27-inch 4K Monitor,North,Jaipur,2,30800.0,0.3,-3200.0,Cash on Delivery
ORD-13528,2024-04-03,CUST-1210,Tarun Choudhury 210,Furniture,Tables,Adjustable Standing Desk,East,Bhubaneswar,8,86400.0,0.4,-25600.0,Net Banking
ORD-13529,2025-10-10,CUST-1073,Aditya Bose 73,Furniture,Chairs,Mesh Executive Chair,South,Bangalore,4,48000.0,0.0,10000.0,Net Banking
ORD-13530,2025-12-14,CUST-1109,Shweta Mishra 109,Office Supplies,Paper,A4 Multipurpose Copy Paper (Pack of 5),South,Chennai,1,720.0,0.4,20.0,Debit Card
ORD-13531,2024-09-27,CUST-1220,Shweta Mishra 220,Apparel,Footwear,Leather Oxford Shoes,South,Kochi,2,5760.0,0.1,2360.0,UPI
ORD-13532,2024-02-10,CUST-1208,Rahul Sharma 208,Technology,Accessories,Mechanical Keyboard,South,Bangalore,2,7000.0,0.0,3000.0,UPI
ORD-13533,2024-11-07,CUST-1097,Sneha Reddy 97,Technology,Accessories,Wireless Mouse,West,Mumbai,2,960.0,0.4,160.0,Debit Card
ORD-13534,2024-10-16,CUST-1225,Aditya Bose 225,Technology,Phones,Smartphone Pro Max,East,Bhubaneswar,3,128250.0,0.05,20250.0,Credit Card
ORD-13535,2024-11-23,CUST-1217,Bhavna Shah 217,Furniture,Chairs,Ergonomic Office Chair,East,Bhubaneswar,3,25500.0,0.0,7500.0,UPI
ORD-13536,2024-02-28,CUST-1185,Aditya Bose 185,Technology,Accessories,Mechanical Keyboard,Central,Bhopal,2,3500.0,0.5,-500.0,Cash on Delivery
ORD-13537,2024-08-28,CUST-1017,Manish Malhotra,Apparel,Corporate Wear,Tailored Blazer,East,Kolkata,3,12960.0,0.1,5160.0,Cash on Delivery
ORD-13538,2024-02-15,CUST-1045,Suresh Nair 45,Apparel,Corporate Wear,Cotton Formal Shirt,South,Hyderabad,2,2700.0,0.1,1200.0,UPI
ORD-13539,2024-12-09,CUST-1242,Bhavna Shah 242,Technology,Monitors,27-inch 4K Monitor,Central,Nagpur,1,20900.0,0.05,3900.0,UPI
ORD-13540,2024-09-25,CUST-1181,Aditya Bose 181,Furniture,Chairs,Mesh Executive Chair,East,Guwahati,1,11400.0,0.05,1900.0,Net Banking
ORD-13541,2025-02-07,CUST-1044,Manish Malhotra 44,Apparel,Corporate Wear,Tailored Blazer,North,Noida,3,14400.0,0.0,6600.0,Credit Card
ORD-13542,2024-05-20,CUST-1173,Alok Deshmukh 173,Office Supplies,Storage,Heavy Duty Arch File Box,Central,Bhopal,1,325.0,0.5,-25.0,Debit Card
ORD-13543,2025-04-14,CUST-1229,Aarti Kapoor 229,Furniture,Tables,Adjustable Standing Desk,East,Kolkata,4,68400.0,0.05,12400.0,UPI
ORD-13544,2024-03-31,CUST-1010,Ananya Roy,Office Supplies,Paper,A4 Multipurpose Copy Paper (Pack of 5),Central,Bhopal,2,2280.0,0.05,880.0,UPI
ORD-13545,2025-09-19,CUST-1111,Siddharth Jain 111,Office Supplies,Binders,Heavy-Duty Ring Binder,South,Kochi,2,504.0,0.1,264.0,Credit Card
ORD-13546,2024-04-06,CUST-1143,Rohan Mehta 143,Apparel,Footwear,Leather Oxford Shoes,North,Jaipur,1,2560.0,0.2,860.0,Cash on Delivery
ORD-13547,2024-08-26,CUST-1122,Neha Gupta 122,Office Supplies,Storage,Heavy Duty Arch File Box,West,Mumbai,3,1950.0,0.0,900.0,Net Banking
ORD-13548,2025-05-12,CUST-1110,Sneha Reddy 110,Office Supplies,Binders,Heavy-Duty Ring Binder,North,Noida,2,448.0,0.2,208.0,Credit Card
ORD-13549,2025-11-04,CUST-1208,Rahul Sharma 208,Furniture,Chairs,Ergonomic Office Chair,East,Bhubaneswar,1,5100.0,0.4,-900.0,Debit Card
ORD-13550,2024-01-26,CUST-1023,Meera Sen,Office Supplies,Paper,Premium Hardbound Notebook,South,Kochi,4,1800.0,0.0,1080.0,Cash on Delivery
ORD-13551,2024-06-11,CUST-1048,Rohan Mehta 48,Office Supplies,Storage,Heavy Duty Arch File Box,East,Guwahati,1,390.0,0.4,40.0,UPI
ORD-13552,2025-08-06,CUST-1180,Manish Malhotra 180,Furniture,Chairs,Ergonomic Office Chair,East,Guwahati,1,6800.0,0.2,800.0,Debit Card
ORD-13553,2024-06-22,CUST-1048,Rohan Mehta 48,Apparel,Corporate Wear,Tailored Blazer,Central,Nagpur,4,11520.0,0.4,1120.0,Cash on Delivery
ORD-13554,2024-01-01,CUST-1119,Shweta Mishra 119,Furniture,Tables,Wooden Conference Table,Central,Nagpur,1,21250.0,0.15,250.0,Cash on Delivery
ORD-13555,2025-07-02,CUST-1028,Nisha Bhat,Technology,Phones,Bluetooth Wireless Earbuds,West,Ahmedabad,2,3500.0,0.3,1100.0,Net Banking
ORD-13556,2024-06-04,CUST-1112,Ravi Pillai 112,Furniture,Bookcases,5-Tier Wooden Bookshelf,Central,Indore,1,6500.0,0.0,1300.0,Cash on Delivery
ORD-13557,2024-07-11,CUST-1234,Meera Sen 234,Apparel,Corporate Wear,Tailored Blazer,West,Mumbai,1,4800.0,0.0,2200.0,Debit Card
ORD-13558,2024-05-07,CUST-1198,Aarti Kapoor 198,Office Supplies,Art,Highlighter & Marker Set,North,Chandigarh,1,210.0,0.4,60.0,Cash on Delivery
ORD-13559,2024-07-11,CUST-1147,Tarun Choudhury 147,Technology,Accessories,USB-C Multi-Port Hub,South,Hyderabad,4,6120.0,0.15,2520.0,UPI
ORD-13560,2025-07-01,CUST-1137,Rohan Mehta 137,Office Supplies,Art,Highlighter & Marker Set,North,Delhi,3,945.0,0.1,495.0,Cash on Delivery
ORD-13561,2025-03-14,CUST-1011,Abhishek Saxena,Technology,Accessories,Mechanical Keyboard,West,Mumbai,1,1750.0,0.5,-250.0,Credit Card
ORD-13562,2024-09-25,CUST-1070,Pooja Verma 70,Technology,Monitors,27-inch 4K Monitor,Central,Indore,2,30800.0,0.3,-3200.0,Debit Card
ORD-13563,2025-10-16,CUST-1013,Tarun Choudhury,Furniture,Chairs,Mesh Executive Chair,North,Lucknow,2,24000.0,0.0,5000.0,UPI
ORD-13564,2024-04-14,CUST-1188,Karan Joshi 188,Technology,Phones,Bluetooth Wireless Earbuds,West,Mumbai,1,1500.0,0.4,300.0,Net Banking
ORD-13565,2025-11-06,CUST-1147,Tarun Choudhury 147,Technology,Accessories,Wireless Mouse,East,Patna,1,800.0,0.0,400.0,Credit Card
ORD-13566,2024-08-20,CUST-1218,Ananya Roy 218,Furniture,Chairs,Ergonomic Office Chair,East,Bhubaneswar,3,15300.0,0.4,-2700.0,UPI
ORD-13567,2025-01-28,CUST-1044,Manish Malhotra 44,Technology,Accessories,Mechanical Keyboard,North,Chandigarh,2,7000.0,0.0,3000.0,Credit Card
ORD-13568,2024-09-24,CUST-1202,Suresh Nair 202,Technology,Monitors,27-inch 4K Monitor,East,Guwahati,1,11000.0,0.5,-6000.0,Net Banking
ORD-13569,2025-01-07,CUST-1062,Ravi Pillai 62,Office Supplies,Binders,Heavy-Duty Ring Binder,West,Mumbai,2,476.0,0.15,236.0,Net Banking
ORD-13570,2025-12-25,CUST-1071,Preeti Pandey 71,Furniture,Tables,Wooden Conference Table,East,Patna,4,70000.0,0.3,-14000.0,Debit Card
ORD-13571,2024-02-20,CUST-1185,Aditya Bose 185,Office Supplies,Paper,Premium Hardbound Notebook,Central,Indore,3,1147.5,0.15,607.5,Debit Card
ORD-13572,2024-09-16,CUST-1241,Ananya Roy 241,Office Supplies,Paper,A4 Multipurpose Copy Paper (Pack of 5),South,Hyderabad,1,1200.0,0.0,500.0,Debit Card
ORD-13573,2025-01-24,CUST-1168,Meera Sen 168,Office Supplies,Storage,Heavy Duty Arch File Box,Central,Nagpur,2,1040.0,0.2,340.0,Debit Card
ORD-13574,2025-06-10,CUST-1051,Ananya Roy 51,Furniture,Tables,Adjustable Standing Desk,Central,Bhopal,3,32400.0,0.4,-9600.0,Credit Card
ORD-13575,2025-11-08,CUST-1091,Kavita Das 91,Apparel,Corporate Wear,Tailored Blazer,East,Bhubaneswar,4,13440.0,0.3,3040.0,Credit Card
ORD-13576,2025-03-20,CUST-1101,Abhishek Saxena 101,Furniture,Tables,Wooden Conference Table,Central,Indore,1,25000.0,0.0,4000.0,Net Banking
ORD-13577,2025-04-29,CUST-1094,Shweta Mishra 94,Apparel,Corporate Wear,Cotton Formal Shirt,East,Kolkata,4,3000.0,0.5,0.0,Debit Card
ORD-13578,2024-09-06,CUST-1041,Gaurav Tiwari 41,Office Supplies,Storage,Heavy Duty Arch File Box,Central,Nagpur,1,585.0,0.1,235.0,Debit Card
ORD-13579,2024-09-06,CUST-1224,Meera Sen 224,Office Supplies,Storage,Heavy Duty Arch File Box,Central,Nagpur,1,390.0,0.4,40.0,UPI
ORD-13580,2024-12-26,CUST-1079,Nisha Bhat 79,Furniture,Bookcases,5-Tier Wooden Bookshelf,North,Jaipur,10,65000.0,0.0,13000.0,Cash on Delivery
ORD-13581,2024-06-28,CUST-1137,Rohan Mehta 137,Furniture,Tables,Adjustable Standing Desk,East,Guwahati,1,18000.0,0.0,4000.0,UPI
ORD-13582,2025-04-13,CUST-1051,Ananya Roy 51,Furniture,Tables,Adjustable Standing Desk,South,Chennai,2,25200.0,0.3,-2800.0,Net Banking
ORD-13583,2024-08-20,CUST-1235,Bhavna Shah 235,Office Supplies,Binders,Heavy-Duty Ring Binder,South,Hyderabad,1,238.0,0.15,118.0,UPI
ORD-13584,2024-09-04,CUST-1144,Shweta Mishra 144,Technology,Accessories,Wireless Mouse,North,Chandigarh,1,480.0,0.4,80.0,Debit Card
ORD-13585,2024-04-22,CUST-1091,Kavita Das 91,Technology,Accessories,Mechanical Keyboard,South,Bangalore,1,2975.0,0.15,975.0,UPI
ORD-13586,2025-12-04,CUST-1080,Amit Kumar 80,Furniture,Chairs,Ergonomic Office Chair,West,Pune,4,34000.0,0.0,10000.0,Net Banking
ORD-13587,2025-09-02,CUST-1068,Amit Kumar 68,Furniture,Chairs,Mesh Executive Chair,South,Kochi,2,20400.0,0.15,1400.0,Credit Card
ORD-13588,2024-03-21,CUST-1205,Manish Malhotra 205,Technology,Phones,Smartphone Pro Max,North,Lucknow,1,38250.0,0.15,2250.0,Cash on Delivery
ORD-13589,2024-01-30,CUST-1071,Preeti Pandey 71,Technology,Monitors,27-inch 4K Monitor,East,Patna,1,15400.0,0.3,-1600.0,Debit Card
ORD-13590,2024-06-01,CUST-1142,Suresh Nair 142,Office Supplies,Storage,Heavy Duty Arch File Box,East,Bhubaneswar,3,1657.5,0.15,607.5,UPI
ORD-13591,2025-11-16,CUST-1058,Aditya Bose 58,Apparel,Corporate Wear,Cotton Formal Shirt,South,Hyderabad,1,1275.0,0.15,525.0,UPI
ORD-13592,2024-09-22,CUST-1162,Tarun Choudhury 162,Office Supplies,Storage,Heavy Duty Arch File Box,North,Noida,3,1950.0,0.0,900.0,Cash on Delivery
ORD-13593,2024-08-25,CUST-1083,Neha Gupta 83,Technology,Phones,Smartphone Pro Max,North,Chandigarh,2,81000.0,0.1,9000.0,Debit Card
ORD-13594,2025-01-01,CUST-1081,Priya Patel 81,Furniture,Chairs,Mesh Executive Chair,East,Kolkata,4,38400.0,0.2,400.0,Credit Card
ORD-13595,2025-04-30,CUST-1048,Rohan Mehta 48,Apparel,Corporate Wear,Tailored Blazer,North,Chandigarh,2,9120.0,0.05,3920.0,Net Banking
ORD-13596,2024-09-13,CUST-1099,Deepak Rao 99,Technology,Phones,Smartphone Pro Max,South,Bangalore,2,63000.0,0.3,-9000.0,Debit Card
ORD-13597,2025-03-09,CUST-1185,Aditya Bose 185,Technology,Monitors,27-inch 4K Monitor,East,Patna,4,88000.0,0.0,20000.0,Net Banking
ORD-13598,2024-01-30,CUST-1132,Gaurav Tiwari 132,Furniture,Tables,Adjustable Standing Desk,Central,Bhopal,2,25200.0,0.3,-2800.0,Net Banking
ORD-13599,2024-06-12,CUST-1004,Ravi Pillai,Apparel,Footwear,Leather Oxford Shoes,Central,Bhopal,1,3040.0,0.05,1340.0,UPI
ORD-13600,2025-09-09,CUST-1214,Aarti Kapoor 214,Office Supplies,Storage,Heavy Duty Arch File Box,South,Bangalore,3,1852.5,0.05,802.5,Cash on Delivery
ORD-13601,2025-09-04,CUST-1087,Alok Deshmukh 87,Technology,Accessories,USB-C Multi-Port Hub,East,Guwahati,5,8100.0,0.1,3600.0,Debit Card
ORD-13602,2024-02-03,CUST-1183,Kavita Das 183,Furniture,Bookcases,5-Tier Wooden Bookshelf,Central,Nagpur,2,13000.0,0.0,2600.0,Net Banking
ORD-13603,2025-03-27,CUST-1059,Karan Joshi 59,Technology,Phones,Smartphone Pro Max,South,Chennai,1,42750.0,0.05,6750.0,Cash on Delivery
ORD-13604,2025-07-23,CUST-1136,Amit Kumar 136,Technology,Accessories,Mechanical Keyboard,West,Ahmedabad,4,14000.0,0.0,6000.0,Debit Card
ORD-13605,2025-10-12,CUST-1156,Siddharth Jain 156,Furniture,Chairs,Mesh Executive Chair,East,Patna,1,12000.0,0.0,2500.0,Cash on Delivery
ORD-13606,2024-06-28,CUST-1202,Suresh Nair 202,Furniture,Chairs,Mesh Executive Chair,North,Lucknow,1,8400.0,0.3,-1100.0,Debit Card
ORD-13607,2025-01-14,CUST-1114,Sneha Reddy 114,Office Supplies,Paper,Premium Hardbound Notebook,East,Bhubaneswar,2,900.0,0.0,540.0,UPI
ORD-13608,2024-10-24,CUST-1074,Tarun Choudhury 74,Furniture,Tables,Adjustable Standing Desk,South,Bangalore,2,34200.0,0.05,6200.0,Debit Card
ORD-13609,2024-09-11,CUST-1112,Ravi Pillai 112,Office Supplies,Paper,A4 Multipurpose Copy Paper (Pack of 5),South,Bangalore,4,4800.0,0.0,2000.0,Cash on Delivery
ORD-13610,2025-05-10,CUST-1124,Suresh Nair 124,Technology,Phones,Smartphone Pro Max,North,Jaipur,1,45000.0,0.0,9000.0,Cash on Delivery
ORD-13611,2024-04-27,CUST-1243,Deepak Rao 243,Office Supplies,Art,Highlighter & Marker Set,Central,Bhopal,1,297.5,0.15,147.5,UPI
ORD-13612,2025-04-07,CUST-1055,Deepak Rao 55,Technology,Monitors,27-inch 4K Monitor,Central,Bhopal,3,66000.0,0.0,15000.0,Cash on Delivery
ORD-13613,2024-03-26,CUST-1191,Rahul Sharma 191,Technology,Accessories,Mechanical Keyboard,Central,Indore,1,1750.0,0.5,-250.0,Credit Card
ORD-13614,2024-06-09,CUST-1026,Siddharth Jain,Apparel,Footwear,Leather Oxford Shoes,Central,Bhopal,1,3200.0,0.0,1500.0,Debit Card
ORD-13615,2025-03-29,CUST-1056,Alok Deshmukh 56,Office Supplies,Art,Highlighter & Marker Set,East,Guwahati,1,350.0,0.0,200.0,Debit Card
ORD-13616,2024-05-20,CUST-1145,Rajesh Iyer 145,Apparel,Corporate Wear,Cotton Formal Shirt,East,Guwahati,1,1350.0,0.1,600.0,Debit Card
ORD-13617,2025-09-01,CUST-1190,Alok Deshmukh 190,Technology,Accessories,USB-C Multi-Port Hub,West,Pune,1,1620.0,0.1,720.0,Debit Card
ORD-13618,2024-02-22,CUST-1003,Rahul Sharma,Technology,Monitors,27-inch 4K Monitor,North,Lucknow,3,52800.0,0.2,1800.0,Cash on Delivery
ORD-13619,2024-09-06,CUST-1144,Shweta Mishra 144,Office Supplies,Binders,Heavy-Duty Ring Binder,Central,Nagpur,1,266.0,0.05,146.0,Debit Card
ORD-13620,2025-10-06,CUST-1153,Vikas Singh 153,Furniture,Bookcases,5-Tier Wooden Bookshelf,Central,Indore,2,10400.0,0.2,0.0,UPI
ORD-13621,2024-08-31,CUST-1167,Vikas Singh 167,Technology,Accessories,Mechanical Keyboard,West,Mumbai,2,6650.0,0.05,2650.0,Debit Card
ORD-13622,2025-02-21,CUST-1176,Shweta Mishra 176,Office Supplies,Art,Highlighter & Marker Set,West,Ahmedabad,2,420.0,0.4,120.0,Credit Card
ORD-13623,2024-09-02,CUST-1202,Suresh Nair 202,Office Supplies,Storage,Heavy Duty Arch File Box,Central,Nagpur,1,650.0,0.0,300.0,Credit Card
ORD-13624,2025-07-16,CUST-1171,Aarti Kapoor 171,Technology,Phones,Bluetooth Wireless Earbuds,East,Bhubaneswar,1,2125.0,0.15,925.0,UPI
ORD-13625,2024-09-06,CUST-1063,Divya Agarwal 63,Furniture,Tables,Adjustable Standing Desk,East,Kolkata,1,16200.0,0.1,2200.0,Credit Card
ORD-13626,2024-06-01,CUST-1001,Shweta Mishra,Technology,Phones,Smartphone Pro Max,South,Chennai,1,42750.0,0.05,6750.0,Credit Card
ORD-13627,2024-02-02,CUST-1198,Aarti Kapoor 198,Apparel,Corporate Wear,Tailored Blazer,South,Bangalore,4,15360.0,0.2,4960.0,Cash on Delivery
ORD-13628,2024-05-04,CUST-1186,Divya Agarwal 186,Office Supplies,Storage,Heavy Duty Arch File Box,South,Kochi,3,1852.5,0.05,802.5,Cash on Delivery
ORD-13629,2025-08-01,CUST-1174,Ananya Roy 174,Technology,Accessories,USB-C Multi-Port Hub,East,Bhubaneswar,3,2700.0,0.5,0.0,UPI
ORD-13630,2025-04-22,CUST-1192,Abhishek Saxena 192,Apparel,Corporate Wear,Cotton Formal Shirt,Central,Nagpur,1,1050.0,0.3,300.0,Net Banking
ORD-13631,2025-05-08,CUST-1048,Rohan Mehta 48,Technology,Accessories,Mechanical Keyboard,North,Delhi,1,3500.0,0.0,1500.0,Debit Card
ORD-13632,2025-12-16,CUST-1200,Aarti Kapoor 200,Technology,Accessories,Mechanical Keyboard,East,Kolkata,2,5600.0,0.2,1600.0,Credit Card
ORD-13633,2024-10-02,CUST-1224,Meera Sen 224,Technology,Accessories,Wireless Mouse,Central,Nagpur,1,800.0,0.0,400.0,Credit Card
ORD-13634,2025-04-14,CUST-1002,Ananya Roy,Apparel,Corporate Wear,Cotton Formal Shirt,West,Mumbai,3,2250.0,0.5,0.0,UPI
ORD-13635,2025-09-29,CUST-1068,Amit Kumar 68,Furniture,Tables,Wooden Conference Table,West,Ahmedabad,5,100000.0,0.2,-5000.0,Cash on Delivery
ORD-13636,2025-04-28,CUST-1037,Gaurav Tiwari 37,Office Supplies,Paper,Premium Hardbound Notebook,West,Ahmedabad,1,450.0,0.0,270.0,Cash on Delivery
ORD-13637,2024-07-09,CUST-1117,Karan Joshi 117,Office Supplies,Storage,Heavy Duty Arch File Box,East,Kolkata,1,455.0,0.3,105.0,UPI
ORD-13638,2025-12-05,CUST-1129,Neha Gupta 129,Apparel,Corporate Wear,Cotton Formal Shirt,East,Bhubaneswar,3,4275.0,0.05,2025.0,Cash on Delivery
ORD-13639,2024-12-28,CUST-1035,Swati Kulkarni 35,Office Supplies,Paper,Premium Hardbound Notebook,East,Guwahati,2,900.0,0.0,540.0,Debit Card
ORD-13640,2025-01-07,CUST-1127,Aarti Kapoor 127,Furniture,Chairs,Ergonomic Office Chair,East,Kolkata,1,5100.0,0.4,-900.0,Net Banking
ORD-13641,2024-10-20,CUST-1012,Ravi Pillai,Technology,Monitors,27-inch 4K Monitor,South,Chennai,2,39600.0,0.1,5600.0,Net Banking
ORD-13642,2024-03-11,CUST-1078,Rohan Mehta 78,Furniture,Tables,Wooden Conference Table,East,Guwahati,1,20000.0,0.2,-1000.0,Credit Card
ORD-13643,2024-08-11,CUST-1001,Shweta Mishra,Furniture,Tables,Wooden Conference Table,North,Delhi,3,60000.0,0.2,-3000.0,UPI
ORD-13644,2025-12-22,CUST-1027,Rohan Mehta,Office Supplies,Paper,A4 Multipurpose Copy Paper (Pack of 5),South,Hyderabad,2,2400.0,0.0,1000.0,Cash on Delivery
ORD-13645,2025-02-10,CUST-1137,Rohan Mehta 137,Office Supplies,Storage,Heavy Duty Arch File Box,South,Kochi,1,650.0,0.0,300.0,Debit Card
ORD-13646,2025-02-01,CUST-1081,Priya Patel 81,Office Supplies,Paper,Premium Hardbound Notebook,Central,Nagpur,1,270.0,0.4,90.0,Net Banking
ORD-13647,2024-01-23,CUST-1056,Alok Deshmukh 56,Office Supplies,Paper,Premium Hardbound Notebook,Central,Nagpur,3,1282.5,0.05,742.5,UPI
ORD-13648,2024-01-29,CUST-1072,Shweta Mishra 72,Apparel,Corporate Wear,Tailored Blazer,South,Kochi,2,9120.0,0.05,3920.0,Net Banking
ORD-13649,2024-08-20,CUST-1177,Sneha Reddy 177,Technology,Accessories,USB-C Multi-Port Hub,West,Pune,3,5400.0,0.0,2700.0,Cash on Delivery
ORD-13650,2024-04-26,CUST-1170,Amit Kumar 170,Technology,Monitors,27-inch 4K Monitor,East,Kolkata,1,11000.0,0.5,-6000.0,Credit Card
ORD-13651,2024-11-02,CUST-1097,Sneha Reddy 97,Technology,Phones,Bluetooth Wireless Earbuds,Central,Bhopal,1,1750.0,0.3,550.0,Credit Card
ORD-13652,2024-05-11,CUST-1132,Gaurav Tiwari 132,Technology,Monitors,27-inch 4K Monitor,West,Surat,1,20900.0,0.05,3900.0,UPI
ORD-13653,2024-03-30,CUST-1138,Bhavna Shah 138,Technology,Phones,Smartphone Pro Max,East,Guwahati,2,63000.0,0.3,-9000.0,Debit Card
ORD-13654,2025-11-24,CUST-1157,Siddharth Jain 157,Apparel,Corporate Wear,Cotton Formal Shirt,West,Surat,4,3000.0,0.5,0.0,Cash on Delivery
ORD-13655,2025-04-04,CUST-1160,Swati Kulkarni 160,Technology,Accessories,Mechanical Keyboard,West,Pune,4,14000.0,0.0,6000.0,UPI
ORD-13656,2025-05-17,CUST-1032,Manish Malhotra 32,Technology,Phones,Smartphone Pro Max,West,Surat,3,108000.0,0.2,0.0,Debit Card
ORD-13657,2025-06-13,CUST-1189,Siddharth Jain 189,Technology,Phones,Smartphone Pro Max,Central,Nagpur,2,90000.0,0.0,18000.0,UPI
ORD-13658,2025-03-19,CUST-1020,Amit Kumar,Office Supplies,Binders,Heavy-Duty Ring Binder,South,Hyderabad,1,266.0,0.05,146.0,UPI
ORD-13659,2025-02-21,CUST-1052,Amit Kumar 52,Technology,Phones,Smartphone Pro Max,South,Kochi,8,306000.0,0.15,18000.0,Debit Card
ORD-13660,2025-04-04,CUST-1210,Tarun Choudhury 210,Technology,Monitors,27-inch 4K Monitor,East,Kolkata,1,19800.0,0.1,2800.0,Cash on Delivery
ORD-13661,2025-02-24,CUST-1056,Alok Deshmukh 56,Office Supplies,Binders,Heavy-Duty Ring Binder,Central,Nagpur,1,140.0,0.5,20.0,Credit Card
ORD-13662,2025-06-22,CUST-1219,Alok Deshmukh 219,Apparel,Footwear,Leather Oxford Shoes,Central,Nagpur,1,1920.0,0.4,220.0,Credit Card
ORD-13663,2025-10-21,CUST-1211,Ravi Pillai 211,Technology,Accessories,Wireless Mouse,East,Kolkata,1,560.0,0.3,160.0,Debit Card
ORD-13664,2024-07-12,CUST-1204,Pooja Verma 204,Technology,Monitors,27-inch 4K Monitor,North,Chandigarh,1,20900.0,0.05,3900.0,Net Banking
ORD-13665,2024-05-03,CUST-1206,Sneha Reddy 206,Furniture,Chairs,Mesh Executive Chair,North,Chandigarh,2,14400.0,0.4,-4600.0,Debit Card
ORD-13666,2024-10-01,CUST-1194,Ananya Roy 194,Technology,Accessories,Mechanical Keyboard,West,Mumbai,1,3500.0,0.0,1500.0,Cash on Delivery
ORD-13667,2024-12-31,CUST-1096,Deepak Rao 96,Apparel,Corporate Wear,Cotton Formal Shirt,West,Pune,1,1200.0,0.2,450.0,Credit Card
ORD-13668,2025-11-27,CUST-1151,Vikas Singh 151,Apparel,Corporate Wear,Tailored Blazer,North,Lucknow,2,8640.0,0.1,3440.0,Credit Card
ORD-13669,2025-09-10,CUST-1162,Tarun Choudhury 162,Technology,Phones,Bluetooth Wireless Earbuds,South,Hyderabad,3,6375.0,0.15,2775.0,UPI
ORD-13670,2025-03-24,CUST-1208,Rahul Sharma 208,Furniture,Tables,Adjustable Standing Desk,North,Noida,3,54000.0,0.0,12000.0,Debit Card
ORD-13671,2025-07-25,CUST-1226,Rohan Mehta 226,Technology,Accessories,USB-C Multi-Port Hub,West,Surat,4,7200.0,0.0,3600.0,UPI
ORD-13672,2025-12-21,CUST-1181,Aditya Bose 181,Furniture,Chairs,Ergonomic Office Chair,East,Kolkata,1,5100.0,0.4,-900.0,Net Banking
ORD-13673,2024-08-26,CUST-1147,Tarun Choudhury 147,Furniture,Tables,Adjustable Standing Desk,West,Ahmedabad,1,17100.0,0.05,3100.0,Cash on Delivery
ORD-13674,2024-09-14,CUST-1082,Abhishek Saxena 82,Furniture,Chairs,Mesh Executive Chair,North,Jaipur,1,12000.0,0.0,2500.0,Cash on Delivery
ORD-13675,2024-09-05,CUST-1003,Rahul Sharma,Office Supplies,Binders,Heavy-Duty Ring Binder,Central,Indore,2,476.0,0.15,236.0,Cash on Delivery
ORD-13676,2024-02-17,CUST-1167,Vikas Singh 167,Apparel,Footwear,Leather Oxford Shoes,East,Patna,1,1600.0,0.5,-100.0,Cash on Delivery
ORD-13677,2025-04-20,CUST-1035,Swati Kulkarni 35,Furniture,Tables,Adjustable Standing Desk,North,Noida,8,72000.0,0.5,-40000.0,Cash on Delivery
ORD-13678,2024-06-29,CUST-1180,Manish Malhotra 180,Technology,Phones,Smartphone Pro Max,East,Guwahati,2,85500.0,0.05,13500.0,Debit Card
ORD-13679,2025-10-28,CUST-1237,Aditya Bose 237,Technology,Accessories,USB-C Multi-Port Hub,East,Guwahati,2,3600.0,0.0,1800.0,Credit Card
ORD-13680,2024-08-08,CUST-1247,Pooja Verma 247,Office Supplies,Binders,Heavy-Duty Ring Binder,South,Kochi,2,392.0,0.3,152.0,Credit Card
ORD-13681,2024-05-03,CUST-1123,Abhishek Saxena 123,Furniture,Chairs,Mesh Executive Chair,West,Mumbai,3,36000.0,0.0,7500.0,Debit Card
ORD-13682,2024-05-15,CUST-1167,Vikas Singh 167,Technology,Monitors,27-inch 4K Monitor,South,Hyderabad,1,11000.0,0.5,-6000.0,Cash on Delivery
ORD-13683,2024-08-23,CUST-1208,Rahul Sharma 208,Technology,Accessories,Mechanical Keyboard,East,Bhubaneswar,1,3325.0,0.05,1325.0,Net Banking
ORD-13684,2024-10-04,CUST-1229,Aarti Kapoor 229,Apparel,Corporate Wear,Tailored Blazer,North,Jaipur,1,4800.0,0.0,2200.0,Debit Card
ORD-13685,2025-07-20,CUST-1224,Meera Sen 224,Furniture,Tables,Adjustable Standing Desk,South,Bangalore,1,16200.0,0.1,2200.0,Credit Card
ORD-13686,2025-01-11,CUST-1002,Ananya Roy,Furniture,Tables,Wooden Conference Table,East,Guwahati,1,25000.0,0.0,4000.0,UPI
ORD-13687,2025-11-15,CUST-1110,Sneha Reddy 110,Technology,Accessories,USB-C Multi-Port Hub,West,Surat,8,14400.0,0.0,7200.0,Cash on Delivery
ORD-13688,2025-08-12,CUST-1073,Aditya Bose 73,Technology,Phones,Smartphone Pro Max,West,Surat,1,22500.0,0.5,-13500.0,Cash on Delivery
ORD-13689,2025-09-26,CUST-1181,Aditya Bose 181,Technology,Accessories,USB-C Multi-Port Hub,South,Kochi,1,1620.0,0.1,720.0,Credit Card
ORD-13690,2024-11-03,CUST-1024,Aditya Bose,Technology,Accessories,Mechanical Keyboard,Central,Bhopal,1,3500.0,0.0,1500.0,UPI
ORD-13691,2024-01-28,CUST-1165,Deepak Rao 165,Furniture,Chairs,Ergonomic Office Chair,West,Surat,1,7650.0,0.1,1650.0,Credit Card
ORD-13692,2025-08-14,CUST-1152,Karan Joshi 152,Technology,Monitors,27-inch 4K Monitor,North,Lucknow,1,17600.0,0.2,600.0,Net Banking
ORD-13693,2025-03-19,CUST-1150,Divya Agarwal 150,Office Supplies,Storage,Heavy Duty Arch File Box,Central,Bhopal,3,975.0,0.5,-75.0,Debit Card
ORD-13694,2024-08-27,CUST-1060,Gaurav Tiwari 60,Apparel,Corporate Wear,Tailored Blazer,East,Kolkata,2,9600.0,0.0,4400.0,UPI
ORD-13695,2025-10-02,CUST-1201,Shweta Mishra 201,Furniture,Chairs,Ergonomic Office Chair,Central,Nagpur,1,4250.0,0.5,-1750.0,Credit Card
ORD-13696,2024-12-21,CUST-1220,Shweta Mishra 220,Technology,Phones,Bluetooth Wireless Earbuds,West,Mumbai,1,2500.0,0.0,1300.0,Cash on Delivery
ORD-13697,2024-07-11,CUST-1070,Pooja Verma 70,Office Supplies,Storage,Heavy Duty Arch File Box,South,Chennai,3,1170.0,0.4,120.0,Cash on Delivery
ORD-13698,2025-09-11,CUST-1059,Karan Joshi 59,Furniture,Chairs,Mesh Executive Chair,West,Pune,2,24000.0,0.0,5000.0,Cash on Delivery
ORD-13699,2025-01-25,CUST-1112,Ravi Pillai 112,Furniture,Tables,Adjustable Standing Desk,North,Noida,1,15300.0,0.15,1300.0,Debit Card
ORD-13700,2024-06-28,CUST-1073,Aditya Bose 73,Furniture,Chairs,Mesh Executive Chair,Central,Bhopal,1,6000.0,0.5,-3500.0,Credit Card
ORD-13701,2025-07-21,CUST-1085,Pooja Verma 85,Furniture,Bookcases,5-Tier Wooden Bookshelf,North,Chandigarh,1,5525.0,0.15,325.0,UPI
ORD-13702,2025-08-14,CUST-1221,Pooja Verma 221,Office Supplies,Paper,A4 Multipurpose Copy Paper (Pack of 5),South,Hyderabad,2,1680.0,0.3,280.0,UPI
ORD-13703,2024-09-11,CUST-1146,Kavita Das 146,Office Supplies,Storage,Heavy Duty Arch File Box,Central,Indore,1,617.5,0.05,267.5,Debit Card
ORD-13704,2025-09-07,CUST-1025,Rahul Sharma,Office Supplies,Binders,Heavy-Duty Ring Binder,East,Patna,1,196.0,0.3,76.0,UPI
ORD-13705,2025-07-16,CUST-1134,Kavita Das 134,Furniture,Chairs,Ergonomic Office Chair,North,Delhi,3,12750.0,0.5,-5250.0,Debit Card
ORD-13706,2024-12-15,CUST-1055,Deepak Rao 55,Furniture,Tables,Adjustable Standing Desk,West,Surat,2,21600.0,0.4,-6400.0,Net Banking
ORD-13707,2025-03-16,CUST-1116,Kavita Das 116,Apparel,Footwear,Leather Oxford Shoes,Central,Nagpur,2,4480.0,0.3,1080.0,UPI
ORD-13708,2025-02-22,CUST-1180,Manish Malhotra 180,Technology,Phones,Smartphone Pro Max,East,Kolkata,4,144000.0,0.2,0.0,Cash on Delivery
ORD-13709,2024-02-22,CUST-1022,Neha Gupta,Furniture,Tables,Adjustable Standing Desk,Central,Indore,4,72000.0,0.0,16000.0,UPI
ORD-13710,2024-08-08,CUST-1205,Manish Malhotra 205,Apparel,Corporate Wear,Cotton Formal Shirt,West,Surat,1,1200.0,0.2,450.0,Net Banking
ORD-13711,2025-01-02,CUST-1108,Aditya Bose 108,Office Supplies,Storage,Heavy Duty Arch File Box,West,Mumbai,2,1300.0,0.0,600.0,Cash on Delivery
ORD-13712,2025-06-01,CUST-1109,Shweta Mishra 109,Technology,Accessories,Wireless Mouse,North,Chandigarh,2,1440.0,0.1,640.0,Debit Card
ORD-13713,2025-07-30,CUST-1228,Deepak Rao 228,Technology,Monitors,27-inch 4K Monitor,South,Hyderabad,2,37400.0,0.15,3400.0,Cash on Delivery
ORD-13714,2025-10-17,CUST-1148,Bhavna Shah 148,Apparel,Corporate Wear,Cotton Formal Shirt,West,Mumbai,4,5400.0,0.1,2400.0,Debit Card
ORD-13715,2024-01-18,CUST-1166,Neha Gupta 166,Furniture,Bookcases,5-Tier Wooden Bookshelf,East,Guwahati,4,13000.0,0.5,-7800.0,Credit Card
ORD-13716,2025-05-11,CUST-1088,Neha Gupta 88,Furniture,Tables,Wooden Conference Table,North,Lucknow,3,67500.0,0.1,4500.0,Credit Card
ORD-13717,2025-07-28,CUST-1112,Ravi Pillai 112,Technology,Accessories,USB-C Multi-Port Hub,East,Bhubaneswar,4,5040.0,0.3,1440.0,UPI
ORD-13718,2024-11-03,CUST-1217,Bhavna Shah 217,Technology,Phones,Bluetooth Wireless Earbuds,West,Mumbai,8,19000.0,0.05,9400.0,Cash on Delivery
ORD-13719,2024-11-27,CUST-1126,Aarti Kapoor 126,Office Supplies,Storage,Heavy Duty Arch File Box,South,Kochi,4,2340.0,0.1,940.0,Cash on Delivery
ORD-13720,2024-03-14,CUST-1162,Tarun Choudhury 162,Office Supplies,Storage,Heavy Duty Arch File Box,South,Hyderabad,2,1040.0,0.2,340.0,Cash on Delivery
ORD-13721,2024-02-23,CUST-1172,Priya Patel 172,Office Supplies,Paper,Premium Hardbound Notebook,South,Hyderabad,2,855.0,0.05,495.0,UPI
ORD-13722,2024-03-27,CUST-1006,Neha Gupta,Technology,Accessories,USB-C Multi-Port Hub,South,Kochi,2,2880.0,0.2,1080.0,Cash on Delivery
ORD-13723,2024-12-21,CUST-1054,Ananya Roy 54,Technology,Accessories,Wireless Mouse,West,Ahmedabad,1,560.0,0.3,160.0,Net Banking
ORD-13724,2024-12-24,CUST-1195,Abhishek Saxena 195,Office Supplies,Binders,Heavy-Duty Ring Binder,North,Lucknow,1,224.0,0.2,104.0,Credit Card
ORD-13725,2024-02-22,CUST-1243,Deepak Rao 243,Furniture,Chairs,Ergonomic Office Chair,East,Bhubaneswar,1,7650.0,0.1,1650.0,Credit Card
ORD-13726,2025-10-05,CUST-1104,Bhavna Shah 104,Apparel,Corporate Wear,Cotton Formal Shirt,Central,Indore,3,4275.0,0.05,2025.0,Credit Card
ORD-13727,2024-04-17,CUST-1138,Bhavna Shah 138,Technology,Accessories,USB-C Multi-Port Hub,South,Chennai,1,1260.0,0.3,360.0,Net Banking
ORD-13728,2024-03-31,CUST-1123,Abhishek Saxena 123,Technology,Accessories,Mechanical Keyboard,East,Bhubaneswar,3,7350.0,0.3,1350.0,Debit Card
ORD-13729,2024-10-13,CUST-1119,Shweta Mishra 119,Office Supplies,Art,Highlighter & Marker Set,East,Bhubaneswar,2,700.0,0.0,400.0,Net Banking
ORD-13730,2024-09-07,CUST-1242,Bhavna Shah 242,Office Supplies,Paper,Premium Hardbound Notebook,East,Patna,2,540.0,0.4,180.0,Cash on Delivery
ORD-13731,2025-07-21,CUST-1235,Bhavna Shah 235,Office Supplies,Binders,Heavy-Duty Ring Binder,East,Patna,3,714.0,0.15,354.0,Cash on Delivery
ORD-13732,2024-10-06,CUST-1167,Vikas Singh 167,Furniture,Chairs,Mesh Executive Chair,West,Ahmedabad,1,10200.0,0.15,700.0,Credit Card
ORD-13733,2025-04-01,CUST-1192,Abhishek Saxena 192,Office Supplies,Art,Highlighter & Marker Set,West,Mumbai,5,1662.5,0.05,912.5,Net Banking
ORD-13734,2025-02-02,CUST-1120,Nisha Bhat 120,Office Supplies,Storage,Heavy Duty Arch File Box,Central,Indore,1,585.0,0.1,235.0,Credit Card
ORD-13735,2024-01-24,CUST-1246,Gaurav Tiwari 246,Office Supplies,Binders,Heavy-Duty Ring Binder,East,Guwahati,1,252.0,0.1,132.0,Cash on Delivery
ORD-13736,2025-03-31,CUST-1090,Ananya Roy 90,Furniture,Chairs,Ergonomic Office Chair,West,Mumbai,1,5950.0,0.3,-50.0,Credit Card
ORD-13737,2025-10-29,CUST-1016,Swati Kulkarni,Apparel,Footwear,Leather Oxford Shoes,North,Delhi,2,6400.0,0.0,3000.0,Cash on Delivery
ORD-13738,2024-10-11,CUST-1204,Pooja Verma 204,Office Supplies,Storage,Heavy Duty Arch File Box,West,Surat,1,390.0,0.4,40.0,Credit Card
ORD-13739,2024-09-04,CUST-1191,Rahul Sharma 191,Furniture,Tables,Wooden Conference Table,West,Ahmedabad,1,21250.0,0.15,250.0,Net Banking
ORD-13740,2025-01-09,CUST-1063,Divya Agarwal 63,Furniture,Bookcases,5-Tier Wooden Bookshelf,South,Chennai,4,26000.0,0.0,5200.0,Net Banking
ORD-13741,2025-03-16,CUST-1009,Ravi Pillai,Technology,Accessories,Wireless Mouse,North,Jaipur,2,800.0,0.5,0.0,UPI
ORD-13742,2024-03-12,CUST-1016,Swati Kulkarni,Furniture,Chairs,Mesh Executive Chair,West,Ahmedabad,3,36000.0,0.0,7500.0,UPI
ORD-13743,2025-09-06,CUST-1177,Sneha Reddy 177,Apparel,Corporate Wear,Cotton Formal Shirt,Central,Nagpur,3,3825.0,0.15,1575.0,UPI
ORD-13744,2024-03-29,CUST-1141,Nisha Bhat 141,Technology,Phones,Smartphone Pro Max,West,Pune,3,94500.0,0.3,-13500.0,Debit Card
ORD-13745,2025-02-15,CUST-1110,Sneha Reddy 110,Technology,Accessories,USB-C Multi-Port Hub,West,Ahmedabad,2,2880.0,0.2,1080.0,UPI
ORD-13746,2025-06-06,CUST-1165,Deepak Rao 165,Office Supplies,Storage,Heavy Duty Arch File Box,Central,Indore,2,1170.0,0.1,470.0,Net Banking
ORD-13747,2025-08-20,CUST-1106,Shweta Mishra 106,Office Supplies,Paper,Premium Hardbound Notebook,East,Bhubaneswar,3,1350.0,0.0,810.0,Debit Card
ORD-13748,2025-11-11,CUST-1154,Neha Gupta 154,Apparel,Footwear,Leather Oxford Shoes,West,Mumbai,2,3200.0,0.5,-200.0,UPI
ORD-13749,2024-10-09,CUST-1180,Manish Malhotra 180,Furniture,Chairs,Mesh Executive Chair,South,Bangalore,3,18000.0,0.5,-10500.0,Credit Card
ORD-13750,2025-05-23,CUST-1109,Shweta Mishra 109,Furniture,Tables,Wooden Conference Table,North,Jaipur,1,17500.0,0.3,-3500.0,Credit Card
ORD-13751,2025-09-30,CUST-1137,Rohan Mehta 137,Office Supplies,Storage,Heavy Duty Arch File Box,South,Chennai,1,650.0,0.0,300.0,Debit Card
ORD-13752,2024-03-09,CUST-1056,Alok Deshmukh 56,Technology,Accessories,USB-C Multi-Port Hub,Central,Indore,1,1620.0,0.1,720.0,Net Banking
ORD-13753,2024-11-10,CUST-1063,Divya Agarwal 63,Furniture,Chairs,Ergonomic Office Chair,Central,Nagpur,3,22950.0,0.1,4950.0,Net Banking
ORD-13754,2025-05-27,CUST-1087,Alok Deshmukh 87,Technology,Monitors,27-inch 4K Monitor,West,Surat,1,19800.0,0.1,2800.0,Credit Card
ORD-13755,2024-01-03,CUST-1049,Aarti Kapoor 49,Furniture,Bookcases,5-Tier Wooden Bookshelf,Central,Indore,1,6500.0,0.0,1300.0,Credit Card
ORD-13756,2024-08-19,CUST-1201,Shweta Mishra 201,Apparel,Corporate Wear,Cotton Formal Shirt,East,Bhubaneswar,3,4500.0,0.0,2250.0,Cash on Delivery
ORD-13757,2025-11-29,CUST-1221,Pooja Verma 221,Office Supplies,Storage,Heavy Duty Arch File Box,East,Patna,4,1820.0,0.3,420.0,Net Banking
ORD-13758,2024-10-07,CUST-1236,Rahul Sharma 236,Office Supplies,Paper,A4 Multipurpose Copy Paper (Pack of 5),North,Noida,2,2400.0,0.0,1000.0,Credit Card
ORD-13759,2024-12-29,CUST-1051,Ananya Roy 51,Furniture,Tables,Adjustable Standing Desk,East,Patna,2,36000.0,0.0,8000.0,Debit Card
ORD-13760,2024-08-03,CUST-1244,Tarun Choudhury 244,Apparel,Corporate Wear,Cotton Formal Shirt,Central,Indore,2,3000.0,0.0,1500.0,Net Banking
ORD-13761,2025-07-17,CUST-1155,Ravi Pillai 155,Furniture,Bookcases,5-Tier Wooden Bookshelf,West,Mumbai,3,11700.0,0.4,-3900.0,Debit Card
ORD-13762,2025-12-23,CUST-1204,Pooja Verma 204,Technology,Accessories,USB-C Multi-Port Hub,South,Kochi,1,1080.0,0.4,180.0,UPI
ORD-13763,2025-01-20,CUST-1118,Bhavna Shah 118,Office Supplies,Paper,A4 Multipurpose Copy Paper (Pack of 5),Central,Bhopal,1,1140.0,0.05,440.0,UPI
ORD-13764,2025-08-24,CUST-1057,Deepak Rao 57,Furniture,Tables,Wooden Conference Table,Central,Nagpur,1,25000.0,0.0,4000.0,UPI
ORD-13765,2024-07-19,CUST-1246,Gaurav Tiwari 246,Apparel,Corporate Wear,Tailored Blazer,North,Jaipur,4,18240.0,0.05,7840.0,Debit Card
ORD-13766,2024-05-10,CUST-1181,Aditya Bose 181,Technology,Monitors,27-inch 4K Monitor,West,Pune,1,11000.0,0.5,-6000.0,Debit Card
ORD-13767,2025-08-11,CUST-1119,Shweta Mishra 119,Furniture,Chairs,Mesh Executive Chair,North,Noida,3,36000.0,0.0,7500.0,Credit Card
ORD-13768,2024-03-05,CUST-1132,Gaurav Tiwari 132,Furniture,Bookcases,5-Tier Wooden Bookshelf,South,Kochi,4,23400.0,0.1,2600.0,UPI
ORD-13769,2024-03-30,CUST-1076,Deepak Rao 76,Office Supplies,Paper,Premium Hardbound Notebook,North,Lucknow,1,382.5,0.15,202.5,Debit Card
ORD-13770,2025-01-06,CUST-1051,Ananya Roy 51,Technology,Accessories,Mechanical Keyboard,North,Jaipur,1,3325.0,0.05,1325.0,UPI
ORD-13771,2024-11-15,CUST-1137,Rohan Mehta 137,Technology,Accessories,USB-C Multi-Port Hub,North,Delhi,2,2880.0,0.2,1080.0,Debit Card
ORD-13772,2025-09-20,CUST-1141,Nisha Bhat 141,Furniture,Tables,Wooden Conference Table,West,Ahmedabad,2,40000.0,0.2,-2000.0,Credit Card
ORD-13773,2024-11-04,CUST-1201,Shweta Mishra 201,Apparel,Corporate Wear,Tailored Blazer,South,Bangalore,1,2400.0,0.5,-200.0,Cash on Delivery
ORD-13774,2024-09-30,CUST-1088,Neha Gupta 88,Technology,Phones,Bluetooth Wireless Earbuds,North,Chandigarh,1,2500.0,0.0,1300.0,Cash on Delivery
ORD-13775,2024-04-15,CUST-1006,Neha Gupta,Office Supplies,Storage,Heavy Duty Arch File Box,North,Chandigarh,8,4160.0,0.2,1360.0,Cash on Delivery
ORD-13776,2024-04-05,CUST-1005,Karan Joshi,Technology,Accessories,Mechanical Keyboard,Central,Nagpur,1,3150.0,0.1,1150.0,Credit Card
ORD-13777,2024-05-06,CUST-1104,Bhavna Shah 104,Apparel,Corporate Wear,Tailored Blazer,South,Kochi,3,14400.0,0.0,6600.0,Credit Card
ORD-13778,2025-11-12,CUST-1238,Suresh Nair 238,Office Supplies,Paper,Premium Hardbound Notebook,South,Kochi,3,675.0,0.5,135.0,Net Banking
ORD-13779,2024-05-29,CUST-1008,Vikas Singh,Apparel,Corporate Wear,Cotton Formal Shirt,South,Hyderabad,2,3000.0,0.0,1500.0,UPI
ORD-13780,2024-01-12,CUST-1089,Alok Deshmukh 89,Apparel,Footwear,Leather Oxford Shoes,South,Chennai,2,5440.0,0.15,2040.0,Net Banking
ORD-13781,2024-05-12,CUST-1195,Abhishek Saxena 195,Technology,Phones,Bluetooth Wireless Earbuds,Central,Nagpur,2,4750.0,0.05,2350.0,Credit Card
ORD-13782,2024-05-29,CUST-1008,Vikas Singh,Technology,Accessories,Mechanical Keyboard,East,Patna,2,3500.0,0.5,-500.0,Net Banking
ORD-13783,2024-05-11,CUST-1066,Bhavna Shah 66,Furniture,Chairs,Ergonomic Office Chair,Central,Indore,5,42500.0,0.0,12500.0,Cash on Delivery
ORD-13784,2024-11-06,CUST-1231,Siddharth Jain 231,Technology,Accessories,Mechanical Keyboard,West,Mumbai,3,10500.0,0.0,4500.0,Cash on Delivery
ORD-13785,2025-02-13,CUST-1005,Karan Joshi,Office Supplies,Paper,Premium Hardbound Notebook,North,Jaipur,2,900.0,0.0,540.0,Credit Card
ORD-13786,2024-09-25,CUST-1004,Ravi Pillai,Office Supplies,Storage,Heavy Duty Arch File Box,West,Ahmedabad,4,2340.0,0.1,940.0,Net Banking
ORD-13787,2025-02-12,CUST-1178,Gaurav Tiwari 178,Furniture,Bookcases,5-Tier Wooden Bookshelf,North,Noida,1,6500.0,0.0,1300.0,Cash on Delivery
ORD-13788,2025-08-21,CUST-1130,Preeti Pandey 130,Furniture,Bookcases,5-Tier Wooden Bookshelf,East,Guwahati,5,29250.0,0.1,3250.0,Credit Card
ORD-13789,2024-02-06,CUST-1025,Rahul Sharma,Office Supplies,Paper,Premium Hardbound Notebook,West,Ahmedabad,1,450.0,0.0,270.0,Credit Card
ORD-13790,2025-06-11,CUST-1144,Shweta Mishra 144,Office Supplies,Binders,Heavy-Duty Ring Binder,Central,Nagpur,4,784.0,0.3,304.0,Net Banking
ORD-13791,2024-12-21,CUST-1234,Meera Sen 234,Furniture,Chairs,Mesh Executive Chair,North,Lucknow,1,12000.0,0.0,2500.0,Net Banking
ORD-13792,2025-10-27,CUST-1152,Karan Joshi 152,Technology,Accessories,Wireless Mouse,North,Delhi,3,2280.0,0.05,1080.0,Cash on Delivery
ORD-13793,2025-01-26,CUST-1003,Rahul Sharma,Furniture,Tables,Adjustable Standing Desk,East,Patna,2,25200.0,0.3,-2800.0,UPI
ORD-13794,2025-08-14,CUST-1158,Karan Joshi 158,Technology,Accessories,Wireless Mouse,South,Bangalore,1,800.0,0.0,400.0,Debit Card
ORD-13795,2025-06-17,CUST-1151,Vikas Singh 151,Furniture,Bookcases,5-Tier Wooden Bookshelf,South,Chennai,5,16250.0,0.5,-9750.0,Debit Card
ORD-13796,2024-12-25,CUST-1032,Manish Malhotra 32,Furniture,Tables,Adjustable Standing Desk,East,Kolkata,5,85500.0,0.05,15500.0,Debit Card
ORD-13797,2025-03-27,CUST-1033,Neha Gupta 33,Apparel,Corporate Wear,Tailored Blazer,South,Hyderabad,4,15360.0,0.2,4960.0,Net Banking
ORD-13798,2024-08-08,CUST-1164,Kavita Das 164,Technology,Accessories,Mechanical Keyboard,Central,Indore,3,10500.0,0.0,4500.0,Net Banking
ORD-13799,2025-05-20,CUST-1003,Rahul Sharma,Apparel,Corporate Wear,Tailored Blazer,West,Surat,3,8640.0,0.4,840.0,Net Banking
ORD-13800,2024-12-05,CUST-1170,Amit Kumar 170,Technology,Phones,Bluetooth Wireless Earbuds,Central,Bhopal,1,1500.0,0.4,300.0,Credit Card
ORD-13801,2024-06-11,CUST-1135,Karan Joshi 135,Technology,Monitors,27-inch 4K Monitor,Central,Bhopal,3,66000.0,0.0,15000.0,Cash on Delivery
ORD-13802,2024-08-11,CUST-1040,Aarti Kapoor 40,Furniture,Chairs,Mesh Executive Chair,West,Pune,1,7200.0,0.4,-2300.0,Cash on Delivery
ORD-13803,2024-12-17,CUST-1187,Meera Sen 187,Furniture,Tables,Wooden Conference Table,East,Guwahati,4,70000.0,0.3,-14000.0,Cash on Delivery
ORD-13804,2024-01-19,CUST-1157,Siddharth Jain 157,Office Supplies,Paper,Premium Hardbound Notebook,West,Ahmedabad,3,1282.5,0.05,742.5,Net Banking
ORD-13805,2024-10-02,CUST-1148,Bhavna Shah 148,Furniture,Bookcases,5-Tier Wooden Bookshelf,Central,Indore,1,6500.0,0.0,1300.0,Credit Card
ORD-13806,2024-12-31,CUST-1021,Rohan Mehta,Office Supplies,Binders,Heavy-Duty Ring Binder,West,Ahmedabad,2,476.0,0.15,236.0,Cash on Delivery
ORD-13807,2025-12-23,CUST-1160,Swati Kulkarni 160,Office Supplies,Binders,Heavy-Duty Ring Binder,West,Surat,5,1400.0,0.0,800.0,UPI
ORD-13808,2025-12-23,CUST-1249,Priya Patel 249,Apparel,Corporate Wear,Cotton Formal Shirt,East,Bhubaneswar,1,1275.0,0.15,525.0,UPI
ORD-13809,2025-12-20,CUST-1127,Aarti Kapoor 127,Office Supplies,Storage,Heavy Duty Arch File Box,West,Ahmedabad,1,325.0,0.5,-25.0,Net Banking
ORD-13810,2024-12-30,CUST-1019,Rahul Sharma,Office Supplies,Paper,A4 Multipurpose Copy Paper (Pack of 5),East,Patna,4,2400.0,0.5,-400.0,Net Banking
ORD-13811,2025-03-27,CUST-1136,Amit Kumar 136,Office Supplies,Storage,Heavy Duty Arch File Box,South,Bangalore,4,2600.0,0.0,1200.0,Cash on Delivery
ORD-13812,2024-07-30,CUST-1090,Ananya Roy 90,Apparel,Corporate Wear,Cotton Formal Shirt,South,Bangalore,3,3600.0,0.2,1350.0,Credit Card
ORD-13813,2024-02-08,CUST-1022,Neha Gupta,Furniture,Bookcases,5-Tier Wooden Bookshelf,Central,Indore,2,13000.0,0.0,2600.0,Credit Card
ORD-13814,2024-12-09,CUST-1195,Abhishek Saxena 195,Apparel,Corporate Wear,Tailored Blazer,South,Hyderabad,3,7200.0,0.5,-600.0,Credit Card
ORD-13815,2025-05-06,CUST-1098,Deepak Rao 98,Office Supplies,Storage,Heavy Duty Arch File Box,Central,Bhopal,2,780.0,0.4,80.0,Debit Card
ORD-13816,2025-03-22,CUST-1168,Meera Sen 168,Technology,Accessories,Mechanical Keyboard,North,Noida,8,25200.0,0.1,9200.0,UPI
ORD-13817,2024-07-27,CUST-1051,Ananya Roy 51,Furniture,Tables,Wooden Conference Table,Central,Bhopal,1,21250.0,0.15,250.0,Credit Card
ORD-13818,2025-03-25,CUST-1192,Abhishek Saxena 192,Furniture,Chairs,Mesh Executive Chair,West,Surat,1,8400.0,0.3,-1100.0,UPI
ORD-13819,2024-11-14,CUST-1226,Rohan Mehta 226,Technology,Accessories,Wireless Mouse,West,Pune,2,1280.0,0.2,480.0,UPI
ORD-13820,2025-09-21,CUST-1228,Deepak Rao 228,Office Supplies,Storage,Heavy Duty Arch File Box,East,Patna,5,2600.0,0.2,850.0,Credit Card
ORD-13821,2025-05-22,CUST-1035,Swati Kulkarni 35,Technology,Accessories,Mechanical Keyboard,West,Pune,1,3150.0,0.1,1150.0,Cash on Delivery
ORD-13822,2025-08-10,CUST-1017,Manish Malhotra,Technology,Phones,Smartphone Pro Max,Central,Nagpur,1,27000.0,0.4,-9000.0,Debit Card
ORD-13823,2025-02-22,CUST-1114,Sneha Reddy 114,Technology,Phones,Bluetooth Wireless Earbuds,Central,Indore,3,7500.0,0.0,3900.0,UPI
ORD-13824,2024-12-31,CUST-1185,Aditya Bose 185,Furniture,Chairs,Ergonomic Office Chair,Central,Bhopal,4,23800.0,0.3,-200.0,Net Banking
ORD-13825,2024-12-14,CUST-1141,Nisha Bhat 141,Technology,Phones,Bluetooth Wireless Earbuds,North,Lucknow,1,2000.0,0.2,800.0,Debit Card
ORD-13826,2024-08-10,CUST-1242,Bhavna Shah 242,Office Supplies,Paper,A4 Multipurpose Copy Paper (Pack of 5),East,Guwahati,2,2160.0,0.1,760.0,Debit Card
ORD-13827,2025-02-08,CUST-1001,Shweta Mishra,Office Supplies,Art,Highlighter & Marker Set,Central,Nagpur,3,1050.0,0.0,600.0,Net Banking
ORD-13828,2024-12-23,CUST-1146,Kavita Das 146,Technology,Phones,Smartphone Pro Max,Central,Nagpur,1,31500.0,0.3,-4500.0,Debit Card
ORD-13829,2025-01-14,CUST-1018,Priya Patel,Technology,Phones,Bluetooth Wireless Earbuds,Central,Nagpur,2,4500.0,0.1,2100.0,UPI
ORD-13830,2024-11-10,CUST-1043,Nisha Bhat 43,Furniture,Bookcases,5-Tier Wooden Bookshelf,South,Bangalore,1,5850.0,0.1,650.0,Cash on Delivery
ORD-13831,2025-07-08,CUST-1046,Karan Joshi 46,Apparel,Corporate Wear,Cotton Formal Shirt,South,Hyderabad,2,2100.0,0.3,600.0,Debit Card
ORD-13832,2025-03-26,CUST-1114,Sneha Reddy 114,Office Supplies,Storage,Heavy Duty Arch File Box,West,Surat,3,975.0,0.5,-75.0,UPI
ORD-13833,2025-05-07,CUST-1005,Karan Joshi,Office Supplies,Paper,A4 Multipurpose Copy Paper (Pack of 5),West,Ahmedabad,3,3240.0,0.1,1140.0,Credit Card
ORD-13834,2025-10-15,CUST-1057,Deepak Rao 57,Office Supplies,Storage,Heavy Duty Arch File Box,Central,Indore,2,1300.0,0.0,600.0,Debit Card
ORD-13835,2025-02-24,CUST-1205,Manish Malhotra 205,Apparel,Footwear,Leather Oxford Shoes,South,Chennai,3,4800.0,0.5,-300.0,Debit Card
ORD-13836,2025-09-19,CUST-1220,Shweta Mishra 220,Technology,Accessories,Mechanical Keyboard,East,Guwahati,5,16625.0,0.05,6625.0,Debit Card
ORD-13837,2024-04-25,CUST-1089,Alok Deshmukh 89,Furniture,Chairs,Ergonomic Office Chair,West,Surat,2,17000.0,0.0,5000.0,UPI
ORD-13838,2024-04-22,CUST-1032,Manish Malhotra 32,Furniture,Bookcases,5-Tier Wooden Bookshelf,West,Surat,2,12350.0,0.05,1950.0,Debit Card
ORD-13839,2025-09-21,CUST-1247,Pooja Verma 247,Furniture,Tables,Adjustable Standing Desk,South,Bangalore,3,48600.0,0.1,6600.0,Cash on Delivery
ORD-13840,2025-05-10,CUST-1035,Swati Kulkarni 35,Technology,Monitors,27-inch 4K Monitor,West,Ahmedabad,2,26400.0,0.4,-7600.0,Debit Card
ORD-13841,2025-02-14,CUST-1066,Bhavna Shah 66,Technology,Phones,Smartphone Pro Max,South,Hyderabad,1,31500.0,0.3,-4500.0,Debit Card
ORD-13842,2024-04-07,CUST-1101,Abhishek Saxena 101,Apparel,Corporate Wear,Tailored Blazer,West,Ahmedabad,2,4800.0,0.5,-400.0,Debit Card
ORD-13843,2024-06-04,CUST-1061,Priya Patel 61,Technology,Phones,Bluetooth Wireless Earbuds,Central,Indore,5,10625.0,0.15,4625.0,Cash on Delivery
ORD-13844,2024-01-19,CUST-1214,Aarti Kapoor 214,Apparel,Footwear,Leather Oxford Shoes,West,Surat,3,8640.0,0.1,3540.0,Net Banking
ORD-13845,2025-01-05,CUST-1238,Suresh Nair 238,Apparel,Corporate Wear,Cotton Formal Shirt,North,Chandigarh,1,1500.0,0.0,750.0,Cash on Delivery
ORD-13846,2024-09-25,CUST-1161,Manish Malhotra 161,Technology,Phones,Smartphone Pro Max,South,Kochi,1,42750.0,0.05,6750.0,Debit Card
ORD-13847,2025-03-30,CUST-1001,Shweta Mishra,Furniture,Tables,Wooden Conference Table,North,Chandigarh,1,20000.0,0.2,-1000.0,Cash on Delivery
ORD-13848,2025-03-31,CUST-1163,Swati Kulkarni 163,Technology,Phones,Smartphone Pro Max,West,Surat,2,63000.0,0.3,-9000.0,Credit Card
ORD-13849,2024-11-23,CUST-1082,Abhishek Saxena 82,Apparel,Footwear,Leather Oxford Shoes,West,Mumbai,2,6080.0,0.05,2680.0,Net Banking
ORD-13850,2024-10-17,CUST-1197,Siddharth Jain 197,Office Supplies,Paper,Premium Hardbound Notebook,North,Delhi,2,855.0,0.05,495.0,Cash on Delivery
ORD-13851,2025-02-01,CUST-1026,Siddharth Jain,Technology,Accessories,Wireless Mouse,North,Chandigarh,1,800.0,0.0,400.0,UPI
ORD-13852,2024-04-17,CUST-1113,Neha Gupta 113,Technology,Accessories,Mechanical Keyboard,East,Guwahati,2,6300.0,0.1,2300.0,Cash on Delivery
ORD-13853,2024-02-04,CUST-1126,Aarti Kapoor 126,Apparel,Corporate Wear,Tailored Blazer,East,Bhubaneswar,5,20400.0,0.15,7400.0,Debit Card
ORD-13854,2025-12-05,CUST-1029,Shweta Mishra,Office Supplies,Paper,A4 Multipurpose Copy Paper (Pack of 5),Central,Bhopal,2,1200.0,0.5,-200.0,Net Banking
ORD-13855,2025-03-31,CUST-1103,Nisha Bhat 103,Furniture,Chairs,Mesh Executive Chair,West,Pune,3,25200.0,0.3,-3300.0,Credit Card
ORD-13856,2025-01-11,CUST-1226,Rohan Mehta 226,Office Supplies,Paper,A4 Multipurpose Copy Paper (Pack of 5),Central,Nagpur,1,840.0,0.3,140.0,UPI
ORD-13857,2025-04-10,CUST-1033,Neha Gupta 33,Technology,Phones,Bluetooth Wireless Earbuds,Central,Nagpur,1,2500.0,0.0,1300.0,Credit Card
ORD-13858,2024-08-24,CUST-1206,Sneha Reddy 206,Office Supplies,Paper,A4 Multipurpose Copy Paper (Pack of 5),North,Lucknow,2,2400.0,0.0,1000.0,Debit Card
ORD-13859,2024-07-13,CUST-1013,Tarun Choudhury,Office Supplies,Art,Highlighter & Marker Set,West,Pune,2,630.0,0.1,330.0,Cash on Delivery
ORD-13860,2024-08-20,CUST-1111,Siddharth Jain 111,Office Supplies,Paper,Premium Hardbound Notebook,South,Hyderabad,2,450.0,0.5,90.0,Net Banking
ORD-13861,2025-03-28,CUST-1197,Siddharth Jain 197,Technology,Accessories,USB-C Multi-Port Hub,West,Mumbai,1,1800.0,0.0,900.0,UPI
ORD-13862,2025-04-12,CUST-1173,Alok Deshmukh 173,Furniture,Chairs,Mesh Executive Chair,West,Surat,3,21600.0,0.4,-6900.0,Credit Card
ORD-13863,2025-02-03,CUST-1212,Karan Joshi 212,Technology,Accessories,Wireless Mouse,Central,Bhopal,8,5440.0,0.15,2240.0,Credit Card
ORD-13864,2025-11-16,CUST-1230,Sneha Reddy 230,Office Supplies,Binders,Heavy-Duty Ring Binder,Central,Indore,3,840.0,0.0,480.0,Credit Card
ORD-13865,2025-06-02,CUST-1222,Preeti Pandey 222,Apparel,Corporate Wear,Cotton Formal Shirt,East,Guwahati,5,7500.0,0.0,3750.0,UPI
ORD-13866,2024-05-09,CUST-1173,Alok Deshmukh 173,Technology,Phones,Bluetooth Wireless Earbuds,South,Chennai,1,2500.0,0.0,1300.0,Debit Card
ORD-13867,2024-06-11,CUST-1207,Divya Agarwal 207,Office Supplies,Paper,Premium Hardbound Notebook,North,Delhi,2,540.0,0.4,180.0,Cash on Delivery
ORD-13868,2024-05-30,CUST-1216,Meera Sen 216,Furniture,Bookcases,5-Tier Wooden Bookshelf,Central,Indore,1,5525.0,0.15,325.0,Net Banking
ORD-13869,2024-09-27,CUST-1162,Tarun Choudhury 162,Furniture,Tables,Adjustable Standing Desk,East,Patna,3,54000.0,0.0,12000.0,Debit Card
ORD-13870,2025-12-03,CUST-1072,Shweta Mishra 72,Furniture,Tables,Wooden Conference Table,North,Delhi,2,30000.0,0.4,-12000.0,Debit Card
ORD-13871,2024-03-28,CUST-1055,Deepak Rao 55,Office Supplies,Paper,Premium Hardbound Notebook,East,Bhubaneswar,2,900.0,0.0,540.0,Debit Card
ORD-13872,2024-05-27,CUST-1015,Amit Kumar,Furniture,Chairs,Ergonomic Office Chair,Central,Nagpur,2,17000.0,0.0,5000.0,Cash on Delivery
ORD-13873,2024-08-09,CUST-1114,Sneha Reddy 114,Office Supplies,Storage,Heavy Duty Arch File Box,Central,Indore,3,1170.0,0.4,120.0,Debit Card
ORD-13874,2025-05-23,CUST-1241,Ananya Roy 241,Technology,Accessories,USB-C Multi-Port Hub,West,Surat,2,3600.0,0.0,1800.0,UPI
ORD-13875,2024-03-17,CUST-1067,Kavita Das 67,Apparel,Corporate Wear,Cotton Formal Shirt,South,Chennai,1,1350.0,0.1,600.0,UPI
ORD-13876,2024-04-09,CUST-1029,Shweta Mishra,Technology,Monitors,27-inch 4K Monitor,East,Bhubaneswar,2,35200.0,0.2,1200.0,UPI
ORD-13877,2024-07-19,CUST-1001,Shweta Mishra,Apparel,Corporate Wear,Cotton Formal Shirt,East,Guwahati,4,4200.0,0.3,1200.0,Net Banking
ORD-13878,2024-02-17,CUST-1188,Karan Joshi 188,Apparel,Footwear,Leather Oxford Shoes,North,Chandigarh,2,4480.0,0.3,1080.0,Net Banking
ORD-13879,2024-04-21,CUST-1249,Priya Patel 249,Apparel,Corporate Wear,Tailored Blazer,South,Kochi,1,2400.0,0.5,-200.0,Debit Card
ORD-13880,2024-01-03,CUST-1124,Suresh Nair 124,Office Supplies,Storage,Heavy Duty Arch File Box,East,Kolkata,2,1300.0,0.0,600.0,UPI
ORD-13881,2025-05-25,CUST-1038,Alok Deshmukh 38,Technology,Accessories,Mechanical Keyboard,West,Surat,2,6300.0,0.1,2300.0,UPI
ORD-13882,2025-05-28,CUST-1100,Rohan Mehta 100,Apparel,Footwear,Leather Oxford Shoes,South,Bangalore,1,3200.0,0.0,1500.0,Net Banking
ORD-13883,2024-10-31,CUST-1204,Pooja Verma 204,Office Supplies,Paper,Premium Hardbound Notebook,West,Surat,2,900.0,0.0,540.0,Cash on Delivery
ORD-13884,2025-09-19,CUST-1022,Neha Gupta,Office Supplies,Paper,Premium Hardbound Notebook,North,Jaipur,3,1282.5,0.05,742.5,Cash on Delivery
ORD-13885,2025-11-26,CUST-1205,Manish Malhotra 205,Apparel,Footwear,Leather Oxford Shoes,North,Noida,3,6720.0,0.3,1620.0,UPI
ORD-13886,2024-08-22,CUST-1077,Swati Kulkarni 77,Technology,Phones,Bluetooth Wireless Earbuds,West,Mumbai,3,3750.0,0.5,150.0,Net Banking
ORD-13887,2025-12-03,CUST-1189,Siddharth Jain 189,Office Supplies,Paper,A4 Multipurpose Copy Paper (Pack of 5),Central,Nagpur,1,960.0,0.2,260.0,Cash on Delivery
ORD-13888,2024-05-25,CUST-1149,Shweta Mishra 149,Office Supplies,Paper,Premium Hardbound Notebook,East,Kolkata,2,900.0,0.0,540.0,UPI
ORD-13889,2024-12-06,CUST-1018,Priya Patel,Furniture,Chairs,Mesh Executive Chair,East,Bhubaneswar,3,30600.0,0.15,2100.0,Credit Card
ORD-13890,2025-02-15,CUST-1204,Pooja Verma 204,Technology,Accessories,Wireless Mouse,South,Chennai,1,400.0,0.5,0.0,UPI
ORD-13891,2025-07-17,CUST-1182,Amit Kumar 182,Apparel,Corporate Wear,Cotton Formal Shirt,East,Patna,3,2700.0,0.4,450.0,UPI
ORD-13892,2024-05-24,CUST-1222,Preeti Pandey 222,Furniture,Chairs,Mesh Executive Chair,South,Hyderabad,2,14400.0,0.4,-4600.0,Debit Card
ORD-13893,2024-07-15,CUST-1175,Vikas Singh 175,Technology,Accessories,USB-C Multi-Port Hub,North,Chandigarh,1,1710.0,0.05,810.0,Debit Card
ORD-13894,2024-03-27,CUST-1123,Abhishek Saxena 123,Furniture,Tables,Wooden Conference Table,West,Ahmedabad,1,23750.0,0.05,2750.0,Debit Card
ORD-13895,2024-05-05,CUST-1007,Neha Gupta,Technology,Monitors,27-inch 4K Monitor,North,Jaipur,1,22000.0,0.0,5000.0,Credit Card
ORD-13896,2025-07-10,CUST-1063,Divya Agarwal 63,Furniture,Chairs,Ergonomic Office Chair,North,Noida,1,5100.0,0.4,-900.0,Cash on Delivery
ORD-13897,2025-12-24,CUST-1149,Shweta Mishra 149,Technology,Accessories,Wireless Mouse,South,Hyderabad,3,1200.0,0.5,0.0,Net Banking
ORD-13898,2024-04-12,CUST-1127,Aarti Kapoor 127,Office Supplies,Binders,Heavy-Duty Ring Binder,North,Chandigarh,2,532.0,0.05,292.0,UPI
ORD-13899,2024-12-19,CUST-1116,Kavita Das 116,Technology,Accessories,Mechanical Keyboard,Central,Indore,1,3150.0,0.1,1150.0,Net Banking
ORD-13900,2024-01-05,CUST-1085,Pooja Verma 85,Technology,Accessories,USB-C Multi-Port Hub,East,Patna,2,3420.0,0.05,1620.0,Cash on Delivery
ORD-13901,2025-08-27,CUST-1083,Neha Gupta 83,Furniture,Chairs,Ergonomic Office Chair,South,Kochi,1,7650.0,0.1,1650.0,UPI
ORD-13902,2025-07-24,CUST-1117,Karan Joshi 117,Office Supplies,Paper,Premium Hardbound Notebook,East,Guwahati,4,1440.0,0.2,720.0,UPI
ORD-13903,2024-01-10,CUST-1100,Rohan Mehta 100,Furniture,Tables,Adjustable Standing Desk,South,Hyderabad,1,9000.0,0.5,-5000.0,Net Banking
ORD-13904,2025-11-23,CUST-1216,Meera Sen 216,Furniture,Chairs,Mesh Executive Chair,North,Chandigarh,3,36000.0,0.0,7500.0,Credit Card
ORD-13905,2024-08-19,CUST-1046,Karan Joshi 46,Furniture,Tables,Adjustable Standing Desk,Central,Indore,3,37800.0,0.3,-4200.0,Debit Card
ORD-13906,2025-05-26,CUST-1230,Sneha Reddy 230,Furniture,Tables,Adjustable Standing Desk,West,Mumbai,3,48600.0,0.1,6600.0,Cash on Delivery
ORD-13907,2024-10-14,CUST-1220,Shweta Mishra 220,Technology,Accessories,Mechanical Keyboard,Central,Indore,3,7350.0,0.3,1350.0,Credit Card
ORD-13908,2024-04-29,CUST-1139,Swati Kulkarni 139,Technology,Accessories,USB-C Multi-Port Hub,West,Surat,1,1530.0,0.15,630.0,Debit Card
ORD-13909,2024-06-15,CUST-1124,Suresh Nair 124,Technology,Accessories,Mechanical Keyboard,East,Patna,3,9450.0,0.1,3450.0,Net Banking
ORD-13910,2025-02-27,CUST-1213,Meera Sen 213,Technology,Phones,Smartphone Pro Max,North,Delhi,1,22500.0,0.5,-13500.0,Net Banking
ORD-13911,2025-02-05,CUST-1079,Nisha Bhat 79,Office Supplies,Art,Highlighter & Marker Set,West,Ahmedabad,2,595.0,0.15,295.0,Net Banking
ORD-13912,2024-12-15,CUST-1132,Gaurav Tiwari 132,Apparel,Footwear,Leather Oxford Shoes,East,Bhubaneswar,1,1600.0,0.5,-100.0,Credit Card
ORD-13913,2024-10-30,CUST-1069,Siddharth Jain 69,Technology,Accessories,Wireless Mouse,South,Bangalore,2,1440.0,0.1,640.0,Net Banking
ORD-13914,2025-06-25,CUST-1220,Shweta Mishra 220,Office Supplies,Paper,A4 Multipurpose Copy Paper (Pack of 5),East,Kolkata,3,2880.0,0.2,780.0,Cash on Delivery
ORD-13915,2025-09-03,CUST-1047,Vikas Singh 47,Office Supplies,Storage,Heavy Duty Arch File Box,North,Lucknow,2,1040.0,0.2,340.0,Cash on Delivery
ORD-13916,2025-05-02,CUST-1009,Ravi Pillai,Office Supplies,Art,Highlighter & Marker Set,East,Guwahati,1,297.5,0.15,147.5,Net Banking
ORD-13917,2024-02-11,CUST-1194,Ananya Roy 194,Furniture,Chairs,Ergonomic Office Chair,Central,Nagpur,4,27200.0,0.2,3200.0,Credit Card
ORD-13918,2025-01-20,CUST-1058,Aditya Bose 58,Office Supplies,Binders,Heavy-Duty Ring Binder,East,Bhubaneswar,4,784.0,0.3,304.0,UPI
ORD-13919,2025-11-17,CUST-1015,Amit Kumar,Office Supplies,Art,Highlighter & Marker Set,South,Hyderabad,1,210.0,0.4,60.0,Cash on Delivery
ORD-13920,2025-03-05,CUST-1045,Suresh Nair 45,Technology,Monitors,27-inch 4K Monitor,North,Chandigarh,2,44000.0,0.0,10000.0,Debit Card
ORD-13921,2024-07-25,CUST-1042,Sneha Reddy 42,Furniture,Chairs,Mesh Executive Chair,South,Chennai,1,12000.0,0.0,2500.0,Credit Card
ORD-13922,2025-09-23,CUST-1151,Vikas Singh 151,Furniture,Chairs,Mesh Executive Chair,West,Ahmedabad,1,9600.0,0.2,100.0,UPI
ORD-13923,2025-01-21,CUST-1145,Rajesh Iyer 145,Furniture,Tables,Adjustable Standing Desk,South,Bangalore,1,15300.0,0.15,1300.0,Credit Card
ORD-13924,2024-07-14,CUST-1088,Neha Gupta 88,Office Supplies,Art,Highlighter & Marker Set,Central,Indore,1,350.0,0.0,200.0,Cash on Delivery
ORD-13925,2024-12-11,CUST-1063,Divya Agarwal 63,Office Supplies,Binders,Heavy-Duty Ring Binder,North,Delhi,3,756.0,0.1,396.0,Debit Card
ORD-13926,2025-06-27,CUST-1227,Vikas Singh 227,Apparel,Corporate Wear,Tailored Blazer,West,Ahmedabad,2,8160.0,0.15,2960.0,Credit Card
ORD-13927,2024-04-19,CUST-1030,Nisha Bhat,Apparel,Footwear,Leather Oxford Shoes,Central,Bhopal,1,2720.0,0.15,1020.0,Debit Card
ORD-13928,2024-11-14,CUST-1136,Amit Kumar 136,Technology,Accessories,Wireless Mouse,West,Pune,8,5120.0,0.2,1920.0,Debit Card
ORD-13929,2024-05-15,CUST-1094,Shweta Mishra 94,Furniture,Bookcases,5-Tier Wooden Bookshelf,North,Chandigarh,2,10400.0,0.2,0.0,Cash on Delivery
ORD-13930,2025-06-26,CUST-1164,Kavita Das 164,Office Supplies,Art,Highlighter & Marker Set,Central,Indore,1,350.0,0.0,200.0,UPI
ORD-13931,2024-08-22,CUST-1185,Aditya Bose 185,Apparel,Footwear,Leather Oxford Shoes,South,Chennai,1,3200.0,0.0,1500.0,Net Banking
ORD-13932,2024-02-05,CUST-1231,Siddharth Jain 231,Technology,Accessories,USB-C Multi-Port Hub,Central,Nagpur,4,4320.0,0.4,720.0,Net Banking
ORD-13933,2025-02-28,CUST-1237,Aditya Bose 237,Furniture,Chairs,Ergonomic Office Chair,Central,Nagpur,2,10200.0,0.4,-1800.0,Net Banking
ORD-13934,2025-08-02,CUST-1135,Karan Joshi 135,Office Supplies,Binders,Heavy-Duty Ring Binder,South,Kochi,1,280.0,0.0,160.0,Debit Card
ORD-13935,2024-06-10,CUST-1207,Divya Agarwal 207,Furniture,Tables,Wooden Conference Table,Central,Indore,3,75000.0,0.0,12000.0,Cash on Delivery
ORD-13936,2024-04-25,CUST-1122,Neha Gupta 122,Apparel,Footwear,Leather Oxford Shoes,East,Patna,1,2560.0,0.2,860.0,UPI
ORD-13937,2024-08-28,CUST-1050,Suresh Nair 50,Technology,Monitors,27-inch 4K Monitor,Central,Nagpur,2,30800.0,0.3,-3200.0,UPI
ORD-13938,2024-01-20,CUST-1083,Neha Gupta 83,Technology,Accessories,USB-C Multi-Port Hub,North,Lucknow,2,3240.0,0.1,1440.0,Debit Card
ORD-13939,2025-10-05,CUST-1175,Vikas Singh 175,Technology,Monitors,27-inch 4K Monitor,North,Delhi,3,46200.0,0.3,-4800.0,Debit Card
ORD-13940,2024-10-31,CUST-1070,Pooja Verma 70,Technology,Accessories,USB-C Multi-Port Hub,East,Patna,2,1800.0,0.5,0.0,Credit Card
ORD-13941,2025-11-05,CUST-1018,Priya Patel,Technology,Accessories,Mechanical Keyboard,West,Surat,1,2450.0,0.3,450.0,Debit Card
ORD-13942,2025-10-27,CUST-1200,Aarti Kapoor 200,Technology,Phones,Smartphone Pro Max,West,Pune,1,22500.0,0.5,-13500.0,Net Banking
ORD-13943,2024-09-15,CUST-1071,Preeti Pandey 71,Technology,Monitors,27-inch 4K Monitor,North,Lucknow,4,70400.0,0.2,2400.0,UPI
ORD-13944,2025-05-07,CUST-1137,Rohan Mehta 137,Furniture,Bookcases,5-Tier Wooden Bookshelf,West,Pune,1,3250.0,0.5,-1950.0,Debit Card
ORD-13945,2025-06-03,CUST-1244,Tarun Choudhury 244,Office Supplies,Binders,Heavy-Duty Ring Binder,South,Chennai,2,532.0,0.05,292.0,Net Banking
ORD-13946,2025-07-01,CUST-1182,Amit Kumar 182,Technology,Accessories,Wireless Mouse,East,Kolkata,3,2160.0,0.1,960.0,Debit Card
ORD-13947,2025-04-01,CUST-1153,Vikas Singh 153,Technology,Phones,Bluetooth Wireless Earbuds,South,Chennai,1,2500.0,0.0,1300.0,Debit Card
ORD-13948,2025-11-10,CUST-1129,Neha Gupta 129,Technology,Phones,Smartphone Pro Max,Central,Nagpur,2,90000.0,0.0,18000.0,Debit Card
ORD-13949,2024-02-15,CUST-1185,Aditya Bose 185,Technology,Phones,Smartphone Pro Max,Central,Indore,2,63000.0,0.3,-9000.0,Credit Card
ORD-13950,2024-01-29,CUST-1159,Ravi Pillai 159,Technology,Phones,Bluetooth Wireless Earbuds,West,Mumbai,2,5000.0,0.0,2600.0,UPI
ORD-13951,2025-07-29,CUST-1040,Aarti Kapoor 40,Apparel,Corporate Wear,Tailored Blazer,West,Pune,1,4800.0,0.0,2200.0,Cash on Delivery
ORD-13952,2025-04-05,CUST-1216,Meera Sen 216,Technology,Accessories,Wireless Mouse,West,Pune,3,1200.0,0.5,0.0,Debit Card
ORD-13953,2025-06-01,CUST-1042,Sneha Reddy 42,Apparel,Footwear,Leather Oxford Shoes,North,Jaipur,2,5440.0,0.15,2040.0,Debit Card
ORD-13954,2024-05-07,CUST-1020,Amit Kumar,Office Supplies,Storage,Heavy Duty Arch File Box,South,Kochi,1,325.0,0.5,-25.0,Credit Card
ORD-13955,2024-01-20,CUST-1232,Aarti Kapoor 232,Office Supplies,Art,Highlighter & Marker Set,West,Surat,1,350.0,0.0,200.0,Debit Card
ORD-13956,2024-07-06,CUST-1077,Swati Kulkarni 77,Apparel,Corporate Wear,Tailored Blazer,East,Bhubaneswar,2,9600.0,0.0,4400.0,Net Banking
ORD-13957,2024-05-13,CUST-1089,Alok Deshmukh 89,Technology,Accessories,USB-C Multi-Port Hub,Central,Nagpur,1,1800.0,0.0,900.0,Credit Card
ORD-13958,2024-11-03,CUST-1244,Tarun Choudhury 244,Office Supplies,Binders,Heavy-Duty Ring Binder,East,Bhubaneswar,3,672.0,0.2,312.0,Net Banking
ORD-13959,2025-05-06,CUST-1044,Manish Malhotra 44,Furniture,Tables,Adjustable Standing Desk,West,Pune,2,34200.0,0.05,6200.0,Debit Card
ORD-13960,2024-11-07,CUST-1119,Shweta Mishra 119,Apparel,Corporate Wear,Cotton Formal Shirt,East,Bhubaneswar,2,2400.0,0.2,900.0,Debit Card
ORD-13961,2025-05-02,CUST-1029,Shweta Mishra,Furniture,Bookcases,5-Tier Wooden Bookshelf,East,Patna,1,3900.0,0.4,-1300.0,UPI
ORD-13962,2024-06-09,CUST-1158,Karan Joshi 158,Apparel,Footwear,Leather Oxford Shoes,North,Lucknow,1,1920.0,0.4,220.0,UPI
ORD-13963,2025-11-16,CUST-1149,Shweta Mishra 149,Office Supplies,Storage,Heavy Duty Arch File Box,North,Delhi,3,975.0,0.5,-75.0,Debit Card
ORD-13964,2024-01-10,CUST-1154,Neha Gupta 154,Technology,Accessories,USB-C Multi-Port Hub,East,Patna,2,2520.0,0.3,720.0,Net Banking
ORD-13965,2024-05-10,CUST-1074,Tarun Choudhury 74,Technology,Monitors,27-inch 4K Monitor,East,Guwahati,2,44000.0,0.0,10000.0,Credit Card
ORD-13966,2025-01-09,CUST-1067,Kavita Das 67,Technology,Phones,Bluetooth Wireless Earbuds,North,Lucknow,1,1250.0,0.5,50.0,Credit Card
ORD-13967,2024-02-24,CUST-1153,Vikas Singh 153,Technology,Accessories,USB-C Multi-Port Hub,West,Mumbai,4,6120.0,0.15,2520.0,Credit Card
ORD-13968,2025-04-22,CUST-1062,Ravi Pillai 62,Technology,Phones,Smartphone Pro Max,North,Chandigarh,1,45000.0,0.0,9000.0,Net Banking
ORD-13969,2024-11-14,CUST-1067,Kavita Das 67,Office Supplies,Binders,Heavy-Duty Ring Binder,West,Surat,2,560.0,0.0,320.0,UPI
ORD-13970,2025-11-05,CUST-1236,Rahul Sharma 236,Furniture,Chairs,Mesh Executive Chair,South,Hyderabad,2,21600.0,0.1,2600.0,Net Banking
ORD-13971,2024-12-18,CUST-1164,Kavita Das 164,Furniture,Chairs,Mesh Executive Chair,West,Surat,2,16800.0,0.3,-2200.0,Net Banking
ORD-13972,2024-03-25,CUST-1091,Kavita Das 91,Furniture,Chairs,Mesh Executive Chair,Central,Bhopal,3,36000.0,0.0,7500.0,Net Banking
ORD-13973,2024-06-16,CUST-1190,Alok Deshmukh 190,Furniture,Tables,Wooden Conference Table,East,Bhubaneswar,1,25000.0,0.0,4000.0,UPI
ORD-13974,2024-07-26,CUST-1037,Gaurav Tiwari 37,Apparel,Footwear,Leather Oxford Shoes,North,Noida,1,3200.0,0.0,1500.0,Net Banking
ORD-13975,2024-11-03,CUST-1105,Abhishek Saxena 105,Technology,Accessories,USB-C Multi-Port Hub,West,Ahmedabad,1,1080.0,0.4,180.0,Net Banking
ORD-13976,2024-09-12,CUST-1216,Meera Sen 216,Furniture,Bookcases,5-Tier Wooden Bookshelf,West,Ahmedabad,2,13000.0,0.0,2600.0,Debit Card
ORD-13977,2024-06-29,CUST-1165,Deepak Rao 165,Furniture,Chairs,Mesh Executive Chair,North,Chandigarh,2,12000.0,0.5,-7000.0,Credit Card
ORD-13978,2025-12-23,CUST-1189,Siddharth Jain 189,Office Supplies,Storage,Heavy Duty Arch File Box,East,Patna,3,1755.0,0.1,705.0,Cash on Delivery
ORD-13979,2024-08-18,CUST-1160,Swati Kulkarni 160,Furniture,Chairs,Ergonomic Office Chair,West,Pune,2,13600.0,0.2,1600.0,Cash on Delivery
ORD-13980,2024-01-20,CUST-1071,Preeti Pandey 71,Furniture,Bookcases,5-Tier Wooden Bookshelf,South,Chennai,3,16575.0,0.15,975.0,Credit Card
ORD-13981,2025-06-09,CUST-1121,Siddharth Jain 121,Apparel,Corporate Wear,Tailored Blazer,South,Hyderabad,2,9120.0,0.05,3920.0,Cash on Delivery
ORD-13982,2024-04-10,CUST-1229,Aarti Kapoor 229,Furniture,Chairs,Mesh Executive Chair,South,Bangalore,5,57000.0,0.05,9500.0,Debit Card
ORD-13983,2024-12-07,CUST-1013,Tarun Choudhury,Technology,Monitors,27-inch 4K Monitor,South,Kochi,1,22000.0,0.0,5000.0,Credit Card
ORD-13984,2024-10-27,CUST-1239,Rajesh Iyer 239,Furniture,Tables,Adjustable Standing Desk,North,Noida,2,34200.0,0.05,6200.0,Net Banking
ORD-13985,2024-06-10,CUST-1015,Amit Kumar,Furniture,Chairs,Mesh Executive Chair,South,Hyderabad,1,12000.0,0.0,2500.0,Net Banking
ORD-13986,2024-02-19,CUST-1033,Neha Gupta 33,Furniture,Chairs,Mesh Executive Chair,South,Hyderabad,1,12000.0,0.0,2500.0,Net Banking
ORD-13987,2025-11-11,CUST-1137,Rohan Mehta 137,Office Supplies,Binders,Heavy-Duty Ring Binder,North,Noida,5,1260.0,0.1,660.0,UPI
ORD-13988,2024-12-27,CUST-1176,Shweta Mishra 176,Furniture,Tables,Wooden Conference Table,West,Surat,1,25000.0,0.0,4000.0,Cash on Delivery
ORD-13989,2025-09-27,CUST-1041,Gaurav Tiwari 41,Office Supplies,Paper,A4 Multipurpose Copy Paper (Pack of 5),West,Mumbai,1,1140.0,0.05,440.0,Cash on Delivery
ORD-13990,2024-02-06,CUST-1241,Ananya Roy 241,Office Supplies,Binders,Heavy-Duty Ring Binder,Central,Bhopal,2,532.0,0.05,292.0,Debit Card
ORD-13991,2024-01-22,CUST-1090,Ananya Roy 90,Furniture,Chairs,Mesh Executive Chair,West,Ahmedabad,5,60000.0,0.0,12500.0,Cash on Delivery
ORD-13992,2025-12-31,CUST-1029,Shweta Mishra,Furniture,Bookcases,5-Tier Wooden Bookshelf,East,Patna,1,6500.0,0.0,1300.0,Net Banking
ORD-13993,2025-03-18,CUST-1205,Manish Malhotra 205,Furniture,Chairs,Mesh Executive Chair,South,Chennai,8,76800.0,0.2,800.0,Credit Card
ORD-13994,2024-01-18,CUST-1216,Meera Sen 216,Office Supplies,Storage,Heavy Duty Arch File Box,North,Chandigarh,1,650.0,0.0,300.0,Cash on Delivery
ORD-13995,2025-11-03,CUST-1243,Deepak Rao 243,Office Supplies,Storage,Heavy Duty Arch File Box,South,Hyderabad,1,650.0,0.0,300.0,Net Banking
ORD-13996,2025-03-22,CUST-1241,Ananya Roy 241,Technology,Accessories,USB-C Multi-Port Hub,West,Mumbai,1,1800.0,0.0,900.0,Debit Card
ORD-13997,2025-09-13,CUST-1144,Shweta Mishra 144,Office Supplies,Paper,Premium Hardbound Notebook,Central,Indore,2,720.0,0.2,360.0,Cash on Delivery
ORD-13998,2025-04-01,CUST-1118,Bhavna Shah 118,Technology,Accessories,USB-C Multi-Port Hub,West,Pune,2,2880.0,0.2,1080.0,UPI
ORD-13999,2025-06-01,CUST-1011,Abhishek Saxena,Apparel,Footwear,Leather Oxford Shoes,North,Delhi,1,2880.0,0.1,1180.0,Net Banking
ORD-14000,2024-04-08,CUST-1218,Ananya Roy 218,Technology,Accessories,Mechanical Keyboard,South,Chennai,2,4200.0,0.4,200.0,Cash on Delivery
ORD-14001,2025-05-27,CUST-1143,Rohan Mehta 143,Technology,Phones,Smartphone Pro Max,Central,Nagpur,1,40500.0,0.1,4500.0,Net Banking
ORD-14002,2025-10-18,CUST-1134,Kavita Das 134,Technology,Phones,Smartphone Pro Max,East,Guwahati,3,114750.0,0.15,6750.0,UPI
ORD-14003,2025-06-24,CUST-1210,Tarun Choudhury 210,Office Supplies,Paper,A4 Multipurpose Copy Paper (Pack of 5),East,Kolkata,10,12000.0,0.0,5000.0,Cash on Delivery
ORD-14004,2025-01-25,CUST-1086,Amit Kumar 86,Office Supplies,Paper,Premium Hardbound Notebook,Central,Nagpur,3,1080.0,0.2,540.0,Net Banking
ORD-14005,2024-06-29,CUST-1135,Karan Joshi 135,Technology,Accessories,Mechanical Keyboard,North,Chandigarh,5,12250.0,0.3,2250.0,Credit Card
ORD-14006,2024-01-02,CUST-1186,Divya Agarwal 186,Apparel,Corporate Wear,Tailored Blazer,North,Jaipur,1,4560.0,0.05,1960.0,Net Banking
ORD-14007,2024-08-03,CUST-1091,Kavita Das 91,Office Supplies,Storage,Heavy Duty Arch File Box,West,Mumbai,2,1235.0,0.05,535.0,UPI
ORD-14008,2025-06-30,CUST-1057,Deepak Rao 57,Technology,Accessories,Mechanical Keyboard,East,Guwahati,5,10500.0,0.4,500.0,Cash on Delivery
ORD-14009,2025-08-21,CUST-1161,Manish Malhotra 161,Apparel,Footwear,Leather Oxford Shoes,West,Mumbai,2,5440.0,0.15,2040.0,Debit Card
ORD-14010,2025-09-14,CUST-1141,Nisha Bhat 141,Furniture,Chairs,Ergonomic Office Chair,East,Guwahati,4,30600.0,0.1,6600.0,Net Banking
ORD-14011,2025-05-07,CUST-1068,Amit Kumar 68,Apparel,Footwear,Leather Oxford Shoes,North,Chandigarh,1,1920.0,0.4,220.0,Net Banking
ORD-14012,2025-04-05,CUST-1096,Deepak Rao 96,Technology,Accessories,USB-C Multi-Port Hub,Central,Indore,3,5400.0,0.0,2700.0,UPI
ORD-14013,2025-03-11,CUST-1078,Rohan Mehta 78,Office Supplies,Paper,A4 Multipurpose Copy Paper (Pack of 5),East,Kolkata,1,600.0,0.5,-100.0,Debit Card
ORD-14014,2025-02-15,CUST-1054,Ananya Roy 54,Furniture,Tables,Wooden Conference Table,South,Bangalore,2,35000.0,0.3,-7000.0,Credit Card
ORD-14015,2025-08-25,CUST-1239,Rajesh Iyer 239,Technology,Phones,Bluetooth Wireless Earbuds,North,Delhi,1,1500.0,0.4,300.0,Debit Card
ORD-14016,2025-03-14,CUST-1085,Pooja Verma 85,Furniture,Chairs,Ergonomic Office Chair,South,Kochi,3,17850.0,0.3,-150.0,Credit Card
ORD-14017,2024-01-19,CUST-1174,Ananya Roy 174,Furniture,Chairs,Ergonomic Office Chair,North,Chandigarh,2,10200.0,0.4,-1800.0,Net Banking
ORD-14018,2024-04-20,CUST-1152,Karan Joshi 152,Technology,Monitors,27-inch 4K Monitor,East,Kolkata,1,13200.0,0.4,-3800.0,Net Banking
ORD-14019,2025-10-05,CUST-1068,Amit Kumar 68,Technology,Accessories,Mechanical Keyboard,South,Hyderabad,5,15750.0,0.1,5750.0,Debit Card
ORD-14020,2024-10-11,CUST-1076,Deepak Rao 76,Apparel,Footwear,Leather Oxford Shoes,North,Noida,10,32000.0,0.0,15000.0,Cash on Delivery
ORD-14021,2025-08-23,CUST-1236,Rahul Sharma 236,Apparel,Corporate Wear,Tailored Blazer,South,Kochi,1,3360.0,0.3,760.0,Credit Card
ORD-14022,2025-06-16,CUST-1131,Priya Patel 131,Office Supplies,Binders,Heavy-Duty Ring Binder,South,Hyderabad,1,224.0,0.2,104.0,Credit Card
ORD-14023,2024-01-14,CUST-1052,Amit Kumar 52,Furniture,Tables,Wooden Conference Table,South,Chennai,3,75000.0,0.0,12000.0,UPI
ORD-14024,2024-01-31,CUST-1149,Shweta Mishra 149,Technology,Accessories,USB-C Multi-Port Hub,West,Pune,1,900.0,0.5,0.0,Debit Card
ORD-14025,2025-09-25,CUST-1240,Rahul Sharma 240,Furniture,Chairs,Mesh Executive Chair,North,Chandigarh,2,21600.0,0.1,2600.0,UPI
ORD-14026,2025-03-24,CUST-1146,Kavita Das 146,Apparel,Footwear,Leather Oxford Shoes,East,Patna,10,25600.0,0.2,8600.0,Net Banking
ORD-14027,2024-06-05,CUST-1132,Gaurav Tiwari 132,Office Supplies,Binders,Heavy-Duty Ring Binder,South,Hyderabad,1,140.0,0.5,20.0,Net Banking
ORD-14028,2024-06-09,CUST-1038,Alok Deshmukh 38,Furniture,Bookcases,5-Tier Wooden Bookshelf,South,Kochi,3,15600.0,0.2,0.0,UPI
ORD-14029,2024-01-05,CUST-1043,Nisha Bhat 43,Technology,Phones,Bluetooth Wireless Earbuds,South,Bangalore,1,2250.0,0.1,1050.0,UPI
ORD-14030,2025-01-16,CUST-1098,Deepak Rao 98,Office Supplies,Art,Highlighter & Marker Set,East,Kolkata,1,350.0,0.0,200.0,Debit Card
ORD-14031,2025-06-15,CUST-1145,Rajesh Iyer 145,Technology,Accessories,Mechanical Keyboard,West,Mumbai,4,14000.0,0.0,6000.0,Cash on Delivery
ORD-14032,2024-01-13,CUST-1087,Alok Deshmukh 87,Technology,Accessories,USB-C Multi-Port Hub,East,Guwahati,1,1080.0,0.4,180.0,UPI
ORD-14033,2024-07-03,CUST-1056,Alok Deshmukh 56,Apparel,Footwear,Leather Oxford Shoes,South,Kochi,2,5760.0,0.1,2360.0,Debit Card
ORD-14034,2025-05-12,CUST-1163,Swati Kulkarni 163,Technology,Accessories,Mechanical Keyboard,Central,Nagpur,1,3325.0,0.05,1325.0,Net Banking
ORD-14035,2024-03-25,CUST-1084,Aarti Kapoor 84,Technology,Phones,Bluetooth Wireless Earbuds,East,Guwahati,2,3000.0,0.4,600.0,Debit Card
ORD-14036,2024-10-05,CUST-1041,Gaurav Tiwari 41,Furniture,Tables,Adjustable Standing Desk,Central,Bhopal,1,10800.0,0.4,-3200.0,Net Banking
ORD-14037,2024-07-14,CUST-1186,Divya Agarwal 186,Technology,Accessories,USB-C Multi-Port Hub,South,Kochi,1,1800.0,0.0,900.0,Debit Card
ORD-14038,2025-01-10,CUST-1011,Abhishek Saxena,Furniture,Chairs,Mesh Executive Chair,North,Delhi,4,48000.0,0.0,10000.0,Credit Card
ORD-14039,2025-01-24,CUST-1174,Ananya Roy 174,Office Supplies,Paper,Premium Hardbound Notebook,Central,Bhopal,4,1800.0,0.0,1080.0,Cash on Delivery
ORD-14040,2024-09-11,CUST-1172,Priya Patel 172,Apparel,Footwear,Leather Oxford Shoes,East,Kolkata,1,3200.0,0.0,1500.0,Debit Card
ORD-14041,2025-04-10,CUST-1239,Rajesh Iyer 239,Technology,Accessories,USB-C Multi-Port Hub,Central,Nagpur,3,5400.0,0.0,2700.0,UPI
ORD-14042,2025-08-17,CUST-1206,Sneha Reddy 206,Technology,Phones,Bluetooth Wireless Earbuds,West,Surat,5,6250.0,0.5,250.0,Credit Card
ORD-14043,2024-11-07,CUST-1105,Abhishek Saxena 105,Apparel,Corporate Wear,Tailored Blazer,Central,Nagpur,3,12960.0,0.1,5160.0,UPI
ORD-14044,2024-02-16,CUST-1057,Deepak Rao 57,Furniture,Tables,Adjustable Standing Desk,North,Jaipur,1,18000.0,0.0,4000.0,Cash on Delivery
ORD-14045,2024-04-16,CUST-1029,Shweta Mishra,Apparel,Corporate Wear,Tailored Blazer,North,Jaipur,1,4080.0,0.15,1480.0,UPI
ORD-14046,2025-12-15,CUST-1041,Gaurav Tiwari 41,Furniture,Bookcases,5-Tier Wooden Bookshelf,North,Chandigarh,4,26000.0,0.0,5200.0,Debit Card
ORD-14047,2024-11-15,CUST-1129,Neha Gupta 129,Office Supplies,Paper,A4 Multipurpose Copy Paper (Pack of 5),East,Kolkata,2,2160.0,0.1,760.0,UPI
ORD-14048,2025-01-30,CUST-1117,Karan Joshi 117,Technology,Phones,Smartphone Pro Max,West,Surat,2,90000.0,0.0,18000.0,UPI
ORD-14049,2024-07-21,CUST-1027,Rohan Mehta,Furniture,Tables,Adjustable Standing Desk,West,Surat,1,12600.0,0.3,-1400.0,Credit Card
ORD-14050,2024-06-05,CUST-1118,Bhavna Shah 118,Furniture,Bookcases,5-Tier Wooden Bookshelf,East,Patna,3,13650.0,0.3,-1950.0,Debit Card
ORD-14051,2024-01-28,CUST-1057,Deepak Rao 57,Furniture,Chairs,Ergonomic Office Chair,East,Patna,1,4250.0,0.5,-1750.0,Cash on Delivery
ORD-14052,2025-06-21,CUST-1116,Kavita Das 116,Technology,Accessories,Wireless Mouse,Central,Bhopal,1,800.0,0.0,400.0,Credit Card
ORD-14053,2025-02-06,CUST-1192,Abhishek Saxena 192,Furniture,Tables,Wooden Conference Table,North,Lucknow,3,60000.0,0.2,-3000.0,Debit Card
ORD-14054,2024-03-13,CUST-1002,Ananya Roy,Office Supplies,Paper,Premium Hardbound Notebook,North,Lucknow,1,315.0,0.3,135.0,Debit Card
ORD-14055,2024-08-27,CUST-1241,Ananya Roy 241,Technology,Accessories,USB-C Multi-Port Hub,Central,Bhopal,1,1440.0,0.2,540.0,Credit Card
ORD-14056,2024-03-30,CUST-1176,Shweta Mishra 176,Technology,Accessories,Mechanical Keyboard,North,Delhi,10,17500.0,0.5,-2500.0,Net Banking
ORD-14057,2025-11-26,CUST-1025,Rahul Sharma,Technology,Monitors,27-inch 4K Monitor,West,Pune,1,17600.0,0.2,600.0,Debit Card
ORD-14058,2024-01-22,CUST-1016,Swati Kulkarni,Furniture,Tables,Adjustable Standing Desk,East,Patna,5,72000.0,0.2,2000.0,Net Banking
ORD-14059,2025-09-05,CUST-1077,Swati Kulkarni 77,Apparel,Corporate Wear,Tailored Blazer,East,Patna,2,5760.0,0.4,560.0,UPI
ORD-14060,2025-04-23,CUST-1004,Ravi Pillai,Furniture,Chairs,Mesh Executive Chair,East,Kolkata,1,12000.0,0.0,2500.0,Net Banking
ORD-14061,2025-04-24,CUST-1002,Ananya Roy,Technology,Accessories,USB-C Multi-Port Hub,East,Guwahati,5,8550.0,0.05,4050.0,Net Banking
ORD-14062,2024-11-16,CUST-1080,Amit Kumar 80,Furniture,Chairs,Ergonomic Office Chair,South,Bangalore,1,8500.0,0.0,2500.0,UPI
ORD-14063,2024-03-16,CUST-1114,Sneha Reddy 114,Technology,Phones,Smartphone Pro Max,Central,Nagpur,3,135000.0,0.0,27000.0,UPI
ORD-14064,2024-10-11,CUST-1044,Manish Malhotra 44,Technology,Accessories,USB-C Multi-Port Hub,West,Ahmedabad,1,1530.0,0.15,630.0,Debit Card
ORD-14065,2025-08-29,CUST-1109,Shweta Mishra 109,Office Supplies,Art,Highlighter & Marker Set,West,Pune,1,210.0,0.4,60.0,Debit Card
ORD-14066,2025-11-10,CUST-1105,Abhishek Saxena 105,Furniture,Bookcases,5-Tier Wooden Bookshelf,West,Pune,1,6500.0,0.0,1300.0,Net Banking
ORD-14067,2025-10-24,CUST-1060,Gaurav Tiwari 60,Office Supplies,Paper,A4 Multipurpose Copy Paper (Pack of 5),South,Bangalore,4,4800.0,0.0,2000.0,Debit Card
ORD-14068,2025-09-24,CUST-1178,Gaurav Tiwari 178,Apparel,Footwear,Leather Oxford Shoes,Central,Bhopal,1,2560.0,0.2,860.0,Debit Card
ORD-14069,2024-08-07,CUST-1185,Aditya Bose 185,Office Supplies,Paper,Premium Hardbound Notebook,North,Noida,2,630.0,0.3,270.0,Credit Card
ORD-14070,2024-04-16,CUST-1117,Karan Joshi 117,Furniture,Chairs,Ergonomic Office Chair,Central,Indore,3,25500.0,0.0,7500.0,Debit Card
ORD-14071,2025-06-02,CUST-1127,Aarti Kapoor 127,Technology,Phones,Bluetooth Wireless Earbuds,South,Hyderabad,3,6000.0,0.2,2400.0,Debit Card
ORD-14072,2025-12-05,CUST-1222,Preeti Pandey 222,Office Supplies,Binders,Heavy-Duty Ring Binder,East,Guwahati,2,504.0,0.1,264.0,UPI
ORD-14073,2024-09-04,CUST-1071,Preeti Pandey 71,Apparel,Footwear,Leather Oxford Shoes,South,Bangalore,4,8960.0,0.3,2160.0,Cash on Delivery
ORD-14074,2025-02-03,CUST-1113,Neha Gupta 113,Technology,Accessories,Mechanical Keyboard,East,Kolkata,1,2100.0,0.4,100.0,UPI
ORD-14075,2025-05-04,CUST-1224,Meera Sen 224,Furniture,Chairs,Mesh Executive Chair,West,Surat,2,24000.0,0.0,5000.0,UPI
ORD-14076,2025-02-01,CUST-1035,Swati Kulkarni 35,Furniture,Bookcases,5-Tier Wooden Bookshelf,North,Chandigarh,2,6500.0,0.5,-3900.0,Cash on Delivery
ORD-14077,2025-09-19,CUST-1049,Aarti Kapoor 49,Office Supplies,Paper,A4 Multipurpose Copy Paper (Pack of 5),West,Surat,1,1140.0,0.05,440.0,Cash on Delivery
ORD-14078,2025-07-01,CUST-1178,Gaurav Tiwari 178,Office Supplies,Art,Highlighter & Marker Set,North,Delhi,5,1487.5,0.15,737.5,Debit Card
ORD-14079,2025-05-12,CUST-1002,Ananya Roy,Furniture,Chairs,Mesh Executive Chair,Central,Nagpur,1,12000.0,0.0,2500.0,Net Banking
ORD-14080,2025-12-13,CUST-1026,Siddharth Jain,Apparel,Corporate Wear,Tailored Blazer,East,Guwahati,5,12000.0,0.5,-1000.0,Credit Card
ORD-14081,2025-01-05,CUST-1083,Neha Gupta 83,Technology,Phones,Bluetooth Wireless Earbuds,Central,Nagpur,1,2500.0,0.0,1300.0,Cash on Delivery
ORD-14082,2024-06-26,CUST-1100,Rohan Mehta 100,Technology,Accessories,Mechanical Keyboard,North,Delhi,2,7000.0,0.0,3000.0,UPI
ORD-14083,2024-03-26,CUST-1210,Tarun Choudhury 210,Furniture,Bookcases,5-Tier Wooden Bookshelf,East,Kolkata,1,3250.0,0.5,-1950.0,Net Banking
ORD-14084,2024-07-16,CUST-1144,Shweta Mishra 144,Furniture,Tables,Adjustable Standing Desk,West,Mumbai,1,18000.0,0.0,4000.0,Credit Card
ORD-14085,2024-01-02,CUST-1013,Tarun Choudhury,Apparel,Corporate Wear,Tailored Blazer,Central,Bhopal,2,9120.0,0.05,3920.0,Cash on Delivery
ORD-14086,2024-11-06,CUST-1097,Sneha Reddy 97,Apparel,Footwear,Leather Oxford Shoes,Central,Bhopal,3,5760.0,0.4,660.0,Net Banking
ORD-14087,2025-05-04,CUST-1033,Neha Gupta 33,Furniture,Chairs,Ergonomic Office Chair,South,Bangalore,1,7650.0,0.1,1650.0,Cash on Delivery
ORD-14088,2024-05-07,CUST-1127,Aarti Kapoor 127,Office Supplies,Art,Highlighter & Marker Set,South,Kochi,4,1190.0,0.15,590.0,Debit Card
ORD-14089,2025-03-05,CUST-1018,Priya Patel,Technology,Phones,Bluetooth Wireless Earbuds,South,Bangalore,3,4500.0,0.4,900.0,Cash on Delivery
ORD-14090,2024-05-19,CUST-1225,Aditya Bose 225,Technology,Phones,Bluetooth Wireless Earbuds,North,Chandigarh,1,2500.0,0.0,1300.0,Cash on Delivery
ORD-14091,2025-02-11,CUST-1211,Ravi Pillai 211,Furniture,Tables,Wooden Conference Table,North,Chandigarh,1,23750.0,0.05,2750.0,UPI
ORD-14092,2024-06-08,CUST-1049,Aarti Kapoor 49,Office Supplies,Storage,Heavy Duty Arch File Box,West,Mumbai,2,1040.0,0.2,340.0,Cash on Delivery
ORD-14093,2024-09-01,CUST-1109,Shweta Mishra 109,Apparel,Corporate Wear,Cotton Formal Shirt,South,Hyderabad,4,3000.0,0.5,0.0,Cash on Delivery
ORD-14094,2024-03-08,CUST-1106,Shweta Mishra 106,Office Supplies,Art,Highlighter & Marker Set,East,Patna,1,332.5,0.05,182.5,Credit Card
ORD-14095,2024-08-18,CUST-1201,Shweta Mishra 201,Apparel,Footwear,Leather Oxford Shoes,North,Noida,3,9600.0,0.0,4500.0,Debit Card
ORD-14096,2024-05-23,CUST-1202,Suresh Nair 202,Apparel,Corporate Wear,Tailored Blazer,South,Kochi,3,14400.0,0.0,6600.0,Credit Card
ORD-14097,2025-01-24,CUST-1228,Deepak Rao 228,Furniture,Chairs,Mesh Executive Chair,East,Patna,2,12000.0,0.5,-7000.0,Cash on Delivery
ORD-14098,2024-11-24,CUST-1043,Nisha Bhat 43,Technology,Monitors,27-inch 4K Monitor,West,Pune,4,70400.0,0.2,2400.0,Debit Card
ORD-14099,2024-09-21,CUST-1078,Rohan Mehta 78,Apparel,Corporate Wear,Cotton Formal Shirt,West,Pune,3,3600.0,0.2,1350.0,Cash on Delivery
ORD-14100,2025-03-21,CUST-1130,Preeti Pandey 130,Technology,Phones,Smartphone Pro Max,North,Delhi,1,42750.0,0.05,6750.0,Credit Card
ORD-14101,2024-02-17,CUST-1110,Sneha Reddy 110,Furniture,Tables,Adjustable Standing Desk,North,Noida,3,54000.0,0.0,12000.0,Debit Card
ORD-14102,2025-07-29,CUST-1128,Priya Patel 128,Office Supplies,Binders,Heavy-Duty Ring Binder,North,Jaipur,1,238.0,0.15,118.0,Cash on Delivery
ORD-14103,2025-11-22,CUST-1178,Gaurav Tiwari 178,Technology,Accessories,Mechanical Keyboard,East,Bhubaneswar,3,6300.0,0.4,300.0,Net Banking
ORD-14104,2025-09-16,CUST-1014,Siddharth Jain,Technology,Monitors,27-inch 4K Monitor,West,Mumbai,2,44000.0,0.0,10000.0,Debit Card
ORD-14105,2025-02-03,CUST-1245,Preeti Pandey 245,Furniture,Chairs,Mesh Executive Chair,East,Bhubaneswar,1,12000.0,0.0,2500.0,Net Banking
ORD-14106,2025-02-08,CUST-1186,Divya Agarwal 186,Technology,Accessories,Wireless Mouse,South,Chennai,1,480.0,0.4,80.0,Debit Card
ORD-14107,2024-03-15,CUST-1138,Bhavna Shah 138,Technology,Accessories,Wireless Mouse,South,Hyderabad,1,400.0,0.5,0.0,Cash on Delivery
ORD-14108,2025-08-04,CUST-1244,Tarun Choudhury 244,Office Supplies,Binders,Heavy-Duty Ring Binder,East,Bhubaneswar,3,420.0,0.5,60.0,Credit Card
ORD-14109,2025-09-08,CUST-1213,Meera Sen 213,Office Supplies,Paper,A4 Multipurpose Copy Paper (Pack of 5),East,Patna,3,3600.0,0.0,1500.0,Cash on Delivery
ORD-14110,2025-10-20,CUST-1066,Bhavna Shah 66,Office Supplies,Art,Highlighter & Marker Set,West,Mumbai,1,245.0,0.3,95.0,Credit Card
ORD-14111,2025-02-04,CUST-1247,Pooja Verma 247,Office Supplies,Art,Highlighter & Marker Set,North,Lucknow,3,840.0,0.2,390.0,Credit Card
ORD-14112,2024-12-29,CUST-1168,Meera Sen 168,Office Supplies,Art,Highlighter & Marker Set,East,Kolkata,1,297.5,0.15,147.5,Cash on Delivery
ORD-14113,2024-10-25,CUST-1042,Sneha Reddy 42,Furniture,Chairs,Ergonomic Office Chair,South,Bangalore,3,15300.0,0.4,-2700.0,UPI
ORD-14114,2025-01-05,CUST-1102,Karan Joshi 102,Furniture,Chairs,Mesh Executive Chair,North,Noida,2,12000.0,0.5,-7000.0,Credit Card
ORD-14115,2025-12-18,CUST-1036,Karan Joshi 36,Apparel,Corporate Wear,Cotton Formal Shirt,East,Bhubaneswar,5,7500.0,0.0,3750.0,UPI
ORD-14116,2024-02-10,CUST-1228,Deepak Rao 228,Office Supplies,Binders,Heavy-Duty Ring Binder,Central,Nagpur,1,280.0,0.0,160.0,Net Banking
ORD-14117,2024-08-23,CUST-1184,Kavita Das 184,Office Supplies,Storage,Heavy Duty Arch File Box,West,Ahmedabad,2,1300.0,0.0,600.0,Credit Card
ORD-14118,2024-01-03,CUST-1121,Siddharth Jain 121,Technology,Phones,Bluetooth Wireless Earbuds,North,Delhi,2,5000.0,0.0,2600.0,Cash on Delivery
ORD-14119,2024-11-09,CUST-1213,Meera Sen 213,Technology,Accessories,USB-C Multi-Port Hub,East,Bhubaneswar,2,2880.0,0.2,1080.0,Credit Card
ORD-14120,2025-10-06,CUST-1017,Manish Malhotra,Technology,Monitors,27-inch 4K Monitor,Central,Nagpur,3,56100.0,0.15,5100.0,Debit Card
ORD-14121,2024-04-03,CUST-1176,Shweta Mishra 176,Technology,Accessories,Wireless Mouse,North,Jaipur,4,3200.0,0.0,1600.0,Cash on Delivery
ORD-14122,2024-04-27,CUST-1159,Ravi Pillai 159,Furniture,Tables,Wooden Conference Table,Central,Indore,3,75000.0,0.0,12000.0,Net Banking
ORD-14123,2024-06-26,CUST-1054,Ananya Roy 54,Technology,Accessories,Mechanical Keyboard,North,Lucknow,1,2450.0,0.3,450.0,Credit Card
ORD-14124,2024-05-12,CUST-1062,Ravi Pillai 62,Furniture,Bookcases,5-Tier Wooden Bookshelf,North,Lucknow,3,11700.0,0.4,-3900.0,Credit Card
ORD-14125,2024-01-03,CUST-1181,Aditya Bose 181,Furniture,Chairs,Ergonomic Office Chair,West,Pune,4,30600.0,0.1,6600.0,Credit Card
ORD-14126,2025-04-12,CUST-1085,Pooja Verma 85,Furniture,Chairs,Ergonomic Office Chair,Central,Bhopal,8,34000.0,0.5,-14000.0,Credit Card
ORD-14127,2025-07-27,CUST-1008,Vikas Singh,Technology,Phones,Smartphone Pro Max,East,Guwahati,1,36000.0,0.2,0.0,Net Banking
ORD-14128,2025-09-18,CUST-1099,Deepak Rao 99,Apparel,Corporate Wear,Tailored Blazer,East,Patna,1,4560.0,0.05,1960.0,UPI
ORD-14129,2024-09-17,CUST-1096,Deepak Rao 96,Furniture,Tables,Adjustable Standing Desk,West,Mumbai,5,72000.0,0.2,2000.0,UPI
ORD-14130,2025-03-22,CUST-1101,Abhishek Saxena 101,Furniture,Tables,Adjustable Standing Desk,Central,Indore,1,10800.0,0.4,-3200.0,Debit Card
ORD-14131,2024-10-24,CUST-1085,Pooja Verma 85,Apparel,Corporate Wear,Tailored Blazer,North,Delhi,1,4800.0,0.0,2200.0,Net Banking
ORD-14132,2025-02-20,CUST-1077,Swati Kulkarni 77,Technology,Phones,Bluetooth Wireless Earbuds,Central,Indore,3,7500.0,0.0,3900.0,Cash on Delivery
ORD-14133,2024-01-04,CUST-1151,Vikas Singh 151,Technology,Phones,Bluetooth Wireless Earbuds,West,Mumbai,1,2500.0,0.0,1300.0,Debit Card
ORD-14134,2024-01-19,CUST-1168,Meera Sen 168,Office Supplies,Storage,Heavy Duty Arch File Box,Central,Nagpur,8,4160.0,0.2,1360.0,UPI
ORD-14135,2024-07-18,CUST-1032,Manish Malhotra 32,Furniture,Bookcases,5-Tier Wooden Bookshelf,South,Hyderabad,1,6175.0,0.05,975.0,Credit Card
ORD-14136,2024-05-16,CUST-1170,Amit Kumar 170,Apparel,Corporate Wear,Tailored Blazer,North,Jaipur,2,5760.0,0.4,560.0,Credit Card
ORD-14137,2025-04-11,CUST-1166,Neha Gupta 166,Office Supplies,Art,Highlighter & Marker Set,West,Pune,1,315.0,0.1,165.0,UPI
ORD-14138,2025-12-17,CUST-1079,Nisha Bhat 79,Office Supplies,Binders,Heavy-Duty Ring Binder,East,Bhubaneswar,5,1330.0,0.05,730.0,Cash on Delivery
ORD-14139,2025-01-07,CUST-1012,Ravi Pillai,Technology,Phones,Smartphone Pro Max,North,Delhi,4,180000.0,0.0,36000.0,Debit Card
ORD-14140,2024-11-23,CUST-1112,Ravi Pillai 112,Technology,Monitors,27-inch 4K Monitor,East,Guwahati,3,39600.0,0.4,-11400.0,Cash on Delivery
ORD-14141,2024-06-30,CUST-1103,Nisha Bhat 103,Technology,Accessories,Mechanical Keyboard,South,Bangalore,8,25200.0,0.1,9200.0,Cash on Delivery
ORD-14142,2025-08-24,CUST-1005,Karan Joshi,Furniture,Chairs,Mesh Executive Chair,North,Jaipur,4,40800.0,0.15,2800.0,Cash on Delivery
ORD-14143,2025-06-03,CUST-1002,Ananya Roy,Apparel,Footwear,Leather Oxford Shoes,East,Kolkata,3,7680.0,0.2,2580.0,UPI
ORD-14144,2024-11-12,CUST-1034,Divya Agarwal 34,Technology,Monitors,27-inch 4K Monitor,Central,Bhopal,1,18700.0,0.15,1700.0,Debit Card
ORD-14145,2025-11-07,CUST-1153,Vikas Singh 153,Technology,Monitors,27-inch 4K Monitor,North,Jaipur,3,56100.0,0.15,5100.0,Cash on Delivery
ORD-14146,2025-02-20,CUST-1114,Sneha Reddy 114,Furniture,Bookcases,5-Tier Wooden Bookshelf,East,Guwahati,2,13000.0,0.0,2600.0,UPI
ORD-14147,2025-11-19,CUST-1205,Manish Malhotra 205,Apparel,Corporate Wear,Tailored Blazer,South,Bangalore,3,12240.0,0.15,4440.0,Net Banking
ORD-14148,2025-02-25,CUST-1249,Priya Patel 249,Technology,Phones,Bluetooth Wireless Earbuds,East,Patna,1,2500.0,0.0,1300.0,UPI
ORD-14149,2025-02-02,CUST-1001,Shweta Mishra,Apparel,Corporate Wear,Tailored Blazer,Central,Indore,5,12000.0,0.5,-1000.0,Net Banking
ORD-14150,2024-02-09,CUST-1205,Manish Malhotra 205,Technology,Phones,Smartphone Pro Max,West,Pune,1,42750.0,0.05,6750.0,Credit Card
ORD-14151,2025-01-23,CUST-1182,Amit Kumar 182,Apparel,Corporate Wear,Cotton Formal Shirt,Central,Indore,1,900.0,0.4,150.0,Credit Card
ORD-14152,2024-10-05,CUST-1175,Vikas Singh 175,Technology,Accessories,USB-C Multi-Port Hub,South,Chennai,1,1260.0,0.3,360.0,Debit Card
ORD-14153,2025-02-03,CUST-1232,Aarti Kapoor 232,Technology,Phones,Smartphone Pro Max,North,Lucknow,3,67500.0,0.5,-40500.0,Cash on Delivery
ORD-14154,2025-10-16,CUST-1227,Vikas Singh 227,Technology,Phones,Bluetooth Wireless Earbuds,East,Kolkata,2,4250.0,0.15,1850.0,Net Banking
ORD-14155,2024-02-19,CUST-1234,Meera Sen 234,Furniture,Chairs,Mesh Executive Chair,South,Kochi,3,21600.0,0.4,-6900.0,Debit Card
ORD-14156,2024-05-29,CUST-1132,Gaurav Tiwari 132,Office Supplies,Paper,A4 Multipurpose Copy Paper (Pack of 5),Central,Nagpur,2,1440.0,0.4,40.0,UPI
ORD-14157,2025-07-13,CUST-1198,Aarti Kapoor 198,Furniture,Tables,Adjustable Standing Desk,South,Kochi,1,17100.0,0.05,3100.0,UPI
ORD-14158,2025-12-29,CUST-1146,Kavita Das 146,Technology,Accessories,Wireless Mouse,North,Chandigarh,1,400.0,0.5,0.0,Debit Card
ORD-14159,2025-09-22,CUST-1150,Divya Agarwal 150,Furniture,Tables,Wooden Conference Table,West,Ahmedabad,2,45000.0,0.1,3000.0,Debit Card
ORD-14160,2024-10-15,CUST-1104,Bhavna Shah 104,Apparel,Footwear,Leather Oxford Shoes,South,Kochi,1,2720.0,0.15,1020.0,Debit Card
ORD-14161,2025-11-27,CUST-1091,Kavita Das 91,Apparel,Footwear,Leather Oxford Shoes,North,Chandigarh,1,2880.0,0.1,1180.0,Credit Card
ORD-14162,2024-12-15,CUST-1236,Rahul Sharma 236,Apparel,Corporate Wear,Cotton Formal Shirt,South,Hyderabad,5,3750.0,0.5,0.0,UPI
ORD-14163,2025-04-18,CUST-1208,Rahul Sharma 208,Apparel,Footwear,Leather Oxford Shoes,East,Patna,2,5440.0,0.15,2040.0,Net Banking
ORD-14164,2025-06-03,CUST-1194,Ananya Roy 194,Furniture,Chairs,Mesh Executive Chair,East,Patna,1,7200.0,0.4,-2300.0,UPI
ORD-14165,2025-01-22,CUST-1123,Abhishek Saxena 123,Apparel,Corporate Wear,Cotton Formal Shirt,West,Pune,10,15000.0,0.0,7500.0,Net Banking
ORD-14166,2025-11-21,CUST-1172,Priya Patel 172,Technology,Phones,Smartphone Pro Max,East,Guwahati,5,225000.0,0.0,45000.0,Credit Card
ORD-14167,2024-11-19,CUST-1165,Deepak Rao 165,Technology,Accessories,Wireless Mouse,East,Bhubaneswar,1,800.0,0.0,400.0,Credit Card
ORD-14168,2024-07-14,CUST-1051,Ananya Roy 51,Apparel,Corporate Wear,Cotton Formal Shirt,West,Ahmedabad,1,1425.0,0.05,675.0,Net Banking
ORD-14169,2025-08-18,CUST-1151,Vikas Singh 151,Furniture,Bookcases,5-Tier Wooden Bookshelf,South,Hyderabad,2,13000.0,0.0,2600.0,Credit Card
ORD-14170,2024-08-17,CUST-1023,Meera Sen,Technology,Phones,Bluetooth Wireless Earbuds,East,Patna,1,1750.0,0.3,550.0,Credit Card
ORD-14171,2024-11-17,CUST-1182,Amit Kumar 182,Furniture,Bookcases,5-Tier Wooden Bookshelf,North,Jaipur,2,13000.0,0.0,2600.0,Debit Card
ORD-14172,2025-08-31,CUST-1177,Sneha Reddy 177,Technology,Accessories,Mechanical Keyboard,South,Chennai,5,16625.0,0.05,6625.0,Debit Card
ORD-14173,2025-05-08,CUST-1125,Preeti Pandey 125,Technology,Accessories,USB-C Multi-Port Hub,West,Surat,3,4590.0,0.15,1890.0,UPI
ORD-14174,2025-08-22,CUST-1063,Divya Agarwal 63,Office Supplies,Paper,A4 Multipurpose Copy Paper (Pack of 5),West,Ahmedabad,1,840.0,0.3,140.0,UPI
ORD-14175,2024-06-01,CUST-1010,Ananya Roy,Technology,Accessories,Mechanical Keyboard,East,Kolkata,2,7000.0,0.0,3000.0,Credit Card
ORD-14176,2025-03-04,CUST-1250,Neha Gupta 250,Furniture,Tables,Wooden Conference Table,West,Ahmedabad,2,35000.0,0.3,-7000.0,Net Banking
ORD-14177,2024-04-23,CUST-1197,Siddharth Jain 197,Technology,Monitors,27-inch 4K Monitor,North,Noida,2,22000.0,0.5,-12000.0,UPI
ORD-14178,2025-12-24,CUST-1194,Ananya Roy 194,Technology,Accessories,Wireless Mouse,East,Patna,1,640.0,0.2,240.0,UPI
ORD-14179,2024-06-06,CUST-1044,Manish Malhotra 44,Technology,Phones,Bluetooth Wireless Earbuds,Central,Nagpur,1,2500.0,0.0,1300.0,Debit Card
ORD-14180,2025-01-30,CUST-1076,Deepak Rao 76,Furniture,Tables,Wooden Conference Table,East,Patna,1,25000.0,0.0,4000.0,Debit Card
ORD-14181,2025-01-14,CUST-1095,Preeti Pandey 95,Furniture,Bookcases,5-Tier Wooden Bookshelf,West,Ahmedabad,1,5200.0,0.2,0.0,Credit Card
ORD-14182,2025-10-16,CUST-1128,Priya Patel 128,Office Supplies,Binders,Heavy-Duty Ring Binder,Central,Nagpur,3,756.0,0.1,396.0,Credit Card
ORD-14183,2024-08-25,CUST-1166,Neha Gupta 166,Technology,Phones,Bluetooth Wireless Earbuds,East,Guwahati,4,9500.0,0.05,4700.0,Cash on Delivery
ORD-14184,2025-09-07,CUST-1016,Swati Kulkarni,Furniture,Tables,Adjustable Standing Desk,East,Kolkata,1,18000.0,0.0,4000.0,Credit Card
ORD-14185,2025-02-13,CUST-1145,Rajesh Iyer 145,Office Supplies,Paper,Premium Hardbound Notebook,South,Kochi,4,900.0,0.5,180.0,UPI
ORD-14186,2024-07-07,CUST-1243,Deepak Rao 243,Technology,Monitors,27-inch 4K Monitor,South,Bangalore,2,37400.0,0.15,3400.0,Debit Card
ORD-14187,2025-10-15,CUST-1198,Aarti Kapoor 198,Technology,Accessories,Mechanical Keyboard,East,Guwahati,1,3500.0,0.0,1500.0,Debit Card
ORD-14188,2025-10-02,CUST-1054,Ananya Roy 54,Apparel,Footwear,Leather Oxford Shoes,South,Hyderabad,1,3200.0,0.0,1500.0,Net Banking
ORD-14189,2025-03-22,CUST-1154,Neha Gupta 154,Office Supplies,Binders,Heavy-Duty Ring Binder,South,Bangalore,1,280.0,0.0,160.0,Cash on Delivery
ORD-14190,2025-10-25,CUST-1176,Shweta Mishra 176,Furniture,Chairs,Mesh Executive Chair,Central,Nagpur,2,24000.0,0.0,5000.0,Cash on Delivery
ORD-14191,2024-06-10,CUST-1148,Bhavna Shah 148,Office Supplies,Paper,Premium Hardbound Notebook,Central,Bhopal,1,382.5,0.15,202.5,Credit Card
ORD-14192,2024-01-26,CUST-1123,Abhishek Saxena 123,Technology,Accessories,USB-C Multi-Port Hub,South,Chennai,4,7200.0,0.0,3600.0,UPI
ORD-14193,2025-07-26,CUST-1033,Neha Gupta 33,Technology,Phones,Bluetooth Wireless Earbuds,Central,Bhopal,2,3500.0,0.3,1100.0,Debit Card
ORD-14194,2024-07-05,CUST-1117,Karan Joshi 117,Technology,Accessories,Mechanical Keyboard,West,Ahmedabad,2,5950.0,0.15,1950.0,Net Banking
ORD-14195,2025-07-08,CUST-1138,Bhavna Shah 138,Office Supplies,Art,Highlighter & Marker Set,South,Chennai,1,332.5,0.05,182.5,Credit Card
ORD-14196,2024-06-11,CUST-1178,Gaurav Tiwari 178,Apparel,Corporate Wear,Cotton Formal Shirt,North,Delhi,8,12000.0,0.0,6000.0,Net Banking
ORD-14197,2025-08-13,CUST-1142,Suresh Nair 142,Technology,Accessories,Mechanical Keyboard,West,Ahmedabad,1,2800.0,0.2,800.0,Debit Card
ORD-14198,2025-05-30,CUST-1149,Shweta Mishra 149,Furniture,Bookcases,5-Tier Wooden Bookshelf,South,Hyderabad,2,13000.0,0.0,2600.0,Cash on Delivery
ORD-14199,2025-03-02,CUST-1210,Tarun Choudhury 210,Technology,Accessories,Wireless Mouse,East,Patna,1,720.0,0.1,320.0,Debit Card
ORD-14200,2024-06-30,CUST-1093,Divya Agarwal 93,Office Supplies,Art,Highlighter & Marker Set,South,Kochi,2,630.0,0.1,330.0,Net Banking
ORD-14201,2025-05-21,CUST-1141,Nisha Bhat 141,Apparel,Corporate Wear,Tailored Blazer,West,Mumbai,1,2400.0,0.5,-200.0,Debit Card
ORD-14202,2025-03-02,CUST-1082,Abhishek Saxena 82,Office Supplies,Binders,Heavy-Duty Ring Binder,East,Guwahati,3,840.0,0.0,480.0,Net Banking
ORD-14203,2024-03-29,CUST-1037,Gaurav Tiwari 37,Apparel,Corporate Wear,Cotton Formal Shirt,Central,Nagpur,2,3000.0,0.0,1500.0,Cash on Delivery
ORD-14204,2024-12-02,CUST-1204,Pooja Verma 204,Technology,Phones,Bluetooth Wireless Earbuds,Central,Bhopal,4,10000.0,0.0,5200.0,Net Banking
ORD-14205,2024-09-20,CUST-1031,Siddharth Jain 31,Office Supplies,Art,Highlighter & Marker Set,North,Delhi,1,245.0,0.3,95.0,UPI
ORD-14206,2025-10-22,CUST-1109,Shweta Mishra 109,Technology,Accessories,Mechanical Keyboard,West,Surat,3,8400.0,0.2,2400.0,Cash on Delivery
ORD-14207,2025-06-11,CUST-1003,Rahul Sharma,Furniture,Chairs,Ergonomic Office Chair,North,Chandigarh,1,5950.0,0.3,-50.0,Cash on Delivery
ORD-14208,2025-01-11,CUST-1163,Swati Kulkarni 163,Technology,Accessories,USB-C Multi-Port Hub,South,Kochi,2,3420.0,0.05,1620.0,UPI
ORD-14209,2024-06-27,CUST-1195,Abhishek Saxena 195,Furniture,Tables,Adjustable Standing Desk,South,Hyderabad,1,15300.0,0.15,1300.0,Debit Card
ORD-14210,2024-03-26,CUST-1215,Sneha Reddy 215,Office Supplies,Paper,Premium Hardbound Notebook,North,Delhi,2,900.0,0.0,540.0,Cash on Delivery
ORD-14211,2025-07-23,CUST-1175,Vikas Singh 175,Furniture,Tables,Adjustable Standing Desk,Central,Bhopal,2,36000.0,0.0,8000.0,UPI
ORD-14212,2025-04-27,CUST-1001,Shweta Mishra,Apparel,Corporate Wear,Cotton Formal Shirt,East,Guwahati,4,6000.0,0.0,3000.0,Debit Card
ORD-14213,2024-06-23,CUST-1011,Abhishek Saxena,Office Supplies,Binders,Heavy-Duty Ring Binder,East,Kolkata,3,840.0,0.0,480.0,Net Banking
ORD-14214,2024-10-08,CUST-1109,Shweta Mishra 109,Apparel,Corporate Wear,Tailored Blazer,Central,Indore,3,7200.0,0.5,-600.0,Net Banking
ORD-14215,2025-04-08,CUST-1180,Manish Malhotra 180,Technology,Phones,Bluetooth Wireless Earbuds,West,Surat,1,2500.0,0.0,1300.0,Debit Card
ORD-14216,2024-03-09,CUST-1024,Aditya Bose,Technology,Accessories,Mechanical Keyboard,Central,Bhopal,1,2450.0,0.3,450.0,UPI
ORD-14217,2024-04-18,CUST-1128,Priya Patel 128,Apparel,Corporate Wear,Tailored Blazer,West,Mumbai,3,14400.0,0.0,6600.0,Debit Card
ORD-14218,2024-02-19,CUST-1039,Rahul Sharma 39,Office Supplies,Paper,A4 Multipurpose Copy Paper (Pack of 5),West,Surat,1,1140.0,0.05,440.0,Cash on Delivery
ORD-14219,2024-06-28,CUST-1009,Ravi Pillai,Technology,Accessories,USB-C Multi-Port Hub,North,Lucknow,2,2520.0,0.3,720.0,Debit Card
ORD-14220,2025-10-01,CUST-1122,Neha Gupta 122,Furniture,Tables,Adjustable Standing Desk,East,Patna,2,18000.0,0.5,-10000.0,Net Banking
ORD-14221,2024-11-25,CUST-1192,Abhishek Saxena 192,Office Supplies,Art,Highlighter & Marker Set,West,Ahmedabad,3,1050.0,0.0,600.0,Debit Card
ORD-14222,2024-06-03,CUST-1099,Deepak Rao 99,Furniture,Tables,Adjustable Standing Desk,South,Bangalore,1,14400.0,0.2,400.0,Debit Card
ORD-14223,2024-04-25,CUST-1090,Ananya Roy 90,Furniture,Chairs,Ergonomic Office Chair,East,Patna,1,7225.0,0.15,1225.0,UPI
ORD-14224,2024-07-11,CUST-1062,Ravi Pillai 62,Office Supplies,Art,Highlighter & Marker Set,Central,Bhopal,4,1120.0,0.2,520.0,Net Banking
ORD-14225,2025-08-10,CUST-1198,Aarti Kapoor 198,Office Supplies,Art,Highlighter & Marker Set,East,Kolkata,3,840.0,0.2,390.0,UPI
ORD-14226,2025-06-26,CUST-1082,Abhishek Saxena 82,Furniture,Bookcases,5-Tier Wooden Bookshelf,East,Kolkata,3,13650.0,0.3,-1950.0,Debit Card
ORD-14227,2025-09-05,CUST-1169,Rajesh Iyer 169,Technology,Accessories,Mechanical Keyboard,West,Ahmedabad,2,5600.0,0.2,1600.0,Cash on Delivery
ORD-14228,2025-06-05,CUST-1021,Rohan Mehta,Furniture,Tables,Adjustable Standing Desk,West,Mumbai,2,34200.0,0.05,6200.0,Debit Card
ORD-14229,2025-05-30,CUST-1103,Nisha Bhat 103,Technology,Monitors,27-inch 4K Monitor,West,Mumbai,2,30800.0,0.3,-3200.0,Debit Card
ORD-14230,2024-09-28,CUST-1085,Pooja Verma 85,Technology,Accessories,Wireless Mouse,Central,Nagpur,2,1280.0,0.2,480.0,Credit Card
ORD-14231,2024-07-06,CUST-1067,Kavita Das 67,Office Supplies,Paper,A4 Multipurpose Copy Paper (Pack of 5),South,Hyderabad,1,840.0,0.3,140.0,Cash on Delivery
ORD-14232,2024-04-21,CUST-1025,Rahul Sharma,Technology,Phones,Smartphone Pro Max,North,Delhi,4,108000.0,0.4,-36000.0,Debit Card
ORD-14233,2025-12-10,CUST-1247,Pooja Verma 247,Apparel,Corporate Wear,Tailored Blazer,West,Surat,2,5760.0,0.4,560.0,Cash on Delivery
ORD-14234,2025-07-21,CUST-1172,Priya Patel 172,Furniture,Bookcases,5-Tier Wooden Bookshelf,Central,Bhopal,3,19500.0,0.0,3900.0,Credit Card
ORD-14235,2024-12-31,CUST-1106,Shweta Mishra 106,Technology,Phones,Smartphone Pro Max,Central,Nagpur,1,31500.0,0.3,-4500.0,Credit Card
ORD-14236,2025-12-01,CUST-1225,Aditya Bose 225,Technology,Accessories,Mechanical Keyboard,South,Chennai,2,5600.0,0.2,1600.0,Debit Card
ORD-14237,2024-06-07,CUST-1089,Alok Deshmukh 89,Office Supplies,Binders,Heavy-Duty Ring Binder,South,Bangalore,1,238.0,0.15,118.0,Debit Card
ORD-14238,2025-07-13,CUST-1212,Karan Joshi 212,Technology,Monitors,27-inch 4K Monitor,Central,Nagpur,4,61600.0,0.3,-6400.0,Cash on Delivery
ORD-14239,2024-04-14,CUST-1184,Kavita Das 184,Technology,Phones,Bluetooth Wireless Earbuds,North,Jaipur,2,4500.0,0.1,2100.0,Cash on Delivery
ORD-14240,2025-07-06,CUST-1072,Shweta Mishra 72,Office Supplies,Art,Highlighter & Marker Set,West,Surat,1,350.0,0.0,200.0,Cash on Delivery
ORD-14241,2024-09-10,CUST-1240,Rahul Sharma 240,Office Supplies,Art,Highlighter & Marker Set,North,Chandigarh,3,945.0,0.1,495.0,Net Banking
ORD-14242,2024-07-03,CUST-1021,Rohan Mehta,Furniture,Tables,Adjustable Standing Desk,East,Kolkata,2,25200.0,0.3,-2800.0,Debit Card
ORD-14243,2025-07-02,CUST-1013,Tarun Choudhury,Furniture,Tables,Adjustable Standing Desk,West,Pune,2,36000.0,0.0,8000.0,Net Banking
ORD-14244,2025-04-01,CUST-1222,Preeti Pandey 222,Office Supplies,Storage,Heavy Duty Arch File Box,Central,Nagpur,2,650.0,0.5,-50.0,Net Banking
ORD-14245,2025-08-26,CUST-1139,Swati Kulkarni 139,Apparel,Corporate Wear,Cotton Formal Shirt,East,Guwahati,1,1350.0,0.1,600.0,Debit Card
ORD-14246,2025-06-09,CUST-1067,Kavita Das 67,Office Supplies,Art,Highlighter & Marker Set,West,Mumbai,1,350.0,0.0,200.0,UPI
ORD-14247,2025-09-17,CUST-1238,Suresh Nair 238,Technology,Phones,Bluetooth Wireless Earbuds,Central,Nagpur,8,16000.0,0.2,6400.0,UPI
ORD-14248,2025-12-14,CUST-1047,Vikas Singh 47,Office Supplies,Art,Highlighter & Marker Set,West,Mumbai,8,1400.0,0.5,200.0,Credit Card
ORD-14249,2024-09-14,CUST-1097,Sneha Reddy 97,Furniture,Chairs,Mesh Executive Chair,Central,Nagpur,1,12000.0,0.0,2500.0,Debit Card
ORD-14250,2025-06-24,CUST-1074,Tarun Choudhury 74,Furniture,Tables,Wooden Conference Table,East,Bhubaneswar,1,21250.0,0.15,250.0,Net Banking
ORD-14251,2024-05-01,CUST-1236,Rahul Sharma 236,Technology,Accessories,USB-C Multi-Port Hub,West,Surat,2,2880.0,0.2,1080.0,Credit Card
ORD-14252,2025-10-28,CUST-1230,Sneha Reddy 230,Technology,Accessories,Mechanical Keyboard,East,Kolkata,2,5950.0,0.15,1950.0,Cash on Delivery
ORD-14253,2024-09-15,CUST-1133,Suresh Nair 133,Technology,Accessories,Wireless Mouse,West,Pune,1,800.0,0.0,400.0,Credit Card
ORD-14254,2025-12-10,CUST-1062,Ravi Pillai 62,Furniture,Chairs,Mesh Executive Chair,North,Lucknow,3,36000.0,0.0,7500.0,Net Banking
ORD-14255,2024-03-10,CUST-1138,Bhavna Shah 138,Office Supplies,Storage,Heavy Duty Arch File Box,South,Hyderabad,1,552.5,0.15,202.5,Net Banking
ORD-14256,2024-07-11,CUST-1221,Pooja Verma 221,Technology,Accessories,USB-C Multi-Port Hub,North,Lucknow,2,3420.0,0.05,1620.0,Cash on Delivery
ORD-14257,2025-12-28,CUST-1048,Rohan Mehta 48,Apparel,Corporate Wear,Tailored Blazer,East,Kolkata,4,15360.0,0.2,4960.0,UPI
ORD-14258,2024-11-22,CUST-1077,Swati Kulkarni 77,Office Supplies,Paper,A4 Multipurpose Copy Paper (Pack of 5),Central,Nagpur,1,960.0,0.2,260.0,Net Banking
ORD-14259,2024-08-25,CUST-1091,Kavita Das 91,Office Supplies,Storage,Heavy Duty Arch File Box,West,Ahmedabad,1,650.0,0.0,300.0,Credit Card
ORD-14260,2025-10-05,CUST-1175,Vikas Singh 175,Apparel,Corporate Wear,Cotton Formal Shirt,South,Hyderabad,1,1500.0,0.0,750.0,Cash on Delivery
ORD-14261,2025-12-22,CUST-1111,Siddharth Jain 111,Apparel,Footwear,Leather Oxford Shoes,North,Jaipur,3,4800.0,0.5,-300.0,Debit Card
ORD-14262,2025-02-03,CUST-1151,Vikas Singh 151,Apparel,Corporate Wear,Cotton Formal Shirt,West,Pune,2,3000.0,0.0,1500.0,Cash on Delivery
ORD-14263,2024-10-20,CUST-1010,Ananya Roy,Furniture,Bookcases,5-Tier Wooden Bookshelf,South,Bangalore,1,6175.0,0.05,975.0,Credit Card
ORD-14264,2025-09-23,CUST-1139,Swati Kulkarni 139,Apparel,Corporate Wear,Tailored Blazer,East,Kolkata,3,14400.0,0.0,6600.0,Credit Card
ORD-14265,2024-06-12,CUST-1235,Bhavna Shah 235,Technology,Accessories,Wireless Mouse,South,Kochi,5,2400.0,0.4,400.0,Net Banking
ORD-14266,2024-11-28,CUST-1192,Abhishek Saxena 192,Office Supplies,Binders,Heavy-Duty Ring Binder,Central,Indore,1,168.0,0.4,48.0,Debit Card
ORD-14267,2024-07-09,CUST-1121,Siddharth Jain 121,Technology,Phones,Bluetooth Wireless Earbuds,Central,Indore,3,7500.0,0.0,3900.0,Credit Card
ORD-14268,2024-06-02,CUST-1002,Ananya Roy,Apparel,Corporate Wear,Cotton Formal Shirt,East,Guwahati,2,2700.0,0.1,1200.0,Net Banking
ORD-14269,2024-03-22,CUST-1245,Preeti Pandey 245,Technology,Accessories,Wireless Mouse,East,Bhubaneswar,2,1520.0,0.05,720.0,Credit Card
ORD-14270,2024-09-29,CUST-1164,Kavita Das 164,Office Supplies,Paper,A4 Multipurpose Copy Paper (Pack of 5),West,Surat,1,960.0,0.2,260.0,Credit Card
ORD-14271,2024-07-16,CUST-1245,Preeti Pandey 245,Technology,Phones,Bluetooth Wireless Earbuds,East,Guwahati,2,5000.0,0.0,2600.0,UPI
ORD-14272,2024-09-17,CUST-1085,Pooja Verma 85,Furniture,Chairs,Ergonomic Office Chair,West,Ahmedabad,3,17850.0,0.3,-150.0,Credit Card
ORD-14273,2024-03-03,CUST-1242,Bhavna Shah 242,Technology,Phones,Bluetooth Wireless Earbuds,East,Bhubaneswar,3,7500.0,0.0,3900.0,Credit Card
ORD-14274,2025-07-17,CUST-1089,Alok Deshmukh 89,Office Supplies,Art,Highlighter & Marker Set,North,Jaipur,3,945.0,0.1,495.0,UPI
ORD-14275,2024-06-05,CUST-1085,Pooja Verma 85,Furniture,Bookcases,5-Tier Wooden Bookshelf,West,Ahmedabad,4,15600.0,0.4,-5200.0,Cash on Delivery
ORD-14276,2025-12-18,CUST-1149,Shweta Mishra 149,Office Supplies,Art,Highlighter & Marker Set,East,Kolkata,1,350.0,0.0,200.0,Net Banking
ORD-14277,2025-05-03,CUST-1249,Priya Patel 249,Apparel,Corporate Wear,Tailored Blazer,Central,Bhopal,1,2400.0,0.5,-200.0,Net Banking
ORD-14278,2025-10-14,CUST-1074,Tarun Choudhury 74,Office Supplies,Paper,Premium Hardbound Notebook,East,Bhubaneswar,2,765.0,0.15,405.0,Net Banking
ORD-14279,2025-09-15,CUST-1003,Rahul Sharma,Furniture,Tables,Wooden Conference Table,West,Ahmedabad,3,60000.0,0.2,-3000.0,Net Banking
ORD-14280,2024-08-21,CUST-1054,Ananya Roy 54,Technology,Monitors,27-inch 4K Monitor,South,Bangalore,5,110000.0,0.0,25000.0,Debit Card
ORD-14281,2025-07-11,CUST-1155,Ravi Pillai 155,Furniture,Bookcases,5-Tier Wooden Bookshelf,West,Surat,4,18200.0,0.3,-2600.0,UPI
ORD-14282,2024-01-11,CUST-1169,Rajesh Iyer 169,Office Supplies,Storage,Heavy Duty Arch File Box,South,Chennai,2,1170.0,0.1,470.0,Debit Card
ORD-14283,2025-08-19,CUST-1216,Meera Sen 216,Apparel,Footwear,Leather Oxford Shoes,West,Pune,1,3200.0,0.0,1500.0,Net Banking
ORD-14284,2025-02-26,CUST-1007,Neha Gupta,Apparel,Corporate Wear,Tailored Blazer,Central,Indore,1,4800.0,0.0,2200.0,Credit Card
ORD-14285,2024-02-18,CUST-1058,Aditya Bose 58,Furniture,Chairs,Mesh Executive Chair,Central,Nagpur,1,12000.0,0.0,2500.0,Credit Card
ORD-14286,2025-05-31,CUST-1128,Priya Patel 128,Technology,Accessories,USB-C Multi-Port Hub,East,Bhubaneswar,2,3420.0,0.05,1620.0,Debit Card
ORD-14287,2025-03-10,CUST-1141,Nisha Bhat 141,Technology,Accessories,Mechanical Keyboard,West,Mumbai,1,3500.0,0.0,1500.0,UPI
ORD-14288,2025-01-09,CUST-1210,Tarun Choudhury 210,Furniture,Chairs,Ergonomic Office Chair,South,Kochi,1,8075.0,0.05,2075.0,Debit Card
ORD-14289,2025-02-17,CUST-1118,Bhavna Shah 118,Technology,Accessories,Wireless Mouse,South,Kochi,2,960.0,0.4,160.0,Net Banking
ORD-14290,2024-03-13,CUST-1082,Abhishek Saxena 82,Office Supplies,Paper,Premium Hardbound Notebook,West,Surat,2,765.0,0.15,405.0,Net Banking
ORD-14291,2025-12-14,CUST-1171,Aarti Kapoor 171,Furniture,Tables,Wooden Conference Table,West,Surat,1,21250.0,0.15,250.0,Cash on Delivery
ORD-14292,2025-08-06,CUST-1095,Preeti Pandey 95,Office Supplies,Paper,A4 Multipurpose Copy Paper (Pack of 5),North,Jaipur,1,1140.0,0.05,440.0,Net Banking
ORD-14293,2024-05-17,CUST-1145,Rajesh Iyer 145,Technology,Accessories,USB-C Multi-Port Hub,East,Kolkata,1,1530.0,0.15,630.0,Debit Card
ORD-14294,2024-03-17,CUST-1144,Shweta Mishra 144,Furniture,Chairs,Mesh Executive Chair,Central,Indore,5,51000.0,0.15,3500.0,Credit Card
ORD-14295,2025-11-09,CUST-1037,Gaurav Tiwari 37,Technology,Accessories,Mechanical Keyboard,East,Bhubaneswar,3,10500.0,0.0,4500.0,Net Banking
ORD-14296,2025-10-20,CUST-1162,Tarun Choudhury 162,Technology,Monitors,27-inch 4K Monitor,North,Jaipur,3,56100.0,0.15,5100.0,Net Banking
ORD-14297,2024-10-29,CUST-1082,Abhishek Saxena 82,Technology,Phones,Bluetooth Wireless Earbuds,North,Lucknow,1,2500.0,0.0,1300.0,Net Banking
ORD-14298,2025-10-07,CUST-1160,Swati Kulkarni 160,Furniture,Tables,Adjustable Standing Desk,East,Bhubaneswar,1,10800.0,0.4,-3200.0,Credit Card
ORD-14299,2024-11-03,CUST-1049,Aarti Kapoor 49,Office Supplies,Paper,A4 Multipurpose Copy Paper (Pack of 5),South,Chennai,3,3600.0,0.0,1500.0,Credit Card
ORD-14300,2024-10-18,CUST-1074,Tarun Choudhury 74,Technology,Accessories,Wireless Mouse,South,Chennai,10,6400.0,0.2,2400.0,Credit Card
ORD-14301,2024-10-23,CUST-1204,Pooja Verma 204,Technology,Accessories,Wireless Mouse,Central,Indore,1,800.0,0.0,400.0,Cash on Delivery
ORD-14302,2024-02-09,CUST-1093,Divya Agarwal 93,Technology,Monitors,27-inch 4K Monitor,West,Surat,2,22000.0,0.5,-12000.0,Cash on Delivery
ORD-14303,2024-03-03,CUST-1182,Amit Kumar 182,Technology,Accessories,Wireless Mouse,West,Surat,2,1440.0,0.1,640.0,UPI
ORD-14304,2024-05-19,CUST-1205,Manish Malhotra 205,Furniture,Chairs,Mesh Executive Chair,South,Hyderabad,1,12000.0,0.0,2500.0,UPI
ORD-14305,2025-07-20,CUST-1231,Siddharth Jain 231,Technology,Accessories,USB-C Multi-Port Hub,North,Lucknow,3,5130.0,0.05,2430.0,Debit Card
ORD-14306,2025-05-29,CUST-1182,Amit Kumar 182,Office Supplies,Paper,A4 Multipurpose Copy Paper (Pack of 5),East,Kolkata,1,600.0,0.5,-100.0,Cash on Delivery
ORD-14307,2025-03-18,CUST-1178,Gaurav Tiwari 178,Technology,Monitors,27-inch 4K Monitor,East,Guwahati,2,44000.0,0.0,10000.0,Credit Card
ORD-14308,2025-05-20,CUST-1062,Ravi Pillai 62,Furniture,Tables,Wooden Conference Table,South,Bangalore,3,75000.0,0.0,12000.0,UPI
ORD-14309,2024-06-18,CUST-1159,Ravi Pillai 159,Technology,Accessories,USB-C Multi-Port Hub,South,Bangalore,10,18000.0,0.0,9000.0,UPI
ORD-14310,2024-10-23,CUST-1079,Nisha Bhat 79,Apparel,Corporate Wear,Tailored Blazer,North,Lucknow,2,4800.0,0.5,-400.0,UPI
ORD-14311,2025-07-23,CUST-1140,Tarun Choudhury 140,Apparel,Corporate Wear,Cotton Formal Shirt,North,Noida,1,1200.0,0.2,450.0,Debit Card
ORD-14312,2025-01-04,CUST-1041,Gaurav Tiwari 41,Furniture,Chairs,Ergonomic Office Chair,North,Noida,1,4250.0,0.5,-1750.0,Cash on Delivery
ORD-14313,2024-02-06,CUST-1132,Gaurav Tiwari 132,Technology,Phones,Bluetooth Wireless Earbuds,North,Lucknow,1,2000.0,0.2,800.0,Cash on Delivery
ORD-14314,2025-11-05,CUST-1060,Gaurav Tiwari 60,Office Supplies,Storage,Heavy Duty Arch File Box,East,Guwahati,1,585.0,0.1,235.0,UPI
ORD-14315,2025-05-10,CUST-1022,Neha Gupta,Technology,Accessories,Wireless Mouse,South,Bangalore,2,960.0,0.4,160.0,Net Banking
ORD-14316,2024-10-04,CUST-1062,Ravi Pillai 62,Furniture,Chairs,Ergonomic Office Chair,South,Bangalore,3,24225.0,0.05,6225.0,Debit Card
ORD-14317,2024-09-26,CUST-1152,Karan Joshi 152,Office Supplies,Paper,A4 Multipurpose Copy Paper (Pack of 5),East,Kolkata,5,6000.0,0.0,2500.0,Debit Card
ORD-14318,2025-06-15,CUST-1122,Neha Gupta 122,Office Supplies,Paper,Premium Hardbound Notebook,West,Mumbai,3,945.0,0.3,405.0,Net Banking
ORD-14319,2024-12-21,CUST-1040,Aarti Kapoor 40,Office Supplies,Paper,A4 Multipurpose Copy Paper (Pack of 5),East,Bhubaneswar,1,960.0,0.2,260.0,Credit Card
ORD-14320,2024-04-30,CUST-1101,Abhishek Saxena 101,Technology,Accessories,Wireless Mouse,South,Kochi,5,2400.0,0.4,400.0,UPI
ORD-14321,2024-04-05,CUST-1167,Vikas Singh 167,Technology,Accessories,Mechanical Keyboard,West,Surat,8,28000.0,0.0,12000.0,Credit Card
ORD-14322,2025-08-10,CUST-1157,Siddharth Jain 157,Office Supplies,Paper,Premium Hardbound Notebook,South,Bangalore,1,315.0,0.3,135.0,UPI
ORD-14323,2024-01-14,CUST-1089,Alok Deshmukh 89,Furniture,Tables,Adjustable Standing Desk,East,Guwahati,1,9000.0,0.5,-5000.0,Credit Card
ORD-14324,2024-05-20,CUST-1197,Siddharth Jain 197,Furniture,Chairs,Mesh Executive Chair,South,Kochi,1,8400.0,0.3,-1100.0,UPI
ORD-14325,2025-10-26,CUST-1007,Neha Gupta,Apparel,Footwear,Leather Oxford Shoes,East,Kolkata,1,3200.0,0.0,1500.0,Cash on Delivery
ORD-14326,2025-03-06,CUST-1051,Ananya Roy 51,Furniture,Chairs,Mesh Executive Chair,South,Chennai,1,12000.0,0.0,2500.0,Net Banking
ORD-14327,2024-12-11,CUST-1200,Aarti Kapoor 200,Office Supplies,Binders,Heavy-Duty Ring Binder,West,Ahmedabad,4,672.0,0.4,192.0,Cash on Delivery
ORD-14328,2025-07-19,CUST-1050,Suresh Nair 50,Technology,Monitors,27-inch 4K Monitor,South,Kochi,1,22000.0,0.0,5000.0,Cash on Delivery
ORD-14329,2025-05-19,CUST-1048,Rohan Mehta 48,Technology,Phones,Bluetooth Wireless Earbuds,Central,Indore,4,10000.0,0.0,5200.0,Debit Card
ORD-14330,2025-07-17,CUST-1243,Deepak Rao 243,Furniture,Bookcases,5-Tier Wooden Bookshelf,West,Ahmedabad,1,6500.0,0.0,1300.0,Credit Card
ORD-14331,2025-09-27,CUST-1197,Siddharth Jain 197,Technology,Phones,Smartphone Pro Max,Central,Indore,3,128250.0,0.05,20250.0,Debit Card
ORD-14332,2025-06-15,CUST-1221,Pooja Verma 221,Technology,Monitors,27-inch 4K Monitor,South,Kochi,2,26400.0,0.4,-7600.0,Credit Card
ORD-14333,2025-07-14,CUST-1182,Amit Kumar 182,Office Supplies,Binders,Heavy-Duty Ring Binder,South,Kochi,4,1064.0,0.05,584.0,Credit Card
ORD-14334,2024-09-03,CUST-1137,Rohan Mehta 137,Technology,Accessories,Wireless Mouse,North,Jaipur,2,1280.0,0.2,480.0,Debit Card
ORD-14335,2025-03-25,CUST-1094,Shweta Mishra 94,Apparel,Corporate Wear,Cotton Formal Shirt,West,Surat,1,1350.0,0.1,600.0,Cash on Delivery
ORD-14336,2025-03-17,CUST-1189,Siddharth Jain 189,Office Supplies,Binders,Heavy-Duty Ring Binder,West,Mumbai,1,196.0,0.3,76.0,UPI
ORD-14337,2024-05-13,CUST-1010,Ananya Roy,Office Supplies,Paper,Premium Hardbound Notebook,South,Bangalore,2,765.0,0.15,405.0,Credit Card
ORD-14338,2025-08-11,CUST-1114,Sneha Reddy 114,Office Supplies,Binders,Heavy-Duty Ring Binder,East,Kolkata,1,238.0,0.15,118.0,Cash on Delivery
ORD-14339,2024-10-04,CUST-1192,Abhishek Saxena 192,Furniture,Tables,Adjustable Standing Desk,West,Mumbai,1,18000.0,0.0,4000.0,Cash on Delivery
ORD-14340,2024-04-25,CUST-1181,Aditya Bose 181,Furniture,Tables,Wooden Conference Table,South,Kochi,4,100000.0,0.0,16000.0,Net Banking
ORD-14341,2025-07-05,CUST-1098,Deepak Rao 98,Technology,Phones,Smartphone Pro Max,North,Jaipur,1,45000.0,0.0,9000.0,Credit Card
ORD-14342,2025-01-19,CUST-1020,Amit Kumar,Technology,Accessories,USB-C Multi-Port Hub,Central,Nagpur,1,1800.0,0.0,900.0,Debit Card
ORD-14343,2024-12-09,CUST-1098,Deepak Rao 98,Office Supplies,Paper,A4 Multipurpose Copy Paper (Pack of 5),West,Pune,3,2160.0,0.4,60.0,Credit Card
ORD-14344,2025-01-23,CUST-1130,Preeti Pandey 130,Furniture,Tables,Adjustable Standing Desk,South,Kochi,2,32400.0,0.1,4400.0,UPI
ORD-14345,2024-07-22,CUST-1075,Alok Deshmukh 75,Furniture,Tables,Adjustable Standing Desk,West,Ahmedabad,10,90000.0,0.5,-50000.0,Debit Card
ORD-14346,2025-11-21,CUST-1109,Shweta Mishra 109,Technology,Accessories,Wireless Mouse,North,Lucknow,10,8000.0,0.0,4000.0,UPI
ORD-14347,2025-09-07,CUST-1245,Preeti Pandey 245,Office Supplies,Storage,Heavy Duty Arch File Box,South,Chennai,2,1300.0,0.0,600.0,Credit Card
ORD-14348,2025-06-19,CUST-1097,Sneha Reddy 97,Apparel,Footwear,Leather Oxford Shoes,East,Patna,2,6400.0,0.0,3000.0,Net Banking
ORD-14349,2024-07-31,CUST-1100,Rohan Mehta 100,Apparel,Corporate Wear,Cotton Formal Shirt,South,Hyderabad,2,3000.0,0.0,1500.0,Cash on Delivery
ORD-14350,2024-11-28,CUST-1162,Tarun Choudhury 162,Office Supplies,Art,Highlighter & Marker Set,North,Noida,1,350.0,0.0,200.0,Cash on Delivery
ORD-14351,2025-08-10,CUST-1022,Neha Gupta,Office Supplies,Storage,Heavy Duty Arch File Box,West,Mumbai,2,1300.0,0.0,600.0,Credit Card
ORD-14352,2025-02-25,CUST-1206,Sneha Reddy 206,Furniture,Tables,Adjustable Standing Desk,North,Lucknow,1,10800.0,0.4,-3200.0,Debit Card
ORD-14353,2025-07-29,CUST-1070,Pooja Verma 70,Furniture,Chairs,Ergonomic Office Chair,East,Guwahati,1,6800.0,0.2,800.0,Credit Card
ORD-14354,2025-05-13,CUST-1238,Suresh Nair 238,Apparel,Footwear,Leather Oxford Shoes,West,Ahmedabad,4,12800.0,0.0,6000.0,Debit Card
ORD-14355,2024-07-04,CUST-1153,Vikas Singh 153,Office Supplies,Paper,A4 Multipurpose Copy Paper (Pack of 5),West,Ahmedabad,2,1920.0,0.2,520.0,Net Banking
ORD-14356,2025-08-12,CUST-1085,Pooja Verma 85,Furniture,Tables,Wooden Conference Table,South,Bangalore,8,140000.0,0.3,-28000.0,Debit Card
ORD-14357,2025-03-21,CUST-1034,Divya Agarwal 34,Office Supplies,Binders,Heavy-Duty Ring Binder,West,Pune,2,560.0,0.0,320.0,UPI
ORD-14358,2025-02-28,CUST-1248,Neha Gupta 248,Technology,Accessories,USB-C Multi-Port Hub,East,Bhubaneswar,1,1260.0,0.3,360.0,Cash on Delivery
ORD-14359,2025-11-09,CUST-1179,Abhishek Saxena 179,Furniture,Bookcases,5-Tier Wooden Bookshelf,Central,Bhopal,1,6500.0,0.0,1300.0,Net Banking
ORD-14360,2025-10-27,CUST-1042,Sneha Reddy 42,Office Supplies,Storage,Heavy Duty Arch File Box,West,Surat,3,1950.0,0.0,900.0,UPI
ORD-14361,2024-04-02,CUST-1114,Sneha Reddy 114,Technology,Accessories,Wireless Mouse,East,Kolkata,1,400.0,0.5,0.0,Debit Card
ORD-14362,2025-10-13,CUST-1115,Divya Agarwal 115,Office Supplies,Paper,Premium Hardbound Notebook,North,Lucknow,1,405.0,0.1,225.0,Cash on Delivery
ORD-14363,2024-11-04,CUST-1024,Aditya Bose,Furniture,Tables,Wooden Conference Table,South,Chennai,1,21250.0,0.15,250.0,Credit Card
ORD-14364,2025-07-08,CUST-1052,Amit Kumar 52,Furniture,Chairs,Ergonomic Office Chair,East,Bhubaneswar,2,11900.0,0.3,-100.0,Debit Card
ORD-14365,2025-02-19,CUST-1169,Rajesh Iyer 169,Office Supplies,Binders,Heavy-Duty Ring Binder,Central,Nagpur,1,266.0,0.05,146.0,UPI
ORD-14366,2024-05-21,CUST-1107,Amit Kumar 107,Furniture,Bookcases,5-Tier Wooden Bookshelf,East,Patna,2,9100.0,0.3,-1300.0,UPI
ORD-14367,2024-03-25,CUST-1088,Neha Gupta 88,Apparel,Corporate Wear,Cotton Formal Shirt,Central,Bhopal,4,6000.0,0.0,3000.0,Cash on Delivery
ORD-14368,2025-04-24,CUST-1246,Gaurav Tiwari 246,Technology,Accessories,Mechanical Keyboard,Central,Nagpur,1,3500.0,0.0,1500.0,Net Banking
ORD-14369,2025-08-13,CUST-1031,Siddharth Jain 31,Technology,Phones,Smartphone Pro Max,East,Kolkata,1,36000.0,0.2,0.0,Debit Card
ORD-14370,2024-09-17,CUST-1098,Deepak Rao 98,Technology,Accessories,USB-C Multi-Port Hub,North,Noida,4,6840.0,0.05,3240.0,UPI
ORD-14371,2025-08-13,CUST-1118,Bhavna Shah 118,Office Supplies,Paper,A4 Multipurpose Copy Paper (Pack of 5),West,Pune,3,3240.0,0.1,1140.0,Net Banking
ORD-14372,2024-08-05,CUST-1246,Gaurav Tiwari 246,Apparel,Corporate Wear,Cotton Formal Shirt,Central,Nagpur,3,4500.0,0.0,2250.0,Credit Card
ORD-14373,2025-05-23,CUST-1185,Aditya Bose 185,Office Supplies,Binders,Heavy-Duty Ring Binder,West,Surat,2,560.0,0.0,320.0,Net Banking
ORD-14374,2025-07-27,CUST-1144,Shweta Mishra 144,Technology,Phones,Smartphone Pro Max,South,Hyderabad,1,38250.0,0.15,2250.0,UPI
ORD-14375,2024-06-09,CUST-1023,Meera Sen,Apparel,Corporate Wear,Tailored Blazer,North,Noida,5,24000.0,0.0,11000.0,Net Banking
ORD-14376,2025-05-09,CUST-1147,Tarun Choudhury 147,Apparel,Footwear,Leather Oxford Shoes,North,Noida,1,2560.0,0.2,860.0,Net Banking
ORD-14377,2024-01-20,CUST-1038,Alok Deshmukh 38,Apparel,Corporate Wear,Tailored Blazer,East,Patna,4,18240.0,0.05,7840.0,Cash on Delivery
ORD-14378,2024-08-08,CUST-1213,Meera Sen 213,Apparel,Footwear,Leather Oxford Shoes,West,Surat,1,2880.0,0.1,1180.0,Net Banking
ORD-14379,2025-11-15,CUST-1250,Neha Gupta 250,Technology,Phones,Smartphone Pro Max,North,Delhi,1,31500.0,0.3,-4500.0,UPI
ORD-14380,2025-08-30,CUST-1216,Meera Sen 216,Technology,Accessories,Wireless Mouse,East,Kolkata,3,1680.0,0.3,480.0,Cash on Delivery
ORD-14381,2024-03-03,CUST-1136,Amit Kumar 136,Apparel,Corporate Wear,Cotton Formal Shirt,East,Guwahati,3,2250.0,0.5,0.0,Credit Card
ORD-14382,2024-06-17,CUST-1010,Ananya Roy,Office Supplies,Binders,Heavy-Duty Ring Binder,North,Noida,5,840.0,0.4,240.0,Credit Card
ORD-14383,2024-10-06,CUST-1153,Vikas Singh 153,Technology,Phones,Bluetooth Wireless Earbuds,East,Guwahati,3,4500.0,0.4,900.0,Net Banking
ORD-14384,2025-02-23,CUST-1240,Rahul Sharma 240,Technology,Monitors,27-inch 4K Monitor,Central,Indore,1,15400.0,0.3,-1600.0,Debit Card
ORD-14385,2025-11-20,CUST-1208,Rahul Sharma 208,Furniture,Bookcases,5-Tier Wooden Bookshelf,East,Patna,1,5200.0,0.2,0.0,Net Banking
ORD-14386,2025-02-08,CUST-1093,Divya Agarwal 93,Furniture,Tables,Adjustable Standing Desk,North,Noida,2,21600.0,0.4,-6400.0,UPI
ORD-14387,2025-04-02,CUST-1151,Vikas Singh 151,Furniture,Tables,Adjustable Standing Desk,East,Guwahati,2,36000.0,0.0,8000.0,UPI
ORD-14388,2024-07-17,CUST-1079,Nisha Bhat 79,Furniture,Bookcases,5-Tier Wooden Bookshelf,South,Chennai,1,5200.0,0.2,0.0,Credit Card
ORD-14389,2025-02-10,CUST-1157,Siddharth Jain 157,Furniture,Chairs,Mesh Executive Chair,North,Lucknow,1,9600.0,0.2,100.0,Debit Card
ORD-14390,2024-11-15,CUST-1058,Aditya Bose 58,Furniture,Chairs,Mesh Executive Chair,North,Noida,4,48000.0,0.0,10000.0,Net Banking
ORD-14391,2024-09-21,CUST-1199,Karan Joshi 199,Technology,Accessories,Mechanical Keyboard,East,Bhubaneswar,1,2800.0,0.2,800.0,Cash on Delivery
ORD-14392,2024-10-09,CUST-1120,Nisha Bhat 120,Office Supplies,Paper,Premium Hardbound Notebook,East,Patna,1,382.5,0.15,202.5,Cash on Delivery
ORD-14393,2024-07-23,CUST-1124,Suresh Nair 124,Apparel,Footwear,Leather Oxford Shoes,Central,Bhopal,1,2720.0,0.15,1020.0,Credit Card
ORD-14394,2025-02-13,CUST-1186,Divya Agarwal 186,Office Supplies,Storage,Heavy Duty Arch File Box,Central,Bhopal,1,455.0,0.3,105.0,Net Banking
ORD-14395,2024-08-24,CUST-1056,Alok Deshmukh 56,Furniture,Tables,Adjustable Standing Desk,South,Chennai,2,30600.0,0.15,2600.0,Net Banking
ORD-14396,2024-06-12,CUST-1198,Aarti Kapoor 198,Apparel,Corporate Wear,Cotton Formal Shirt,South,Kochi,1,1425.0,0.05,675.0,Net Banking
ORD-14397,2025-11-25,CUST-1149,Shweta Mishra 149,Furniture,Chairs,Ergonomic Office Chair,North,Delhi,1,8075.0,0.05,2075.0,Net Banking
ORD-14398,2025-12-16,CUST-1014,Siddharth Jain,Technology,Accessories,Wireless Mouse,Central,Nagpur,2,1600.0,0.0,800.0,Credit Card
ORD-14399,2024-09-14,CUST-1240,Rahul Sharma 240,Technology,Accessories,Mechanical Keyboard,South,Kochi,1,3325.0,0.05,1325.0,Credit Card
ORD-14400,2024-08-26,CUST-1228,Deepak Rao 228,Furniture,Chairs,Ergonomic Office Chair,North,Noida,4,20400.0,0.4,-3600.0,Credit Card
ORD-14401,2025-06-30,CUST-1072,Shweta Mishra 72,Office Supplies,Paper,A4 Multipurpose Copy Paper (Pack of 5),East,Kolkata,1,840.0,0.3,140.0,Cash on Delivery
ORD-14402,2025-10-02,CUST-1069,Siddharth Jain 69,Office Supplies,Art,Highlighter & Marker Set,South,Kochi,1,210.0,0.4,60.0,Debit Card
ORD-14403,2025-12-04,CUST-1123,Abhishek Saxena 123,Office Supplies,Storage,Heavy Duty Arch File Box,Central,Nagpur,1,650.0,0.0,300.0,Net Banking
ORD-14404,2024-10-29,CUST-1181,Aditya Bose 181,Office Supplies,Paper,A4 Multipurpose Copy Paper (Pack of 5),West,Ahmedabad,3,3600.0,0.0,1500.0,UPI
ORD-14405,2025-01-11,CUST-1126,Aarti Kapoor 126,Apparel,Corporate Wear,Tailored Blazer,South,Kochi,2,9600.0,0.0,4400.0,Net Banking
ORD-14406,2024-10-23,CUST-1038,Alok Deshmukh 38,Office Supplies,Art,Highlighter & Marker Set,South,Kochi,2,595.0,0.15,295.0,Cash on Delivery
ORD-14407,2024-07-28,CUST-1068,Amit Kumar 68,Technology,Phones,Bluetooth Wireless Earbuds,Central,Nagpur,1,1250.0,0.5,50.0,UPI
ORD-14408,2024-08-14,CUST-1155,Ravi Pillai 155,Office Supplies,Art,Highlighter & Marker Set,Central,Nagpur,2,420.0,0.4,120.0,Credit Card
ORD-14409,2025-12-12,CUST-1006,Neha Gupta,Furniture,Chairs,Mesh Executive Chair,South,Bangalore,2,20400.0,0.15,1400.0,Cash on Delivery
ORD-14410,2025-11-21,CUST-1089,Alok Deshmukh 89,Office Supplies,Paper,A4 Multipurpose Copy Paper (Pack of 5),North,Delhi,1,1200.0,0.0,500.0,Net Banking
ORD-14411,2025-03-22,CUST-1112,Ravi Pillai 112,Apparel,Corporate Wear,Cotton Formal Shirt,East,Kolkata,1,1050.0,0.3,300.0,Credit Card
ORD-14412,2024-10-31,CUST-1121,Siddharth Jain 121,Technology,Accessories,USB-C Multi-Port Hub,West,Surat,1,1080.0,0.4,180.0,Cash on Delivery
ORD-14413,2025-01-01,CUST-1186,Divya Agarwal 186,Technology,Accessories,USB-C Multi-Port Hub,North,Lucknow,2,3600.0,0.0,1800.0,Debit Card
ORD-14414,2024-05-30,CUST-1220,Shweta Mishra 220,Office Supplies,Binders,Heavy-Duty Ring Binder,East,Bhubaneswar,1,238.0,0.15,118.0,Debit Card
ORD-14415,2025-08-02,CUST-1195,Abhishek Saxena 195,Office Supplies,Paper,Premium Hardbound Notebook,South,Kochi,1,225.0,0.5,45.0,Net Banking
ORD-14416,2024-08-21,CUST-1153,Vikas Singh 153,Furniture,Tables,Adjustable Standing Desk,Central,Indore,4,64800.0,0.1,8800.0,UPI
ORD-14417,2024-07-24,CUST-1143,Rohan Mehta 143,Apparel,Footwear,Leather Oxford Shoes,West,Ahmedabad,3,8640.0,0.1,3540.0,Net Banking
ORD-14418,2025-01-05,CUST-1112,Ravi Pillai 112,Office Supplies,Paper,A4 Multipurpose Copy Paper (Pack of 5),South,Bangalore,2,1440.0,0.4,40.0,Net Banking
ORD-14419,2024-08-10,CUST-1009,Ravi Pillai,Technology,Accessories,Mechanical Keyboard,South,Bangalore,1,3500.0,0.0,1500.0,Net Banking
ORD-14420,2024-07-27,CUST-1098,Deepak Rao 98,Office Supplies,Paper,Premium Hardbound Notebook,South,Chennai,1,360.0,0.2,180.0,Net Banking
ORD-14421,2024-07-28,CUST-1185,Aditya Bose 185,Technology,Monitors,27-inch 4K Monitor,South,Chennai,1,13200.0,0.4,-3800.0,Net Banking
ORD-14422,2024-10-01,CUST-1154,Neha Gupta 154,Technology,Accessories,USB-C Multi-Port Hub,East,Guwahati,1,1800.0,0.0,900.0,Cash on Delivery
ORD-14423,2024-05-06,CUST-1009,Ravi Pillai,Technology,Accessories,Wireless Mouse,West,Surat,1,800.0,0.0,400.0,Net Banking
ORD-14424,2024-07-31,CUST-1250,Neha Gupta 250,Technology,Phones,Bluetooth Wireless Earbuds,East,Patna,1,1750.0,0.3,550.0,Cash on Delivery
ORD-14425,2025-08-07,CUST-1161,Manish Malhotra 161,Furniture,Chairs,Ergonomic Office Chair,East,Patna,2,15300.0,0.1,3300.0,UPI
ORD-14426,2025-05-10,CUST-1111,Siddharth Jain 111,Technology,Accessories,Mechanical Keyboard,Central,Nagpur,1,3325.0,0.05,1325.0,Net Banking
ORD-14427,2024-04-09,CUST-1236,Rahul Sharma 236,Office Supplies,Storage,Heavy Duty Arch File Box,West,Ahmedabad,2,780.0,0.4,80.0,UPI
ORD-14428,2024-01-15,CUST-1074,Tarun Choudhury 74,Office Supplies,Paper,A4 Multipurpose Copy Paper (Pack of 5),East,Bhubaneswar,3,2880.0,0.2,780.0,Net Banking
ORD-14429,2025-08-11,CUST-1214,Aarti Kapoor 214,Furniture,Tables,Wooden Conference Table,West,Surat,3,71250.0,0.05,8250.0,Cash on Delivery
ORD-14430,2025-03-27,CUST-1197,Siddharth Jain 197,Apparel,Corporate Wear,Tailored Blazer,North,Jaipur,1,2400.0,0.5,-200.0,UPI
ORD-14431,2025-11-12,CUST-1236,Rahul Sharma 236,Technology,Accessories,USB-C Multi-Port Hub,Central,Bhopal,1,1620.0,0.1,720.0,Net Banking
ORD-14432,2025-03-29,CUST-1024,Aditya Bose,Apparel,Footwear,Leather Oxford Shoes,Central,Nagpur,2,4480.0,0.3,1080.0,Debit Card
ORD-14433,2024-09-08,CUST-1209,Ravi Pillai 209,Furniture,Tables,Adjustable Standing Desk,West,Mumbai,2,28800.0,0.2,800.0,Cash on Delivery
ORD-14434,2024-11-22,CUST-1129,Neha Gupta 129,Technology,Accessories,Mechanical Keyboard,East,Bhubaneswar,3,10500.0,0.0,4500.0,Credit Card
ORD-14435,2024-09-02,CUST-1012,Ravi Pillai,Apparel,Corporate Wear,Cotton Formal Shirt,Central,Nagpur,2,2400.0,0.2,900.0,Debit Card
ORD-14436,2025-02-06,CUST-1206,Sneha Reddy 206,Technology,Monitors,27-inch 4K Monitor,West,Pune,1,20900.0,0.05,3900.0,Debit Card
ORD-14437,2024-09-14,CUST-1136,Amit Kumar 136,Office Supplies,Paper,Premium Hardbound Notebook,Central,Indore,1,450.0,0.0,270.0,Credit Card
ORD-14438,2024-04-14,CUST-1176,Shweta Mishra 176,Office Supplies,Paper,A4 Multipurpose Copy Paper (Pack of 5),East,Kolkata,3,2160.0,0.4,60.0,Net Banking
ORD-14439,2024-03-06,CUST-1002,Ananya Roy,Apparel,Corporate Wear,Cotton Formal Shirt,Central,Bhopal,1,1350.0,0.1,600.0,Net Banking
ORD-14440,2025-09-28,CUST-1075,Alok Deshmukh 75,Office Supplies,Paper,Premium Hardbound Notebook,East,Kolkata,4,900.0,0.5,180.0,UPI
ORD-14441,2024-08-05,CUST-1123,Abhishek Saxena 123,Office Supplies,Paper,Premium Hardbound Notebook,West,Surat,1,360.0,0.2,180.0,Cash on Delivery
ORD-14442,2024-05-05,CUST-1169,Rajesh Iyer 169,Technology,Accessories,USB-C Multi-Port Hub,East,Kolkata,1,1800.0,0.0,900.0,Debit Card
ORD-14443,2024-02-15,CUST-1194,Ananya Roy 194,Furniture,Chairs,Mesh Executive Chair,Central,Nagpur,1,10200.0,0.15,700.0,Debit Card
ORD-14444,2025-07-18,CUST-1202,Suresh Nair 202,Office Supplies,Storage,Heavy Duty Arch File Box,Central,Nagpur,4,2600.0,0.0,1200.0,Cash on Delivery
ORD-14445,2025-11-04,CUST-1081,Priya Patel 81,Apparel,Corporate Wear,Cotton Formal Shirt,Central,Bhopal,1,1275.0,0.15,525.0,Credit Card
ORD-14446,2025-07-10,CUST-1107,Amit Kumar 107,Office Supplies,Paper,Premium Hardbound Notebook,North,Delhi,3,810.0,0.4,270.0,Debit Card
ORD-14447,2024-11-19,CUST-1197,Siddharth Jain 197,Technology,Accessories,Wireless Mouse,South,Hyderabad,3,1680.0,0.3,480.0,Credit Card
ORD-14448,2025-06-15,CUST-1003,Rahul Sharma,Technology,Phones,Smartphone Pro Max,North,Delhi,1,40500.0,0.1,4500.0,Debit Card
ORD-14449,2025-04-21,CUST-1025,Rahul Sharma,Apparel,Corporate Wear,Tailored Blazer,North,Jaipur,2,7680.0,0.2,2480.0,UPI
ORD-14450,2025-09-04,CUST-1076,Deepak Rao 76,Apparel,Footwear,Leather Oxford Shoes,Central,Bhopal,1,2560.0,0.2,860.0,Debit Card
ORD-14451,2024-02-07,CUST-1225,Aditya Bose 225,Office Supplies,Paper,A4 Multipurpose Copy Paper (Pack of 5),West,Mumbai,2,1200.0,0.5,-200.0,Credit Card
ORD-14452,2025-08-13,CUST-1106,Shweta Mishra 106,Apparel,Corporate Wear,Tailored Blazer,East,Kolkata,2,6720.0,0.3,1520.0,UPI
ORD-14453,2025-05-09,CUST-1002,Ananya Roy,Apparel,Corporate Wear,Tailored Blazer,North,Jaipur,2,9600.0,0.0,4400.0,Cash on Delivery
ORD-14454,2024-07-27,CUST-1182,Amit Kumar 182,Technology,Monitors,27-inch 4K Monitor,Central,Nagpur,5,93500.0,0.15,8500.0,UPI
ORD-14455,2025-05-17,CUST-1236,Rahul Sharma 236,Technology,Phones,Smartphone Pro Max,Central,Indore,1,22500.0,0.5,-13500.0,Credit Card
ORD-14456,2024-07-31,CUST-1209,Ravi Pillai 209,Technology,Phones,Bluetooth Wireless Earbuds,North,Lucknow,1,2125.0,0.15,925.0,Credit Card
ORD-14457,2024-05-18,CUST-1011,Abhishek Saxena,Apparel,Footwear,Leather Oxford Shoes,West,Mumbai,2,6080.0,0.05,2680.0,Net Banking
ORD-14458,2025-11-16,CUST-1093,Divya Agarwal 93,Apparel,Corporate Wear,Cotton Formal Shirt,Central,Indore,1,1050.0,0.3,300.0,Debit Card
ORD-14459,2025-07-07,CUST-1002,Ananya Roy,Office Supplies,Paper,Premium Hardbound Notebook,East,Kolkata,1,450.0,0.0,270.0,Net Banking
ORD-14460,2024-05-14,CUST-1185,Aditya Bose 185,Technology,Accessories,Mechanical Keyboard,South,Bangalore,10,17500.0,0.5,-2500.0,Debit Card
ORD-14461,2024-03-16,CUST-1110,Sneha Reddy 110,Furniture,Bookcases,5-Tier Wooden Bookshelf,East,Kolkata,1,6500.0,0.0,1300.0,Cash on Delivery
ORD-14462,2025-03-17,CUST-1013,Tarun Choudhury,Technology,Accessories,USB-C Multi-Port Hub,Central,Bhopal,4,7200.0,0.0,3600.0,Credit Card
ORD-14463,2025-11-26,CUST-1156,Siddharth Jain 156,Furniture,Chairs,Mesh Executive Chair,South,Bangalore,1,10200.0,0.15,700.0,Cash on Delivery
ORD-14464,2025-06-04,CUST-1197,Siddharth Jain 197,Office Supplies,Binders,Heavy-Duty Ring Binder,Central,Nagpur,4,1120.0,0.0,640.0,Net Banking
ORD-14465,2024-06-03,CUST-1057,Deepak Rao 57,Technology,Phones,Smartphone Pro Max,West,Ahmedabad,2,54000.0,0.4,-18000.0,Cash on Delivery
ORD-14466,2025-12-18,CUST-1217,Bhavna Shah 217,Technology,Phones,Smartphone Pro Max,North,Noida,3,135000.0,0.0,27000.0,Cash on Delivery
ORD-14467,2025-02-18,CUST-1221,Pooja Verma 221,Apparel,Corporate Wear,Tailored Blazer,North,Jaipur,1,4080.0,0.15,1480.0,Credit Card
ORD-14468,2024-04-01,CUST-1017,Manish Malhotra,Technology,Phones,Bluetooth Wireless Earbuds,North,Lucknow,3,7500.0,0.0,3900.0,Cash on Delivery
ORD-14469,2024-05-05,CUST-1104,Bhavna Shah 104,Furniture,Tables,Adjustable Standing Desk,North,Noida,3,48600.0,0.1,6600.0,Debit Card
ORD-14470,2025-02-20,CUST-1215,Sneha Reddy 215,Technology,Accessories,Mechanical Keyboard,Central,Nagpur,1,1750.0,0.5,-250.0,Net Banking
ORD-14471,2024-04-14,CUST-1066,Bhavna Shah 66,Technology,Accessories,Mechanical Keyboard,Central,Bhopal,1,1750.0,0.5,-250.0,Debit Card
ORD-14472,2024-09-26,CUST-1072,Shweta Mishra 72,Apparel,Footwear,Leather Oxford Shoes,West,Mumbai,3,9600.0,0.0,4500.0,Cash on Delivery
ORD-14473,2025-11-27,CUST-1190,Alok Deshmukh 190,Furniture,Bookcases,5-Tier Wooden Bookshelf,Central,Bhopal,1,6500.0,0.0,1300.0,Net Banking
ORD-14474,2024-09-25,CUST-1088,Neha Gupta 88,Office Supplies,Paper,Premium Hardbound Notebook,East,Bhubaneswar,2,540.0,0.4,180.0,Debit Card
ORD-14475,2025-08-08,CUST-1168,Meera Sen 168,Technology,Accessories,Mechanical Keyboard,East,Patna,1,3150.0,0.1,1150.0,UPI
ORD-14476,2024-12-22,CUST-1005,Karan Joshi,Furniture,Tables,Wooden Conference Table,Central,Indore,2,35000.0,0.3,-7000.0,Net Banking
ORD-14477,2024-07-02,CUST-1081,Priya Patel 81,Furniture,Chairs,Ergonomic Office Chair,Central,Indore,2,13600.0,0.2,1600.0,Cash on Delivery
ORD-14478,2024-03-28,CUST-1225,Aditya Bose 225,Office Supplies,Paper,A4 Multipurpose Copy Paper (Pack of 5),South,Bangalore,1,1080.0,0.1,380.0,Net Banking
ORD-14479,2024-05-22,CUST-1135,Karan Joshi 135,Office Supplies,Paper,Premium Hardbound Notebook,North,Chandigarh,8,2880.0,0.2,1440.0,Cash on Delivery
ORD-14480,2024-11-23,CUST-1004,Ravi Pillai,Technology,Phones,Bluetooth Wireless Earbuds,East,Bhubaneswar,2,3500.0,0.3,1100.0,Net Banking
ORD-14481,2024-03-27,CUST-1031,Siddharth Jain 31,Office Supplies,Paper,Premium Hardbound Notebook,East,Bhubaneswar,3,810.0,0.4,270.0,Net Banking
ORD-14482,2025-03-21,CUST-1003,Rahul Sharma,Furniture,Chairs,Ergonomic Office Chair,West,Pune,1,6800.0,0.2,800.0,Cash on Delivery
ORD-14483,2025-08-31,CUST-1235,Bhavna Shah 235,Office Supplies,Storage,Heavy Duty Arch File Box,East,Kolkata,1,552.5,0.15,202.5,Net Banking
ORD-14484,2024-06-10,CUST-1215,Sneha Reddy 215,Office Supplies,Binders,Heavy-Duty Ring Binder,East,Patna,1,280.0,0.0,160.0,Debit Card
ORD-14485,2025-05-24,CUST-1244,Tarun Choudhury 244,Technology,Phones,Bluetooth Wireless Earbuds,South,Bangalore,3,7500.0,0.0,3900.0,Debit Card
ORD-14486,2024-05-31,CUST-1071,Preeti Pandey 71,Technology,Monitors,27-inch 4K Monitor,South,Hyderabad,1,17600.0,0.2,600.0,UPI
ORD-14487,2024-01-01,CUST-1134,Kavita Das 134,Furniture,Bookcases,5-Tier Wooden Bookshelf,Central,Nagpur,1,5200.0,0.2,0.0,UPI
ORD-14488,2025-04-08,CUST-1047,Vikas Singh 47,Technology,Phones,Smartphone Pro Max,West,Mumbai,1,45000.0,0.0,9000.0,UPI
ORD-14489,2025-10-02,CUST-1188,Karan Joshi 188,Furniture,Chairs,Mesh Executive Chair,West,Pune,3,34200.0,0.05,5700.0,UPI
ORD-14490,2025-06-11,CUST-1070,Pooja Verma 70,Office Supplies,Paper,A4 Multipurpose Copy Paper (Pack of 5),East,Kolkata,1,600.0,0.5,-100.0,Credit Card
ORD-14491,2024-10-22,CUST-1063,Divya Agarwal 63,Technology,Phones,Bluetooth Wireless Earbuds,South,Bangalore,1,2500.0,0.0,1300.0,Credit Card
ORD-14492,2025-08-15,CUST-1070,Pooja Verma 70,Furniture,Tables,Adjustable Standing Desk,South,Bangalore,3,48600.0,0.1,6600.0,UPI
ORD-14493,2024-10-14,CUST-1207,Divya Agarwal 207,Apparel,Corporate Wear,Tailored Blazer,East,Bhubaneswar,1,4560.0,0.05,1960.0,Net Banking
ORD-14494,2025-05-08,CUST-1152,Karan Joshi 152,Apparel,Corporate Wear,Tailored Blazer,South,Hyderabad,1,4800.0,0.0,2200.0,UPI
ORD-14495,2024-04-27,CUST-1110,Sneha Reddy 110,Apparel,Corporate Wear,Cotton Formal Shirt,South,Chennai,1,1050.0,0.3,300.0,Cash on Delivery
ORD-14496,2025-08-02,CUST-1222,Preeti Pandey 222,Apparel,Corporate Wear,Cotton Formal Shirt,North,Noida,1,1500.0,0.0,750.0,UPI
ORD-14497,2025-11-28,CUST-1039,Rahul Sharma 39,Furniture,Tables,Wooden Conference Table,South,Kochi,1,17500.0,0.3,-3500.0,Cash on Delivery
ORD-14498,2025-09-23,CUST-1194,Ananya Roy 194,Office Supplies,Storage,Heavy Duty Arch File Box,South,Hyderabad,1,455.0,0.3,105.0,Net Banking
ORD-14499,2024-10-16,CUST-1223,Shweta Mishra 223,Office Supplies,Paper,A4 Multipurpose Copy Paper (Pack of 5),South,Kochi,1,1080.0,0.1,380.0,Cash on Delivery
ORD-14500,2025-06-19,CUST-1244,,Apparel,Corporate Wear,Tailored Blazer,South,Chennai,3,10080.0,0.3,2280.0,Credit Card
ORD-14501,2024-12-06,CUST-1033,Neha Gupta 33,Furniture,Bookcases,5-Tier Wooden Bookshelf,South,Hyderabad,1,4550.0,0.3,-650.0,Cash on Delivery
ORD-14502,2025-11-26,CUST-1048,Rohan Mehta 48,Apparel,Corporate Wear,Tailored Blazer,North,Jaipur,1,4560.0,0.05,1960.0,Debit Card
ORD-14503,2024-12-10,CUST-1142,Suresh Nair 142,Apparel,Corporate Wear,Cotton Formal Shirt,South,Kochi,1,1350.0,0.1,600.0,Net Banking
ORD-14504,2025-02-10,CUST-1122,Neha Gupta 122,Office Supplies,Storage,Heavy Duty Arch File Box,East,Guwahati,3,1170.0,0.4,120.0,Credit Card
ORD-14505,2025-07-07,CUST-1140,Tarun Choudhury 140,Office Supplies,Binders,Heavy-Duty Ring Binder,West,Ahmedabad,3,504.0,0.4,144.0,Net Banking
ORD-14506,2024-03-21,CUST-1186,Divya Agarwal 186,Technology,Phones,Bluetooth Wireless Earbuds,North,Chandigarh,1,2500.0,0.0,1300.0,Credit Card
ORD-14507,2025-02-03,CUST-1143,Rohan Mehta 143,Office Supplies,Paper,A4 Multipurpose Copy Paper (Pack of 5),Central,Bhopal,1,1200.0,0.0,500.0,Net Banking
ORD-14508,2024-05-11,CUST-1025,Rahul Sharma,Technology,Accessories,Mechanical Keyboard,East,Patna,3,10500.0,0.0,4500.0,Debit Card
ORD-14509,2024-09-26,CUST-1057,Deepak Rao 57,Technology,Accessories,Wireless Mouse,North,Delhi,3,2400.0,0.0,1200.0,Debit Card
ORD-14510,2024-10-20,CUST-1152,Karan Joshi 152,Office Supplies,Paper,Premium Hardbound Notebook,West,Ahmedabad,3,1215.0,0.1,675.0,Debit Card
ORD-14511,2024-07-28,CUST-1055,Deepak Rao 55,Technology,Accessories,USB-C Multi-Port Hub,Central,Nagpur,4,7200.0,0.0,3600.0,UPI
ORD-14512,2025-11-30,CUST-1059,Karan Joshi 59,Furniture,Chairs,Mesh Executive Chair,South,Hyderabad,3,25200.0,0.3,-3300.0,Credit Card
ORD-14513,2025-09-29,CUST-1111,Siddharth Jain 111,Office Supplies,Art,Highlighter & Marker Set,North,Delhi,1,350.0,0.0,200.0,Credit Card
ORD-14514,2025-11-10,CUST-1154,Neha Gupta 154,Office Supplies,Binders,Heavy-Duty Ring Binder,West,Ahmedabad,3,672.0,0.2,312.0,UPI
ORD-14515,2025-06-27,CUST-1135,Karan Joshi 135,Apparel,Corporate Wear,Cotton Formal Shirt,North,Chandigarh,2,3000.0,0.0,1500.0,Credit Card
ORD-14516,2024-04-28,CUST-1094,Shweta Mishra 94,Apparel,Footwear,Leather Oxford Shoes,Central,Bhopal,2,5760.0,0.1,2360.0,Credit Card
ORD-14517,2025-04-12,CUST-1112,Ravi Pillai 112,Furniture,Chairs,Mesh Executive Chair,Central,Bhopal,2,21600.0,0.1,2600.0,Cash on Delivery
ORD-14518,2024-02-16,CUST-1244,Tarun Choudhury 244,Furniture,Chairs,Ergonomic Office Chair,South,Bangalore,1,8500.0,0.0,2500.0,Credit Card
ORD-14519,2025-09-08,CUST-1083,Neha Gupta 83,Furniture,Tables,Adjustable Standing Desk,Central,Bhopal,4,50400.0,0.3,-5600.0,UPI
ORD-14520,2024-10-23,CUST-1176,Shweta Mishra 176,Technology,Phones,Smartphone Pro Max,West,Pune,3,81000.0,0.4,-27000.0,Net Banking
ORD-14521,2024-11-13,CUST-1186,Divya Agarwal 186,Office Supplies,Binders,Heavy-Duty Ring Binder,West,Mumbai,2,532.0,0.05,292.0,Net Banking
ORD-14522,2025-01-29,CUST-1106,Shweta Mishra 106,Office Supplies,Paper,A4 Multipurpose Copy Paper (Pack of 5),East,Kolkata,1,840.0,0.3,140.0,Net Banking
ORD-14523,2024-05-22,CUST-1042,Sneha Reddy 42,Apparel,Corporate Wear,Tailored Blazer,South,Bangalore,4,19200.0,0.0,8800.0,Cash on Delivery
ORD-14524,2024-05-10,CUST-1031,Siddharth Jain 31,Apparel,Footwear,Leather Oxford Shoes,South,Kochi,4,7680.0,0.4,880.0,Credit Card
ORD-14525,2025-05-07,CUST-1143,Rohan Mehta 143,Furniture,Tables,Adjustable Standing Desk,East,Bhubaneswar,1,17100.0,0.05,3100.0,Cash on Delivery
ORD-14526,2024-07-29,CUST-1051,Ananya Roy 51,Technology,Accessories,Wireless Mouse,West,Ahmedabad,2,1280.0,0.2,480.0,Cash on Delivery
ORD-14527,2024-06-19,CUST-1170,Amit Kumar 170,Technology,Accessories,Mechanical Keyboard,East,Guwahati,2,5600.0,0.2,1600.0,UPI
ORD-14528,2024-10-06,CUST-1060,Gaurav Tiwari 60,Technology,Phones,Smartphone Pro Max,South,Chennai,1,40500.0,0.1,4500.0,Credit Card
ORD-14529,2024-12-14,CUST-1187,Meera Sen 187,Furniture,Tables,Adjustable Standing Desk,Central,Nagpur,1,10800.0,0.4,-3200.0,Debit Card
ORD-14530,2025-03-19,CUST-1090,Ananya Roy 90,Technology,Phones,Smartphone Pro Max,South,Hyderabad,1,45000.0,0.0,9000.0,Net Banking
ORD-14531,2024-08-28,CUST-1120,Nisha Bhat 120,Apparel,Corporate Wear,Tailored Blazer,North,Chandigarh,3,14400.0,0.0,6600.0,Debit Card
ORD-14532,2025-07-26,CUST-1182,Amit Kumar 182,Furniture,Chairs,Mesh Executive Chair,East,Patna,2,14400.0,0.4,-4600.0,UPI
ORD-14533,2024-03-26,CUST-1177,Sneha Reddy 177,Office Supplies,Storage,Heavy Duty Arch File Box,West,Ahmedabad,4,1560.0,0.4,160.0,Debit Card
ORD-14534,2025-08-09,CUST-1239,Rajesh Iyer 239,Furniture,Tables,Adjustable Standing Desk,South,Bangalore,2,25200.0,0.3,-2800.0,Cash on Delivery
ORD-14535,2024-07-21,CUST-1236,Rahul Sharma 236,Technology,Phones,Smartphone Pro Max,South,Kochi,1,36000.0,0.2,0.0,Debit Card
ORD-14536,2025-08-13,CUST-1128,Priya Patel 128,Technology,Monitors,27-inch 4K Monitor,East,Guwahati,2,26400.0,0.4,-7600.0,Net Banking
ORD-14537,2025-05-02,CUST-1125,Preeti Pandey 125,Office Supplies,Paper,A4 Multipurpose Copy Paper (Pack of 5),Central,Bhopal,1,720.0,0.4,20.0,Net Banking
ORD-14538,2024-03-14,CUST-1054,Ananya Roy 54,Furniture,Tables,Wooden Conference Table,North,Chandigarh,1,12500.0,0.5,-8500.0,UPI
ORD-14539,2025-08-21,CUST-1089,Alok Deshmukh 89,Furniture,Chairs,Mesh Executive Chair,Central,Bhopal,5,36000.0,0.4,-11500.0,Debit Card
ORD-14540,2024-07-02,CUST-1111,Siddharth Jain 111,Office Supplies,Binders,Heavy-Duty Ring Binder,South,Chennai,1,140.0,0.5,20.0,UPI
ORD-14541,2025-11-26,CUST-1218,Ananya Roy 218,Office Supplies,Paper,Premium Hardbound Notebook,North,Jaipur,4,1800.0,0.0,1080.0,UPI
ORD-14542,2024-03-17,CUST-1021,Rohan Mehta,Furniture,Chairs,Mesh Executive Chair,Central,Bhopal,1,7200.0,0.4,-2300.0,UPI
ORD-14543,2024-12-07,CUST-1106,Shweta Mishra 106,Furniture,Tables,Adjustable Standing Desk,East,Bhubaneswar,3,48600.0,0.1,6600.0,Cash on Delivery
ORD-14544,2025-09-10,CUST-1004,Ravi Pillai,Technology,Accessories,USB-C Multi-Port Hub,North,Noida,5,9000.0,0.0,4500.0,Net Banking
ORD-14545,2024-09-13,CUST-1212,Karan Joshi 212,Office Supplies,Art,Highlighter & Marker Set,Central,Bhopal,1,175.0,0.5,25.0,Cash on Delivery
ORD-14546,2024-04-01,CUST-1088,Neha Gupta 88,Office Supplies,Binders,Heavy-Duty Ring Binder,South,Bangalore,1,140.0,0.5,20.0,Cash on Delivery
ORD-14547,2025-01-25,CUST-1119,Shweta Mishra 119,Furniture,Chairs,Mesh Executive Chair,East,Guwahati,1,12000.0,0.0,2500.0,Cash on Delivery
ORD-14548,2025-11-22,CUST-1012,Ravi Pillai,Technology,Monitors,27-inch 4K Monitor,South,Kochi,1,19800.0,0.1,2800.0,Credit Card
ORD-14549,2025-11-17,CUST-1205,Manish Malhotra 205,Office Supplies,Paper,Premium Hardbound Notebook,Central,Nagpur,1,450.0,0.0,270.0,Debit Card
ORD-14550,2025-01-06,CUST-1159,Ravi Pillai 159,Office Supplies,Binders,Heavy-Duty Ring Binder,North,Jaipur,1,196.0,0.3,76.0,Cash on Delivery
ORD-14551,2024-07-19,CUST-1041,Gaurav Tiwari 41,Office Supplies,Binders,Heavy-Duty Ring Binder,East,Kolkata,1,238.0,0.15,118.0,Debit Card
ORD-14552,2025-11-25,CUST-1214,Aarti Kapoor 214,Office Supplies,Art,Highlighter & Marker Set,East,Bhubaneswar,2,700.0,0.0,400.0,Net Banking
ORD-14553,2024-01-05,CUST-1210,Tarun Choudhury 210,Apparel,Footwear,Leather Oxford Shoes,East,Patna,1,1920.0,0.4,220.0,Cash on Delivery
ORD-14554,2025-10-18,CUST-1108,Aditya Bose 108,Technology,Accessories,USB-C Multi-Port Hub,North,Noida,1,900.0,0.5,0.0,Net Banking
ORD-14555,2024-07-24,CUST-1242,Bhavna Shah 242,Office Supplies,Paper,A4 Multipurpose Copy Paper (Pack of 5),Central,Indore,8,6720.0,0.3,1120.0,Cash on Delivery
ORD-14556,2024-10-27,CUST-1243,Deepak Rao 243,Furniture,Chairs,Ergonomic Office Chair,East,Patna,1,5950.0,0.3,-50.0,UPI
ORD-14557,2024-06-21,CUST-1098,Deepak Rao 98,Furniture,Chairs,Ergonomic Office Chair,South,Kochi,1,5950.0,0.3,-50.0,Net Banking
ORD-14558,2024-12-25,CUST-1207,Divya Agarwal 207,Furniture,Tables,Adjustable Standing Desk,West,Surat,2,28800.0,0.2,800.0,Net Banking
ORD-14559,2025-09-25,CUST-1067,Kavita Das 67,Apparel,Footwear,Leather Oxford Shoes,West,Surat,3,8160.0,0.15,3060.0,Debit Card
ORD-14560,2025-10-05,CUST-1062,Ravi Pillai 62,Furniture,Tables,Adjustable Standing Desk,East,Patna,4,72000.0,0.0,16000.0,Credit Card
ORD-14561,2024-09-16,CUST-1007,Neha Gupta,Office Supplies,Paper,A4 Multipurpose Copy Paper (Pack of 5),South,Kochi,2,1200.0,0.5,-200.0,UPI
ORD-14562,2025-07-26,CUST-1186,Divya Agarwal 186,Furniture,Tables,Adjustable Standing Desk,Central,Nagpur,1,17100.0,0.05,3100.0,Cash on Delivery
ORD-14563,2024-09-21,CUST-1086,Amit Kumar 86,Technology,Accessories,Wireless Mouse,South,Kochi,3,2040.0,0.15,840.0,Debit Card
ORD-14564,2025-07-21,CUST-1222,Preeti Pandey 222,Technology,Accessories,Mechanical Keyboard,East,Kolkata,1,2100.0,0.4,100.0,Credit Card
ORD-14565,2024-07-22,CUST-1187,Meera Sen 187,Apparel,Corporate Wear,Tailored Blazer,West,Surat,2,9600.0,0.0,4400.0,Cash on Delivery
ORD-14566,2024-05-03,CUST-1064,Siddharth Jain 64,Office Supplies,Storage,Heavy Duty Arch File Box,Central,Indore,1,390.0,0.4,40.0,UPI
ORD-14567,2025-12-14,CUST-1208,Rahul Sharma 208,Technology,Accessories,Wireless Mouse,East,Bhubaneswar,2,1600.0,0.0,800.0,Debit Card
ORD-14568,2024-03-30,CUST-1091,Kavita Das 91,Technology,Accessories,Wireless Mouse,East,Bhubaneswar,1,720.0,0.1,320.0,UPI
ORD-14569,2024-12-05,CUST-1105,Abhishek Saxena 105,Office Supplies,Paper,A4 Multipurpose Copy Paper (Pack of 5),Central,Bhopal,4,3360.0,0.3,560.0,Cash on Delivery
ORD-14570,2025-03-18,CUST-1053,Kavita Das 53,Furniture,Chairs,Ergonomic Office Chair,West,Surat,2,13600.0,0.2,1600.0,Debit Card
ORD-14571,2025-12-09,CUST-1202,Suresh Nair 202,Office Supplies,Paper,Premium Hardbound Notebook,East,Kolkata,1,450.0,0.0,270.0,Net Banking
ORD-14572,2024-07-20,CUST-1211,Ravi Pillai 211,Apparel,Footwear,Leather Oxford Shoes,Central,Indore,1,2720.0,0.15,1020.0,Cash on Delivery
ORD-14573,2024-05-30,CUST-1201,Shweta Mishra 201,Technology,Accessories,Mechanical Keyboard,Central,Indore,3,10500.0,0.0,4500.0,UPI
ORD-14574,2024-03-31,CUST-1006,Neha Gupta,Technology,Monitors,27-inch 4K Monitor,East,Guwahati,1,13200.0,0.4,-3800.0,UPI
ORD-14575,2025-11-29,CUST-1084,Aarti Kapoor 84,Technology,Phones,Smartphone Pro Max,East,Patna,8,324000.0,0.1,36000.0,Cash on Delivery
ORD-14576,2025-04-17,CUST-1122,Neha Gupta 122,Apparel,Footwear,Leather Oxford Shoes,East,Bhubaneswar,2,6080.0,0.05,2680.0,UPI
ORD-14577,2025-03-13,CUST-1023,Meera Sen,Furniture,Tables,Adjustable Standing Desk,West,Pune,4,50400.0,0.3,-5600.0,Debit Card
ORD-14578,2024-10-03,CUST-1122,Neha Gupta 122,Apparel,Corporate Wear,Cotton Formal Shirt,Central,Bhopal,4,6000.0,0.0,3000.0,Debit Card
ORD-14579,2025-11-15,CUST-1165,Deepak Rao 165,Technology,Monitors,27-inch 4K Monitor,East,Kolkata,1,15400.0,0.3,-1600.0,UPI
ORD-14580,2025-02-17,CUST-1221,Pooja Verma 221,Apparel,Corporate Wear,Cotton Formal Shirt,East,Patna,1,1050.0,0.3,300.0,UPI
ORD-14581,2025-05-07,CUST-1022,Neha Gupta,Apparel,Corporate Wear,Tailored Blazer,North,Lucknow,2,9120.0,0.05,3920.0,Net Banking
ORD-14582,2024-04-07,CUST-1221,Pooja Verma 221,Furniture,Chairs,Ergonomic Office Chair,Central,Bhopal,1,5950.0,0.3,-50.0,Net Banking
ORD-14583,2024-09-16,CUST-1094,Shweta Mishra 94,Apparel,Footwear,Leather Oxford Shoes,Central,Indore,5,16000.0,0.0,7500.0,Credit Card
ORD-14584,2024-09-11,CUST-1128,Priya Patel 128,Office Supplies,Storage,Heavy Duty Arch File Box,Central,Indore,1,390.0,0.4,40.0,UPI
ORD-14585,2025-05-16,CUST-1149,Shweta Mishra 149,Technology,Accessories,USB-C Multi-Port Hub,North,Chandigarh,3,4590.0,0.15,1890.0,UPI
ORD-14586,2024-01-31,CUST-1210,Tarun Choudhury 210,Office Supplies,Storage,Heavy Duty Arch File Box,West,Mumbai,2,910.0,0.3,210.0,Cash on Delivery
ORD-14587,2024-07-28,CUST-1195,Abhishek Saxena 195,Apparel,Corporate Wear,Tailored Blazer,West,Surat,2,8640.0,0.1,3440.0,Cash on Delivery
ORD-14588,2024-07-19,CUST-1207,Divya Agarwal 207,Technology,Accessories,Wireless Mouse,South,Hyderabad,2,1360.0,0.15,560.0,Net Banking
ORD-14589,2024-08-06,CUST-1111,Siddharth Jain 111,Furniture,Bookcases,5-Tier Wooden Bookshelf,West,Mumbai,4,23400.0,0.1,2600.0,Cash on Delivery
ORD-14590,2024-05-12,CUST-1123,Abhishek Saxena 123,Technology,Monitors,27-inch 4K Monitor,Central,Bhopal,2,41800.0,0.05,7800.0,UPI
ORD-14591,2025-04-07,CUST-1142,Suresh Nair 142,Apparel,Corporate Wear,Cotton Formal Shirt,South,Kochi,3,4050.0,0.1,1800.0,Credit Card
ORD-14592,2024-03-25,CUST-1110,Sneha Reddy 110,Office Supplies,Binders,Heavy-Duty Ring Binder,Central,Indore,3,504.0,0.4,144.0,Debit Card
ORD-14593,2024-09-24,CUST-1069,Siddharth Jain 69,Technology,Accessories,Mechanical Keyboard,Central,Nagpur,2,5950.0,0.15,1950.0,Cash on Delivery
ORD-14594,2024-08-08,CUST-1007,Neha Gupta,Furniture,Chairs,Ergonomic Office Chair,South,Bangalore,2,14450.0,0.15,2450.0,Net Banking
ORD-14595,2024-01-06,CUST-1217,Bhavna Shah 217,Furniture,Bookcases,5-Tier Wooden Bookshelf,South,Kochi,2,13000.0,0.0,2600.0,UPI
ORD-14596,2025-01-05,CUST-1041,Gaurav Tiwari 41,Furniture,Chairs,Ergonomic Office Chair,North,Lucknow,2,8500.0,0.5,-3500.0,Cash on Delivery
ORD-14597,2025-02-15,CUST-1098,Deepak Rao 98,Furniture,Chairs,Ergonomic Office Chair,South,Bangalore,5,42500.0,0.0,12500.0,Credit Card
ORD-14598,2025-01-01,CUST-1218,Ananya Roy 218,Office Supplies,Paper,Premium Hardbound Notebook,West,Ahmedabad,5,2137.5,0.05,1237.5,UPI
ORD-14599,2025-03-26,CUST-1153,Vikas Singh 153,Apparel,Footwear,Leather Oxford Shoes,North,Jaipur,1,3200.0,0.0,1500.0,Credit Card
ORD-14600,2025-11-30,CUST-1237,Aditya Bose 237,Technology,Monitors,27-inch 4K Monitor,North,Delhi,1,11000.0,0.5,-6000.0,Debit Card
ORD-14601,2024-08-08,CUST-1024,Aditya Bose,Apparel,Corporate Wear,Tailored Blazer,West,Mumbai,1,4800.0,0.0,2200.0,Credit Card
ORD-14602,2024-03-21,CUST-1171,Aarti Kapoor 171,Apparel,Corporate Wear,Tailored Blazer,South,Bangalore,3,11520.0,0.2,3720.0,Cash on Delivery
ORD-14603,2024-05-09,CUST-1207,Divya Agarwal 207,Technology,Accessories,Mechanical Keyboard,West,Mumbai,3,10500.0,0.0,4500.0,Cash on Delivery
ORD-14604,2024-08-31,CUST-1233,Bhavna Shah 233,Technology,Accessories,Mechanical Keyboard,West,Ahmedabad,2,4900.0,0.3,900.0,Credit Card
ORD-14605,2025-06-12,CUST-1092,Karan Joshi 92,Office Supplies,Art,Highlighter & Marker Set,East,Guwahati,4,700.0,0.5,100.0,Cash on Delivery
ORD-14606,2024-06-02,CUST-1070,Pooja Verma 70,Furniture,Bookcases,5-Tier Wooden Bookshelf,West,Pune,2,13000.0,0.0,2600.0,Debit Card
ORD-14607,2024-03-27,CUST-1138,Bhavna Shah 138,Technology,Monitors,27-inch 4K Monitor,East,Bhubaneswar,4,83600.0,0.05,15600.0,Cash on Delivery
ORD-14608,2024-05-21,CUST-1112,Ravi Pillai 112,Furniture,Tables,Adjustable Standing Desk,South,Hyderabad,4,72000.0,0.0,16000.0,Cash on Delivery
ORD-14609,2024-11-12,CUST-1166,Neha Gupta 166,Office Supplies,Art,Highlighter & Marker Set,East,Kolkata,1,297.5,0.15,147.5,Cash on Delivery
ORD-14610,2024-02-12,CUST-1063,Divya Agarwal 63,Technology,Accessories,Mechanical Keyboard,Central,Bhopal,2,3500.0,0.5,-500.0,Debit Card
ORD-14611,2024-12-15,CUST-1100,Rohan Mehta 100,Technology,Phones,Smartphone Pro Max,West,Mumbai,3,121500.0,0.1,13500.0,Cash on Delivery
ORD-14612,2025-07-21,CUST-1073,Aditya Bose 73,Apparel,Footwear,Leather Oxford Shoes,North,Jaipur,3,5760.0,0.4,660.0,Cash on Delivery
ORD-14613,2024-05-19,CUST-1168,Meera Sen 168,Furniture,Tables,Adjustable Standing Desk,West,Surat,3,54000.0,0.0,12000.0,Credit Card
ORD-14614,2024-11-20,CUST-1239,Rajesh Iyer 239,Office Supplies,Paper,A4 Multipurpose Copy Paper (Pack of 5),West,Ahmedabad,2,2280.0,0.05,880.0,Debit Card
ORD-14615,2024-12-06,CUST-1020,Amit Kumar,Technology,Accessories,Mechanical Keyboard,Central,Nagpur,1,3500.0,0.0,1500.0,Net Banking
ORD-14616,2025-03-25,CUST-1199,Karan Joshi 199,Furniture,Bookcases,5-Tier Wooden Bookshelf,West,Surat,3,13650.0,0.3,-1950.0,Net Banking
ORD-14617,2025-05-19,CUST-1070,Pooja Verma 70,Office Supplies,Paper,A4 Multipurpose Copy Paper (Pack of 5),Central,Bhopal,1,1200.0,0.0,500.0,Credit Card
ORD-14618,2024-08-10,CUST-1132,Gaurav Tiwari 132,Office Supplies,Art,Highlighter & Marker Set,South,Hyderabad,3,997.5,0.05,547.5,Net Banking
ORD-14619,2025-09-02,CUST-1121,Siddharth Jain 121,Technology,Accessories,Mechanical Keyboard,North,Chandigarh,1,3150.0,0.1,1150.0,Debit Card
ORD-14620,2025-01-07,CUST-1154,Neha Gupta 154,Furniture,Tables,Wooden Conference Table,Central,Indore,2,40000.0,0.2,-2000.0,Net Banking
ORD-14621,2024-09-28,CUST-1237,Aditya Bose 237,Technology,Phones,Smartphone Pro Max,East,Guwahati,1,22500.0,0.5,-13500.0,Debit Card
ORD-14622,2025-03-07,CUST-1169,Rajesh Iyer 169,Office Supplies,Binders,Heavy-Duty Ring Binder,North,Lucknow,1,140.0,0.5,20.0,Credit Card
ORD-14623,2024-12-17,CUST-1239,Rajesh Iyer 239,Technology,Monitors,27-inch 4K Monitor,East,Guwahati,1,11000.0,0.5,-6000.0,UPI
ORD-14624,2025-01-19,CUST-1078,Rohan Mehta 78,Technology,Phones,Smartphone Pro Max,South,Chennai,2,63000.0,0.3,-9000.0,Net Banking
ORD-14625,2025-01-04,CUST-1051,Ananya Roy 51,Technology,Accessories,USB-C Multi-Port Hub,West,Ahmedabad,5,8550.0,0.05,4050.0,Debit Card
ORD-14626,2024-04-15,CUST-1128,Priya Patel 128,Technology,Accessories,Mechanical Keyboard,North,Jaipur,1,2975.0,0.15,975.0,Debit Card
ORD-14627,2025-07-23,CUST-1062,Ravi Pillai 62,Furniture,Tables,Wooden Conference Table,West,Ahmedabad,2,42500.0,0.15,500.0,Debit Card
ORD-14628,2025-03-21,CUST-1206,Sneha Reddy 206,Technology,Monitors,27-inch 4K Monitor,North,Chandigarh,10,209000.0,0.05,39000.0,Credit Card
ORD-14629,2025-01-16,CUST-1204,Pooja Verma 204,Office Supplies,Binders,Heavy-Duty Ring Binder,East,Guwahati,2,336.0,0.4,96.0,Cash on Delivery
ORD-14630,2024-12-30,CUST-1078,Rohan Mehta 78,Apparel,Footwear,Leather Oxford Shoes,North,Delhi,2,6400.0,0.0,3000.0,Debit Card
ORD-14631,2024-07-24,CUST-1021,Rohan Mehta,Office Supplies,Binders,Heavy-Duty Ring Binder,North,Jaipur,4,784.0,0.3,304.0,Cash on Delivery
ORD-14632,2024-11-24,CUST-1024,Aditya Bose,Apparel,Footwear,Leather Oxford Shoes,East,Bhubaneswar,1,1920.0,0.4,220.0,Net Banking
ORD-14633,2024-02-17,CUST-1200,Aarti Kapoor 200,Furniture,Chairs,Mesh Executive Chair,North,Chandigarh,1,6000.0,0.5,-3500.0,Cash on Delivery
ORD-14634,2025-06-02,CUST-1140,Tarun Choudhury 140,Office Supplies,Paper,A4 Multipurpose Copy Paper (Pack of 5),North,Delhi,1,1020.0,0.15,320.0,Cash on Delivery
ORD-14635,2024-07-20,CUST-1153,Vikas Singh 153,Technology,Accessories,USB-C Multi-Port Hub,North,Delhi,1,1710.0,0.05,810.0,Credit Card
ORD-14636,2024-02-14,CUST-1042,Sneha Reddy 42,Office Supplies,Paper,Premium Hardbound Notebook,West,Mumbai,1,427.5,0.05,247.5,Credit Card
ORD-14637,2025-12-14,CUST-1063,Divya Agarwal 63,Office Supplies,Binders,Heavy-Duty Ring Binder,Central,Bhopal,1,280.0,0.0,160.0,Credit Card
ORD-14638,2025-07-10,CUST-1144,Shweta Mishra 144,Office Supplies,Art,Highlighter & Marker Set,Central,Bhopal,5,1750.0,0.0,1000.0,Cash on Delivery
ORD-14639,2025-06-29,CUST-1158,Karan Joshi 158,Furniture,Chairs,Ergonomic Office Chair,Central,Indore,1,5950.0,0.3,-50.0,Cash on Delivery
ORD-14640,2024-04-11,CUST-1193,Ravi Pillai 193,Office Supplies,Storage,Heavy Duty Arch File Box,East,Guwahati,1,585.0,0.1,235.0,Credit Card
ORD-14641,2024-01-09,CUST-1140,Tarun Choudhury 140,Furniture,Chairs,Mesh Executive Chair,West,Mumbai,1,12000.0,0.0,2500.0,Net Banking
ORD-14642,2025-03-21,CUST-1075,Alok Deshmukh 75,Office Supplies,Binders,Heavy-Duty Ring Binder,West,Pune,3,672.0,0.2,312.0,Debit Card
ORD-14643,2024-10-08,CUST-1066,Bhavna Shah 66,Office Supplies,Art,Highlighter & Marker Set,Central,Bhopal,3,1050.0,0.0,600.0,Net Banking
ORD-14644,2025-09-05,CUST-1211,Ravi Pillai 211,Office Supplies,Storage,Heavy Duty Arch File Box,East,Bhubaneswar,1,552.5,0.15,202.5,Cash on Delivery
ORD-14645,2024-04-05,CUST-1175,Vikas Singh 175,Apparel,Corporate Wear,Tailored Blazer,East,Guwahati,3,12960.0,0.1,5160.0,Debit Card
ORD-14646,2025-09-16,CUST-1146,Kavita Das 146,Technology,Monitors,27-inch 4K Monitor,West,Surat,2,44000.0,0.0,10000.0,Debit Card
ORD-14647,2024-09-20,CUST-1099,Deepak Rao 99,Furniture,Chairs,Ergonomic Office Chair,Central,Nagpur,3,24225.0,0.05,6225.0,UPI
ORD-14648,2024-11-13,CUST-1080,Amit Kumar 80,Technology,Phones,Bluetooth Wireless Earbuds,South,Hyderabad,1,2500.0,0.0,1300.0,Net Banking
ORD-14649,2025-08-20,CUST-1195,Abhishek Saxena 195,Technology,Accessories,Wireless Mouse,Central,Nagpur,3,2160.0,0.1,960.0,Cash on Delivery
ORD-14650,2025-02-01,CUST-1100,Rohan Mehta 100,Office Supplies,Storage,Heavy Duty Arch File Box,Central,Bhopal,5,3250.0,0.0,1500.0,Cash on Delivery
ORD-14651,2024-07-05,CUST-1215,Sneha Reddy 215,Technology,Phones,Bluetooth Wireless Earbuds,Central,Bhopal,1,2500.0,0.0,1300.0,Debit Card
ORD-14652,2025-01-27,CUST-1144,Shweta Mishra 144,Office Supplies,Binders,Heavy-Duty Ring Binder,South,Chennai,4,1064.0,0.05,584.0,Net Banking
ORD-14653,2024-07-31,CUST-1059,Karan Joshi 59,Office Supplies,Binders,Heavy-Duty Ring Binder,Central,Indore,1,224.0,0.2,104.0,UPI
ORD-14654,2024-07-27,CUST-1132,Gaurav Tiwari 132,Office Supplies,Storage,Heavy Duty Arch File Box,East,Patna,3,1170.0,0.4,120.0,Debit Card
ORD-14655,2025-05-22,CUST-1129,Neha Gupta 129,Furniture,Chairs,Mesh Executive Chair,North,Jaipur,3,30600.0,0.15,2100.0,Cash on Delivery
ORD-14656,2025-01-29,CUST-1176,Shweta Mishra 176,Furniture,Bookcases,5-Tier Wooden Bookshelf,East,Guwahati,2,11050.0,0.15,650.0,Net Banking
ORD-14657,2025-05-29,CUST-1099,Deepak Rao 99,Apparel,Corporate Wear,Tailored Blazer,North,Delhi,4,16320.0,0.15,5920.0,UPI
ORD-14658,2024-05-14,CUST-1235,Bhavna Shah 235,Office Supplies,Paper,Premium Hardbound Notebook,East,Guwahati,1,405.0,0.1,225.0,Cash on Delivery
ORD-14659,2024-09-27,CUST-1055,Deepak Rao 55,Office Supplies,Storage,Heavy Duty Arch File Box,South,Chennai,2,1105.0,0.15,405.0,Net Banking
ORD-14660,2024-04-19,CUST-1066,Bhavna Shah 66,Office Supplies,Storage,Heavy Duty Arch File Box,West,Pune,4,2340.0,0.1,940.0,Credit Card
ORD-14661,2024-02-13,CUST-1016,Swati Kulkarni,Furniture,Tables,Wooden Conference Table,South,Bangalore,8,120000.0,0.4,-48000.0,Net Banking
ORD-14662,2025-03-29,CUST-1065,Ananya Roy 65,Office Supplies,Art,Highlighter & Marker Set,North,Jaipur,1,332.5,0.05,182.5,Debit Card
ORD-14663,2024-03-25,CUST-1162,Tarun Choudhury 162,Apparel,Footwear,Leather Oxford Shoes,North,Noida,8,21760.0,0.15,8160.0,UPI
ORD-14664,2024-12-14,CUST-1161,Manish Malhotra 161,Technology,Phones,Smartphone Pro Max,South,Chennai,1,27000.0,0.4,-9000.0,Debit Card
ORD-14665,2024-02-20,CUST-1140,Tarun Choudhury 140,Technology,Accessories,USB-C Multi-Port Hub,West,Pune,4,7200.0,0.0,3600.0,Cash on Delivery
ORD-14666,2025-05-27,CUST-1223,Shweta Mishra 223,Office Supplies,Binders,Heavy-Duty Ring Binder,East,Guwahati,3,798.0,0.05,438.0,Credit Card
ORD-14667,2025-05-16,CUST-1172,Priya Patel 172,Apparel,Footwear,Leather Oxford Shoes,North,Jaipur,1,3040.0,0.05,1340.0,Cash on Delivery
ORD-14668,2024-04-08,CUST-1001,Shweta Mishra,Office Supplies,Paper,Premium Hardbound Notebook,North,Noida,2,900.0,0.0,540.0,Net Banking
ORD-14669,2024-02-14,CUST-1010,Ananya Roy,Office Supplies,Paper,A4 Multipurpose Copy Paper (Pack of 5),South,Chennai,2,1440.0,0.4,40.0,Debit Card
ORD-14670,2024-12-23,CUST-1215,Sneha Reddy 215,Furniture,Tables,Wooden Conference Table,Central,Indore,1,12500.0,0.5,-8500.0,UPI
ORD-14671,2024-12-07,CUST-1122,Neha Gupta 122,Technology,Accessories,Wireless Mouse,South,Hyderabad,2,1280.0,0.2,480.0,UPI
ORD-14672,2024-04-25,CUST-1206,Sneha Reddy 206,Furniture,Tables,Wooden Conference Table,South,Hyderabad,4,60000.0,0.4,-24000.0,Credit Card
ORD-14673,2024-02-15,CUST-1080,Amit Kumar 80,Technology,Accessories,Wireless Mouse,East,Guwahati,3,2040.0,0.15,840.0,UPI
ORD-14674,2024-08-14,CUST-1011,Abhishek Saxena,Office Supplies,Storage,Heavy Duty Arch File Box,North,Delhi,2,1300.0,0.0,600.0,Credit Card
ORD-14675,2024-04-21,CUST-1103,Nisha Bhat 103,Apparel,Corporate Wear,Tailored Blazer,Central,Indore,1,4560.0,0.05,1960.0,Net Banking
ORD-14676,2024-04-22,CUST-1073,Aditya Bose 73,Office Supplies,Art,Highlighter & Marker Set,South,Chennai,1,332.5,0.05,182.5,UPI
ORD-14677,2025-09-16,CUST-1033,Neha Gupta 33,Office Supplies,Art,Highlighter & Marker Set,West,Pune,3,1050.0,0.0,600.0,Net Banking
ORD-14678,2025-03-11,CUST-1106,Shweta Mishra 106,Office Supplies,Paper,A4 Multipurpose Copy Paper (Pack of 5),East,Kolkata,1,1140.0,0.05,440.0,Net Banking
ORD-14679,2024-03-29,CUST-1232,Aarti Kapoor 232,Office Supplies,Storage,Heavy Duty Arch File Box,West,Ahmedabad,2,1040.0,0.2,340.0,Credit Card
ORD-14680,2024-09-13,CUST-1117,Karan Joshi 117,Furniture,Bookcases,5-Tier Wooden Bookshelf,West,Ahmedabad,1,4550.0,0.3,-650.0,Credit Card
ORD-14681,2024-02-25,CUST-1173,Alok Deshmukh 173,Furniture,Chairs,Mesh Executive Chair,East,Guwahati,3,36000.0,0.0,7500.0,Net Banking
ORD-14682,2024-10-12,CUST-1232,Aarti Kapoor 232,Office Supplies,Storage,Heavy Duty Arch File Box,Central,Indore,1,325.0,0.5,-25.0,UPI
ORD-14683,2024-11-22,CUST-1020,Amit Kumar,Technology,Accessories,USB-C Multi-Port Hub,South,Bangalore,2,3600.0,0.0,1800.0,Net Banking
ORD-14684,2025-04-09,CUST-1223,Shweta Mishra 223,Furniture,Chairs,Ergonomic Office Chair,South,Chennai,1,8075.0,0.05,2075.0,Cash on Delivery
ORD-14685,2024-08-23,CUST-1195,Abhishek Saxena 195,Furniture,Chairs,Mesh Executive Chair,North,Jaipur,1,10800.0,0.1,1300.0,Cash on Delivery
ORD-14686,2025-10-28,CUST-1223,Shweta Mishra 223,Office Supplies,Storage,Heavy Duty Arch File Box,West,Surat,3,1365.0,0.3,315.0,Cash on Delivery
ORD-14687,2024-10-23,CUST-1136,Amit Kumar 136,Furniture,Chairs,Mesh Executive Chair,North,Lucknow,1,9600.0,0.2,100.0,Debit Card
ORD-14688,2025-02-26,CUST-1192,Abhishek Saxena 192,Apparel,Corporate Wear,Cotton Formal Shirt,West,Ahmedabad,3,2250.0,0.5,0.0,UPI
ORD-14689,2024-05-26,CUST-1185,Aditya Bose 185,Technology,Accessories,Mechanical Keyboard,West,Mumbai,4,14000.0,0.0,6000.0,Debit Card
ORD-14690,2025-12-02,CUST-1200,Aarti Kapoor 200,Furniture,Bookcases,5-Tier Wooden Bookshelf,North,Delhi,2,12350.0,0.05,1950.0,Debit Card
ORD-14691,2025-02-04,CUST-1199,Karan Joshi 199,Office Supplies,Paper,A4 Multipurpose Copy Paper (Pack of 5),South,Chennai,8,9120.0,0.05,3520.0,Credit Card
ORD-14692,2024-01-07,CUST-1081,Priya Patel 81,Office Supplies,Binders,Heavy-Duty Ring Binder,West,Ahmedabad,1,280.0,0.0,160.0,UPI
ORD-14693,2025-08-14,CUST-1210,Tarun Choudhury 210,Apparel,Corporate Wear,Tailored Blazer,West,Mumbai,1,4320.0,0.1,1720.0,Credit Card
ORD-14694,2025-04-06,CUST-1238,Suresh Nair 238,Office Supplies,Art,Highlighter & Marker Set,North,Lucknow,1,245.0,0.3,95.0,UPI
ORD-14695,2024-10-03,CUST-1029,Shweta Mishra,Technology,Monitors,27-inch 4K Monitor,West,Pune,2,41800.0,0.05,7800.0,Credit Card
ORD-14696,2025-10-04,CUST-1191,Rahul Sharma 191,Office Supplies,Binders,Heavy-Duty Ring Binder,North,Chandigarh,2,336.0,0.4,96.0,Debit Card
ORD-14697,2025-01-24,CUST-1136,Amit Kumar 136,Technology,Phones,Smartphone Pro Max,East,Guwahati,2,76500.0,0.15,4500.0,UPI
ORD-14698,2024-12-29,CUST-1127,Aarti Kapoor 127,Furniture,Chairs,Mesh Executive Chair,Central,Bhopal,1,12000.0,0.0,2500.0,UPI
ORD-14699,2025-11-27,CUST-1151,Vikas Singh 151,Technology,Accessories,USB-C Multi-Port Hub,East,Bhubaneswar,1,1800.0,0.0,900.0,Net Banking
ORD-14700,2025-08-25,CUST-1055,Deepak Rao 55,Office Supplies,Paper,Premium Hardbound Notebook,West,Surat,1,225.0,0.5,45.0,Debit Card
ORD-14701,2024-11-23,CUST-1184,Kavita Das 184,Furniture,Tables,Wooden Conference Table,West,Pune,8,170000.0,0.15,2000.0,Cash on Delivery
ORD-14702,2024-07-26,CUST-1239,Rajesh Iyer 239,Office Supplies,Paper,A4 Multipurpose Copy Paper (Pack of 5),East,Kolkata,2,1920.0,0.2,520.0,Debit Card
ORD-14703,2024-01-07,CUST-1148,Bhavna Shah 148,Furniture,Tables,Adjustable Standing Desk,East,Bhubaneswar,4,50400.0,0.3,-5600.0,Cash on Delivery
ORD-14704,2025-10-21,CUST-1242,Bhavna Shah 242,Technology,Monitors,27-inch 4K Monitor,East,Kolkata,2,44000.0,0.0,10000.0,Net Banking
ORD-14705,2024-01-27,CUST-1195,Abhishek Saxena 195,Technology,Phones,Bluetooth Wireless Earbuds,East,Kolkata,1,2000.0,0.2,800.0,Cash on Delivery
ORD-14706,2024-01-21,CUST-1190,Alok Deshmukh 190,Technology,Phones,Smartphone Pro Max,North,Noida,4,171000.0,0.05,27000.0,Net Banking
ORD-14707,2024-01-04,CUST-1151,Vikas Singh 151,Technology,Accessories,USB-C Multi-Port Hub,Central,Indore,3,5400.0,0.0,2700.0,Cash on Delivery
ORD-14708,2024-03-09,CUST-1168,Meera Sen 168,Office Supplies,Art,Highlighter & Marker Set,North,Delhi,4,1400.0,0.0,800.0,Net Banking
ORD-14709,2025-12-07,CUST-1044,Manish Malhotra 44,Apparel,Corporate Wear,Cotton Formal Shirt,North,Jaipur,4,3600.0,0.4,600.0,Net Banking
ORD-14710,2025-04-21,CUST-1211,Ravi Pillai 211,Office Supplies,Binders,Heavy-Duty Ring Binder,East,Kolkata,1,140.0,0.5,20.0,Net Banking
ORD-14711,2024-05-17,CUST-1179,Abhishek Saxena 179,Office Supplies,Paper,Premium Hardbound Notebook,Central,Bhopal,4,1800.0,0.0,1080.0,UPI
ORD-14712,2025-07-30,CUST-1086,Amit Kumar 86,Office Supplies,Storage,Heavy Duty Arch File Box,Central,Indore,1,650.0,0.0,300.0,Net Banking
ORD-14713,2025-04-05,CUST-1052,Amit Kumar 52,Furniture,Bookcases,5-Tier Wooden Bookshelf,Central,Indore,1,3250.0,0.5,-1950.0,UPI
ORD-14714,2025-08-30,CUST-1210,Tarun Choudhury 210,Technology,Monitors,27-inch 4K Monitor,South,Bangalore,1,22000.0,0.0,5000.0,Credit Card
ORD-14715,2025-01-12,CUST-1103,Nisha Bhat 103,Furniture,Chairs,Mesh Executive Chair,Central,Nagpur,2,21600.0,0.1,2600.0,Cash on Delivery
ORD-14716,2025-11-17,CUST-1091,Kavita Das 91,Technology,Accessories,Mechanical Keyboard,North,Chandigarh,1,2800.0,0.2,800.0,Net Banking
ORD-14717,2024-09-29,CUST-1226,Rohan Mehta 226,Apparel,Corporate Wear,Cotton Formal Shirt,East,Guwahati,1,900.0,0.4,150.0,UPI
ORD-14718,2025-07-18,CUST-1034,Divya Agarwal 34,Technology,Phones,Smartphone Pro Max,East,Guwahati,1,31500.0,0.3,-4500.0,Debit Card
ORD-14719,2025-05-26,CUST-1116,Kavita Das 116,Furniture,Chairs,Mesh Executive Chair,West,Ahmedabad,2,21600.0,0.1,2600.0,Credit Card
ORD-14720,2025-07-03,CUST-1061,Priya Patel 61,Office Supplies,Paper,A4 Multipurpose Copy Paper (Pack of 5),East,Guwahati,3,3600.0,0.0,1500.0,Debit Card
ORD-14721,2024-05-28,CUST-1198,Aarti Kapoor 198,Technology,Accessories,Mechanical Keyboard,North,Noida,1,2800.0,0.2,800.0,Debit Card
ORD-14722,2025-03-12,CUST-1164,Kavita Das 164,Apparel,Footwear,Leather Oxford Shoes,North,Lucknow,1,2240.0,0.3,540.0,UPI
ORD-14723,2025-08-14,CUST-1023,Meera Sen,Apparel,Footwear,Leather Oxford Shoes,East,Bhubaneswar,1,3040.0,0.05,1340.0,UPI
ORD-14724,2024-08-05,CUST-1161,Manish Malhotra 161,Technology,Accessories,USB-C Multi-Port Hub,South,Kochi,2,3600.0,0.0,1800.0,Debit Card
ORD-14725,2025-10-18,CUST-1034,Divya Agarwal 34,Apparel,Corporate Wear,Cotton Formal Shirt,East,Patna,1,1275.0,0.15,525.0,Debit Card
ORD-14726,2024-07-01,CUST-1109,Shweta Mishra 109,Technology,Monitors,27-inch 4K Monitor,North,Lucknow,2,39600.0,0.1,5600.0,Cash on Delivery
ORD-14727,2025-05-17,CUST-1065,Ananya Roy 65,Office Supplies,Binders,Heavy-Duty Ring Binder,Central,Bhopal,1,168.0,0.4,48.0,Credit Card
ORD-14728,2025-02-16,CUST-1152,Karan Joshi 152,Apparel,Footwear,Leather Oxford Shoes,South,Hyderabad,3,9600.0,0.0,4500.0,Net Banking
ORD-14729,2024-08-24,CUST-1147,Tarun Choudhury 147,Technology,Monitors,27-inch 4K Monitor,South,Chennai,2,44000.0,0.0,10000.0,Net Banking
ORD-14730,2025-10-22,CUST-1111,Siddharth Jain 111,Furniture,Bookcases,5-Tier Wooden Bookshelf,North,Lucknow,2,11700.0,0.1,1300.0,Net Banking
ORD-14731,2025-01-17,CUST-1215,Sneha Reddy 215,Technology,Accessories,Mechanical Keyboard,West,Ahmedabad,5,12250.0,0.3,2250.0,Net Banking
ORD-14732,2025-07-30,CUST-1021,Rohan Mehta,Office Supplies,Art,Highlighter & Marker Set,West,Pune,1,350.0,0.0,200.0,Debit Card
ORD-14733,2024-08-04,CUST-1078,Rohan Mehta 78,Furniture,Bookcases,5-Tier Wooden Bookshelf,South,Hyderabad,1,6500.0,0.0,1300.0,UPI
ORD-14734,2025-11-02,CUST-1220,Shweta Mishra 220,Apparel,Footwear,Leather Oxford Shoes,South,Kochi,1,1600.0,0.5,-100.0,Debit Card
ORD-14735,2025-06-11,CUST-1009,Ravi Pillai,Furniture,Chairs,Ergonomic Office Chair,East,Patna,2,14450.0,0.15,2450.0,Net Banking
ORD-14736,2024-07-09,CUST-1226,Rohan Mehta 226,Furniture,Tables,Adjustable Standing Desk,South,Chennai,2,28800.0,0.2,800.0,Cash on Delivery
ORD-14737,2025-01-21,CUST-1228,Deepak Rao 228,Office Supplies,Art,Highlighter & Marker Set,North,Noida,2,595.0,0.15,295.0,UPI
ORD-14738,2025-02-13,CUST-1147,Tarun Choudhury 147,Furniture,Tables,Adjustable Standing Desk,South,Hyderabad,1,18000.0,0.0,4000.0,UPI
ORD-14739,2024-03-10,CUST-1005,Karan Joshi,Furniture,Tables,Wooden Conference Table,South,Kochi,3,37500.0,0.5,-25500.0,Net Banking
ORD-14740,2024-09-23,CUST-1160,Swati Kulkarni 160,Furniture,Chairs,Ergonomic Office Chair,West,Ahmedabad,3,25500.0,0.0,7500.0,UPI
ORD-14741,2024-01-02,CUST-1028,Nisha Bhat,Apparel,Corporate Wear,Cotton Formal Shirt,North,Noida,2,1500.0,0.5,0.0,Net Banking
ORD-14742,2025-09-17,CUST-1229,Aarti Kapoor 229,Technology,Phones,Smartphone Pro Max,South,Chennai,3,67500.0,0.5,-40500.0,Credit Card
ORD-14743,2025-01-13,CUST-1115,Divya Agarwal 115,Furniture,Bookcases,5-Tier Wooden Bookshelf,South,Hyderabad,3,19500.0,0.0,3900.0,UPI
ORD-14744,2024-04-01,CUST-1084,Aarti Kapoor 84,Office Supplies,Binders,Heavy-Duty Ring Binder,North,Lucknow,1,238.0,0.15,118.0,Net Banking
ORD-14745,2024-02-24,CUST-1165,Deepak Rao 165,Technology,Accessories,USB-C Multi-Port Hub,East,Patna,3,5400.0,0.0,2700.0,Net Banking
ORD-14746,2024-07-10,CUST-1078,Rohan Mehta 78,Furniture,Bookcases,5-Tier Wooden Bookshelf,West,Ahmedabad,1,6500.0,0.0,1300.0,UPI
ORD-14747,2024-07-01,CUST-1247,Pooja Verma 247,Technology,Phones,Smartphone Pro Max,South,Hyderabad,3,108000.0,0.2,0.0,Cash on Delivery
ORD-14748,2025-12-27,CUST-1037,Gaurav Tiwari 37,Furniture,Chairs,Mesh Executive Chair,Central,Indore,1,12000.0,0.0,2500.0,Net Banking
ORD-14749,2024-09-09,CUST-1171,Aarti Kapoor 171,Furniture,Tables,Wooden Conference Table,South,Hyderabad,1,25000.0,0.0,4000.0,Cash on Delivery
ORD-14750,2024-12-14,CUST-1067,Kavita Das 67,Office Supplies,Binders,Heavy-Duty Ring Binder,North,Delhi,1,266.0,0.05,146.0,Cash on Delivery
ORD-14751,2025-06-22,CUST-1219,Alok Deshmukh 219,Technology,Accessories,USB-C Multi-Port Hub,North,Chandigarh,2,3060.0,0.15,1260.0,UPI
ORD-14752,2025-02-04,CUST-1049,Aarti Kapoor 49,Furniture,Bookcases,5-Tier Wooden Bookshelf,South,Bangalore,1,6500.0,0.0,1300.0,Credit Card
ORD-14753,2024-01-01,CUST-1234,Meera Sen 234,Technology,Monitors,27-inch 4K Monitor,South,Hyderabad,2,30800.0,0.3,-3200.0,Debit Card
ORD-14754,2025-02-12,CUST-1018,Priya Patel,Office Supplies,Paper,Premium Hardbound Notebook,Central,Bhopal,4,1530.0,0.15,810.0,Net Banking
ORD-14755,2024-09-16,CUST-1171,Aarti Kapoor 171,Technology,Accessories,USB-C Multi-Port Hub,Central,Nagpur,5,7650.0,0.15,3150.0,Debit Card
ORD-14756,2024-05-04,CUST-1050,Suresh Nair 50,Furniture,Chairs,Ergonomic Office Chair,South,Kochi,1,8500.0,0.0,2500.0,Credit Card
ORD-14757,2025-06-14,CUST-1088,Neha Gupta 88,Technology,Accessories,USB-C Multi-Port Hub,West,Surat,2,3060.0,0.15,1260.0,Cash on Delivery
ORD-14758,2024-04-29,CUST-1113,Neha Gupta 113,Technology,Phones,Smartphone Pro Max,West,Surat,2,45000.0,0.5,-27000.0,UPI
ORD-14759,2025-12-26,CUST-1078,Rohan Mehta 78,Apparel,Footwear,Leather Oxford Shoes,South,Chennai,1,1600.0,0.5,-100.0,UPI
ORD-14760,2025-10-20,CUST-1167,Vikas Singh 167,Furniture,Tables,Wooden Conference Table,South,Hyderabad,2,45000.0,0.1,3000.0,UPI
ORD-14761,2024-10-07,CUST-1209,Ravi Pillai 209,Apparel,Corporate Wear,Cotton Formal Shirt,West,Surat,4,3000.0,0.5,0.0,Credit Card
ORD-14762,2025-08-17,CUST-1031,Siddharth Jain 31,Furniture,Tables,Wooden Conference Table,South,Kochi,1,25000.0,0.0,4000.0,UPI
ORD-14763,2024-06-15,CUST-1211,Ravi Pillai 211,Technology,Accessories,Wireless Mouse,North,Chandigarh,1,800.0,0.0,400.0,Credit Card
ORD-14764,2024-02-22,CUST-1159,Ravi Pillai 159,Apparel,Corporate Wear,Cotton Formal Shirt,West,Ahmedabad,1,900.0,0.4,150.0,Cash on Delivery
ORD-14765,2025-06-17,CUST-1101,Abhishek Saxena 101,Office Supplies,Paper,Premium Hardbound Notebook,West,Ahmedabad,2,540.0,0.4,180.0,Credit Card
ORD-14766,2025-04-19,CUST-1048,Rohan Mehta 48,Technology,Phones,Smartphone Pro Max,South,Kochi,2,76500.0,0.15,4500.0,Cash on Delivery
ORD-14767,2024-04-14,CUST-1234,Meera Sen 234,Office Supplies,Storage,Heavy Duty Arch File Box,West,Ahmedabad,2,650.0,0.5,-50.0,UPI
ORD-14768,2024-10-24,CUST-1030,Nisha Bhat,Apparel,Corporate Wear,Tailored Blazer,North,Delhi,1,4800.0,0.0,2200.0,Cash on Delivery
ORD-14769,2024-11-18,CUST-1056,Alok Deshmukh 56,Technology,Phones,Smartphone Pro Max,West,Surat,3,81000.0,0.4,-27000.0,Credit Card
ORD-14770,2024-08-29,CUST-1075,Alok Deshmukh 75,Technology,Monitors,27-inch 4K Monitor,Central,Indore,5,110000.0,0.0,25000.0,Credit Card
ORD-14771,2024-05-31,CUST-1226,Rohan Mehta 226,Furniture,Tables,Adjustable Standing Desk,East,Bhubaneswar,5,63000.0,0.3,-7000.0,UPI
ORD-14772,2025-10-01,CUST-1036,Karan Joshi 36,Furniture,Bookcases,5-Tier Wooden Bookshelf,South,Hyderabad,1,3900.0,0.4,-1300.0,Net Banking
ORD-14773,2025-03-27,CUST-1205,Manish Malhotra 205,Technology,Accessories,Mechanical Keyboard,East,Guwahati,1,3150.0,0.1,1150.0,Credit Card
ORD-14774,2025-09-25,CUST-1236,Rahul Sharma 236,Furniture,Chairs,Ergonomic Office Chair,Central,Nagpur,2,13600.0,0.2,1600.0,Net Banking
ORD-14775,2025-04-26,CUST-1078,Rohan Mehta 78,Technology,Accessories,Mechanical Keyboard,Central,Nagpur,4,9800.0,0.3,1800.0,Net Banking
ORD-14776,2024-05-17,CUST-1020,Amit Kumar,Technology,Accessories,Mechanical Keyboard,East,Patna,1,3150.0,0.1,1150.0,UPI
ORD-14777,2024-01-21,CUST-1062,Ravi Pillai 62,Furniture,Chairs,Ergonomic Office Chair,North,Jaipur,4,34000.0,0.0,10000.0,Cash on Delivery
ORD-14778,2025-05-19,CUST-1248,Neha Gupta 248,Technology,Phones,Bluetooth Wireless Earbuds,West,Surat,3,7500.0,0.0,3900.0,Debit Card
ORD-14779,2024-11-10,CUST-1227,Vikas Singh 227,Technology,Accessories,USB-C Multi-Port Hub,East,Bhubaneswar,2,2520.0,0.3,720.0,Net Banking
ORD-14780,2025-12-27,CUST-1149,Shweta Mishra 149,Apparel,Corporate Wear,Tailored Blazer,West,Pune,1,4800.0,0.0,2200.0,Cash on Delivery
ORD-14781,2024-06-22,CUST-1204,Pooja Verma 204,Apparel,Corporate Wear,Cotton Formal Shirt,Central,Bhopal,4,5700.0,0.05,2700.0,Credit Card
ORD-14782,2025-04-15,CUST-1141,Nisha Bhat 141,Office Supplies,Storage,Heavy Duty Arch File Box,Central,Bhopal,2,1300.0,0.0,600.0,Debit Card
ORD-14783,2024-07-03,CUST-1167,Vikas Singh 167,Furniture,Chairs,Mesh Executive Chair,West,Surat,3,34200.0,0.05,5700.0,UPI
ORD-14784,2025-06-17,CUST-1158,Karan Joshi 158,Office Supplies,Paper,A4 Multipurpose Copy Paper (Pack of 5),Central,Bhopal,1,1200.0,0.0,500.0,Net Banking
ORD-14785,2025-11-29,CUST-1048,Rohan Mehta 48,Technology,Accessories,USB-C Multi-Port Hub,South,Hyderabad,1,1260.0,0.3,360.0,UPI
ORD-14786,2024-11-28,CUST-1168,Meera Sen 168,Technology,Accessories,Wireless Mouse,East,Guwahati,1,480.0,0.4,80.0,Cash on Delivery
ORD-14787,2024-10-31,CUST-1169,Rajesh Iyer 169,Apparel,Footwear,Leather Oxford Shoes,Central,Nagpur,3,7680.0,0.2,2580.0,Credit Card
ORD-14788,2024-12-20,CUST-1130,Preeti Pandey 130,Office Supplies,Storage,Heavy Duty Arch File Box,East,Bhubaneswar,3,1852.5,0.05,802.5,Cash on Delivery
ORD-14789,2024-01-12,CUST-1208,Rahul Sharma 208,Furniture,Bookcases,5-Tier Wooden Bookshelf,Central,Indore,1,5850.0,0.1,650.0,Cash on Delivery
ORD-14790,2024-10-13,CUST-1072,Shweta Mishra 72,Technology,Monitors,27-inch 4K Monitor,South,Hyderabad,2,37400.0,0.15,3400.0,UPI
ORD-14791,2024-07-19,CUST-1210,Tarun Choudhury 210,Furniture,Chairs,Ergonomic Office Chair,North,Jaipur,2,14450.0,0.15,2450.0,Debit Card
ORD-14792,2024-04-08,CUST-1149,Shweta Mishra 149,Office Supplies,Storage,Heavy Duty Arch File Box,South,Hyderabad,1,650.0,0.0,300.0,UPI
ORD-14793,2025-09-02,CUST-1106,Shweta Mishra 106,Office Supplies,Binders,Heavy-Duty Ring Binder,West,Ahmedabad,1,266.0,0.05,146.0,Net Banking
ORD-14794,2024-08-22,CUST-1103,Nisha Bhat 103,Office Supplies,Paper,A4 Multipurpose Copy Paper (Pack of 5),Central,Bhopal,5,5100.0,0.15,1600.0,UPI
ORD-14795,2024-09-14,CUST-1017,Manish Malhotra,Office Supplies,Binders,Heavy-Duty Ring Binder,South,Kochi,4,1120.0,0.0,640.0,Credit Card
ORD-14796,2024-08-30,CUST-1067,Kavita Das 67,Technology,Phones,Bluetooth Wireless Earbuds,East,Guwahati,3,5250.0,0.3,1650.0,UPI
ORD-14797,2025-12-06,CUST-1056,Alok Deshmukh 56,Apparel,Corporate Wear,Tailored Blazer,North,Lucknow,2,6720.0,0.3,1520.0,UPI
ORD-14798,2025-06-22,CUST-1209,Ravi Pillai 209,Apparel,Footwear,Leather Oxford Shoes,South,Hyderabad,5,14400.0,0.1,5900.0,Net Banking
ORD-14799,2025-11-29,CUST-1082,Abhishek Saxena 82,Technology,Phones,Bluetooth Wireless Earbuds,North,Delhi,4,7000.0,0.3,2200.0,Debit Card
ORD-14800,2025-08-18,CUST-1109,Shweta Mishra 109,Furniture,Chairs,Mesh Executive Chair,East,Bhubaneswar,1,10800.0,0.1,1300.0,Cash on Delivery
ORD-14801,2024-07-29,CUST-1062,Ravi Pillai 62,Technology,Phones,Smartphone Pro Max,North,Noida,2,90000.0,0.0,18000.0,Credit Card
ORD-14802,2024-02-25,CUST-1210,Tarun Choudhury 210,Office Supplies,Storage,Heavy Duty Arch File Box,West,Ahmedabad,2,1300.0,0.0,600.0,UPI
ORD-14803,2024-08-28,CUST-1209,Ravi Pillai 209,Apparel,Corporate Wear,Tailored Blazer,North,Noida,3,13680.0,0.05,5880.0,Net Banking
ORD-14804,2024-10-31,CUST-1096,Deepak Rao 96,Technology,Accessories,USB-C Multi-Port Hub,North,Delhi,1,1080.0,0.4,180.0,Credit Card
ORD-14805,2024-11-01,CUST-1140,Tarun Choudhury 140,Technology,Accessories,USB-C Multi-Port Hub,East,Kolkata,1,1620.0,0.1,720.0,Net Banking
ORD-14806,2024-03-05,CUST-1109,Shweta Mishra 109,Apparel,Corporate Wear,Tailored Blazer,East,Guwahati,2,9120.0,0.05,3920.0,Credit Card
ORD-14807,2024-03-06,CUST-1073,Aditya Bose 73,Apparel,Footwear,Leather Oxford Shoes,Central,Nagpur,2,6400.0,0.0,3000.0,Credit Card
ORD-14808,2025-10-09,CUST-1049,Aarti Kapoor 49,Furniture,Tables,Wooden Conference Table,East,Patna,1,23750.0,0.05,2750.0,Debit Card
ORD-14809,2024-10-14,CUST-1093,Divya Agarwal 93,Technology,Accessories,USB-C Multi-Port Hub,North,Delhi,1,1440.0,0.2,540.0,UPI
ORD-14810,2024-03-08,CUST-1004,Ravi Pillai,Furniture,Tables,Wooden Conference Table,North,Lucknow,1,21250.0,0.15,250.0,Debit Card
ORD-14811,2024-12-07,CUST-1117,Karan Joshi 117,Apparel,Footwear,Leather Oxford Shoes,West,Pune,1,2240.0,0.3,540.0,Credit Card
ORD-14812,2025-12-02,CUST-1174,Ananya Roy 174,Furniture,Chairs,Mesh Executive Chair,Central,Indore,1,8400.0,0.3,-1100.0,Credit Card
ORD-14813,2025-11-26,CUST-1200,Aarti Kapoor 200,Technology,Accessories,USB-C Multi-Port Hub,Central,Nagpur,4,4320.0,0.4,720.0,Cash on Delivery
ORD-14814,2025-07-21,CUST-1128,Priya Patel 128,Apparel,Corporate Wear,Tailored Blazer,East,Guwahati,1,3360.0,0.3,760.0,Debit Card
ORD-14815,2024-03-06,CUST-1056,Alok Deshmukh 56,Apparel,Corporate Wear,Cotton Formal Shirt,East,Guwahati,2,3000.0,0.0,1500.0,Credit Card
ORD-14816,2025-09-13,CUST-1138,Bhavna Shah 138,Technology,Accessories,USB-C Multi-Port Hub,Central,Nagpur,1,1260.0,0.3,360.0,Credit Card
ORD-14817,2024-02-12,CUST-1072,Shweta Mishra 72,Apparel,Corporate Wear,Cotton Formal Shirt,East,Bhubaneswar,1,1275.0,0.15,525.0,UPI
ORD-14818,2025-08-24,CUST-1065,Ananya Roy 65,Furniture,Bookcases,5-Tier Wooden Bookshelf,West,Surat,4,26000.0,0.0,5200.0,Net Banking
ORD-14819,2024-08-16,CUST-1072,Shweta Mishra 72,Technology,Phones,Smartphone Pro Max,Central,Nagpur,4,180000.0,0.0,36000.0,Net Banking
ORD-14820,2025-08-15,CUST-1169,Rajesh Iyer 169,Office Supplies,Paper,Premium Hardbound Notebook,West,Mumbai,1,450.0,0.0,270.0,Debit Card
ORD-14821,2025-05-11,CUST-1207,Divya Agarwal 207,Furniture,Bookcases,5-Tier Wooden Bookshelf,Central,Indore,2,6500.0,0.5,-3900.0,UPI
ORD-14822,2025-07-06,CUST-1164,Kavita Das 164,Furniture,Bookcases,5-Tier Wooden Bookshelf,South,Kochi,3,19500.0,0.0,3900.0,Debit Card
ORD-14823,2024-10-12,CUST-1154,Neha Gupta 154,Furniture,Chairs,Ergonomic Office Chair,South,Chennai,1,4250.0,0.5,-1750.0,Debit Card
ORD-14824,2024-09-14,CUST-1008,Vikas Singh,Office Supplies,Storage,Heavy Duty Arch File Box,South,Hyderabad,3,1365.0,0.3,315.0,UPI
ORD-14825,2024-05-23,CUST-1014,Siddharth Jain,Office Supplies,Art,Highlighter & Marker Set,North,Jaipur,1,210.0,0.4,60.0,Debit Card
ORD-14826,2024-07-09,CUST-1015,Amit Kumar,Office Supplies,Paper,A4 Multipurpose Copy Paper (Pack of 5),West,Ahmedabad,3,3420.0,0.05,1320.0,Debit Card
ORD-14827,2024-09-30,CUST-1073,Aditya Bose 73,Technology,Accessories,Mechanical Keyboard,East,Guwahati,2,4200.0,0.4,200.0,Cash on Delivery
ORD-14828,2025-07-04,CUST-1249,Priya Patel 249,Apparel,Footwear,Leather Oxford Shoes,South,Chennai,8,25600.0,0.0,12000.0,UPI
ORD-14829,2024-02-09,CUST-1117,Karan Joshi 117,Technology,Phones,Bluetooth Wireless Earbuds,North,Jaipur,1,1250.0,0.5,50.0,Debit Card
ORD-14830,2025-05-21,CUST-1195,Abhishek Saxena 195,Technology,Accessories,USB-C Multi-Port Hub,North,Lucknow,1,1800.0,0.0,900.0,Net Banking
ORD-14831,2025-01-10,CUST-1172,Priya Patel 172,Office Supplies,Binders,Heavy-Duty Ring Binder,Central,Nagpur,1,252.0,0.1,132.0,UPI
ORD-14832,2024-01-24,CUST-1244,Tarun Choudhury 244,Furniture,Tables,Wooden Conference Table,Central,Indore,1,25000.0,0.0,4000.0,Cash on Delivery
ORD-14833,2025-03-04,CUST-1066,Bhavna Shah 66,Furniture,Tables,Adjustable Standing Desk,South,Kochi,1,16200.0,0.1,2200.0,Debit Card
ORD-14834,2025-05-24,CUST-1016,Swati Kulkarni,Furniture,Tables,Adjustable Standing Desk,Central,Nagpur,1,18000.0,0.0,4000.0,UPI
ORD-14835,2024-01-17,CUST-1031,Siddharth Jain 31,Apparel,Corporate Wear,Cotton Formal Shirt,East,Guwahati,3,4275.0,0.05,2025.0,Credit Card
ORD-14836,2024-06-09,CUST-1084,Aarti Kapoor 84,Office Supplies,Art,Highlighter & Marker Set,North,Jaipur,2,665.0,0.05,365.0,UPI
ORD-14837,2025-04-19,CUST-1063,Divya Agarwal 63,Technology,Phones,Bluetooth Wireless Earbuds,West,Surat,2,3000.0,0.4,600.0,Cash on Delivery
ORD-14838,2025-09-20,CUST-1224,Meera Sen 224,Office Supplies,Binders,Heavy-Duty Ring Binder,West,Mumbai,3,840.0,0.0,480.0,Debit Card
ORD-14839,2024-08-21,CUST-1132,Gaurav Tiwari 132,Technology,Phones,Smartphone Pro Max,East,Guwahati,2,54000.0,0.4,-18000.0,Cash on Delivery
ORD-14840,2025-08-10,CUST-1037,Gaurav Tiwari 37,Furniture,Tables,Adjustable Standing Desk,East,Bhubaneswar,1,18000.0,0.0,4000.0,Debit Card
ORD-14841,2025-06-24,CUST-1032,Manish Malhotra 32,Technology,Phones,Smartphone Pro Max,South,Bangalore,1,36000.0,0.2,0.0,Debit Card
ORD-14842,2024-09-07,CUST-1035,Swati Kulkarni 35,Furniture,Chairs,Mesh Executive Chair,North,Jaipur,4,38400.0,0.2,400.0,Debit Card
ORD-14843,2024-04-09,CUST-1131,Priya Patel 131,Technology,Phones,Smartphone Pro Max,South,Kochi,1,45000.0,0.0,9000.0,Net Banking
ORD-14844,2024-02-28,CUST-1006,Neha Gupta,Furniture,Chairs,Mesh Executive Chair,West,Pune,4,33600.0,0.3,-4400.0,Debit Card
ORD-14845,2024-07-21,CUST-1187,Meera Sen 187,Technology,Phones,Bluetooth Wireless Earbuds,West,Surat,3,5250.0,0.3,1650.0,Debit Card
ORD-14846,2024-01-30,CUST-1249,Priya Patel 249,Furniture,Bookcases,5-Tier Wooden Bookshelf,South,Kochi,1,6500.0,0.0,1300.0,Credit Card
ORD-14847,2024-07-29,CUST-1032,Manish Malhotra 32,Technology,Accessories,USB-C Multi-Port Hub,West,Ahmedabad,1,1800.0,0.0,900.0,UPI
ORD-14848,2025-08-29,CUST-1215,Sneha Reddy 215,Technology,Accessories,Wireless Mouse,South,Bangalore,1,560.0,0.3,160.0,UPI
ORD-14849,2024-09-10,CUST-1189,Siddharth Jain 189,Office Supplies,Paper,Premium Hardbound Notebook,Central,Bhopal,1,450.0,0.0,270.0,Debit Card
ORD-14850,2024-05-11,CUST-1046,Karan Joshi 46,Technology,Accessories,USB-C Multi-Port Hub,West,Ahmedabad,1,1440.0,0.2,540.0,Net Banking
ORD-14851,2025-10-31,CUST-1063,Divya Agarwal 63,Office Supplies,Paper,A4 Multipurpose Copy Paper (Pack of 5),South,Hyderabad,2,2040.0,0.15,640.0,Net Banking
ORD-14852,2024-05-02,CUST-1032,Manish Malhotra 32,Office Supplies,Storage,Heavy Duty Arch File Box,North,Jaipur,2,650.0,0.5,-50.0,Cash on Delivery
ORD-14853,2025-09-17,CUST-1080,Amit Kumar 80,Furniture,Tables,Adjustable Standing Desk,South,Kochi,3,54000.0,0.0,12000.0,Cash on Delivery
ORD-14854,2024-10-08,CUST-1085,Pooja Verma 85,Furniture,Bookcases,5-Tier Wooden Bookshelf,South,Kochi,3,16575.0,0.15,975.0,Cash on Delivery
ORD-14855,2024-06-06,CUST-1103,Nisha Bhat 103,Apparel,Corporate Wear,Cotton Formal Shirt,South,Hyderabad,1,1500.0,0.0,750.0,Debit Card
ORD-14856,2025-09-18,CUST-1149,Shweta Mishra 149,Furniture,Tables,Wooden Conference Table,North,Lucknow,3,75000.0,0.0,12000.0,Credit Card
ORD-14857,2024-12-21,CUST-1152,Karan Joshi 152,Furniture,Chairs,Mesh Executive Chair,West,Mumbai,2,20400.0,0.15,1400.0,Credit Card
ORD-14858,2025-06-04,CUST-1133,Suresh Nair 133,Technology,Accessories,Wireless Mouse,West,Mumbai,4,2240.0,0.3,640.0,Debit Card
ORD-14859,2024-02-16,CUST-1224,Meera Sen 224,Office Supplies,Binders,Heavy-Duty Ring Binder,Central,Bhopal,2,392.0,0.3,152.0,Credit Card
ORD-14860,2025-01-04,CUST-1067,Kavita Das 67,Furniture,Tables,Wooden Conference Table,South,Hyderabad,1,17500.0,0.3,-3500.0,Net Banking
ORD-14861,2025-05-15,CUST-1124,Suresh Nair 124,Furniture,Tables,Adjustable Standing Desk,West,Ahmedabad,2,32400.0,0.1,4400.0,Cash on Delivery
ORD-14862,2024-09-08,CUST-1009,Ravi Pillai,Furniture,Tables,Wooden Conference Table,East,Patna,3,75000.0,0.0,12000.0,Net Banking
ORD-14863,2024-01-09,CUST-1099,Deepak Rao 99,Apparel,Footwear,Leather Oxford Shoes,Central,Nagpur,4,10240.0,0.2,3440.0,Debit Card
ORD-14864,2025-07-13,CUST-1112,Ravi Pillai 112,Technology,Phones,Bluetooth Wireless Earbuds,East,Patna,3,7125.0,0.05,3525.0,Net Banking
ORD-14865,2025-04-18,CUST-1152,Karan Joshi 152,Furniture,Chairs,Mesh Executive Chair,Central,Indore,4,43200.0,0.1,5200.0,Net Banking
ORD-14866,2024-01-22,CUST-1150,Divya Agarwal 150,Technology,Phones,Smartphone Pro Max,South,Bangalore,1,40500.0,0.1,4500.0,UPI
ORD-14867,2025-04-24,CUST-1041,Gaurav Tiwari 41,Office Supplies,Paper,A4 Multipurpose Copy Paper (Pack of 5),West,Ahmedabad,3,1800.0,0.5,-300.0,Net Banking
ORD-14868,2024-02-14,CUST-1024,Aditya Bose,Office Supplies,Storage,Heavy Duty Arch File Box,North,Noida,3,975.0,0.5,-75.0,Credit Card
ORD-14869,2024-05-24,CUST-1216,Meera Sen 216,Furniture,Tables,Adjustable Standing Desk,East,Kolkata,1,18000.0,0.0,4000.0,Net Banking
ORD-14870,2024-05-19,CUST-1093,Divya Agarwal 93,Technology,Phones,Smartphone Pro Max,East,Patna,1,36000.0,0.2,0.0,UPI
ORD-14871,2024-08-10,CUST-1034,Divya Agarwal 34,Office Supplies,Paper,A4 Multipurpose Copy Paper (Pack of 5),North,Lucknow,3,1800.0,0.5,-300.0,Debit Card
ORD-14872,2024-09-09,CUST-1173,Alok Deshmukh 173,Apparel,Corporate Wear,Cotton Formal Shirt,Central,Indore,5,7500.0,0.0,3750.0,Net Banking
ORD-14873,2025-07-24,CUST-1147,Tarun Choudhury 147,Office Supplies,Paper,A4 Multipurpose Copy Paper (Pack of 5),South,Chennai,1,840.0,0.3,140.0,Cash on Delivery
ORD-14874,2024-09-27,CUST-1146,Kavita Das 146,Office Supplies,Storage,Heavy Duty Arch File Box,West,Ahmedabad,4,2340.0,0.1,940.0,Cash on Delivery
ORD-14875,2025-12-16,CUST-1091,Kavita Das 91,Office Supplies,Paper,A4 Multipurpose Copy Paper (Pack of 5),East,Kolkata,1,1140.0,0.05,440.0,UPI
ORD-14876,2025-05-19,CUST-1182,Amit Kumar 182,Furniture,Tables,Wooden Conference Table,South,Kochi,3,45000.0,0.4,-18000.0,Credit Card
ORD-14877,2024-05-15,CUST-1218,Ananya Roy 218,Technology,Phones,Bluetooth Wireless Earbuds,West,Mumbai,1,1250.0,0.5,50.0,Credit Card
ORD-14878,2025-02-07,CUST-1221,Pooja Verma 221,Technology,Phones,Bluetooth Wireless Earbuds,East,Guwahati,1,2000.0,0.2,800.0,Debit Card
ORD-14879,2025-12-09,CUST-1011,Abhishek Saxena,Furniture,Tables,Adjustable Standing Desk,East,Patna,2,36000.0,0.0,8000.0,UPI
ORD-14880,2024-06-16,CUST-1142,Suresh Nair 142,Office Supplies,Paper,Premium Hardbound Notebook,South,Bangalore,5,2250.0,0.0,1350.0,Debit Card
ORD-14881,2024-01-07,CUST-1241,Ananya Roy 241,Technology,Phones,Bluetooth Wireless Earbuds,South,Chennai,1,2250.0,0.1,1050.0,Debit Card
ORD-14882,2025-08-24,CUST-1092,Karan Joshi 92,Technology,Monitors,27-inch 4K Monitor,Central,Nagpur,5,77000.0,0.3,-8000.0,Net Banking
ORD-14883,2025-05-17,CUST-1124,Suresh Nair 124,Furniture,Tables,Adjustable Standing Desk,South,Chennai,2,30600.0,0.15,2600.0,Debit Card
ORD-14884,2024-08-10,CUST-1234,Meera Sen 234,Furniture,Chairs,Mesh Executive Chair,East,Bhubaneswar,3,36000.0,0.0,7500.0,Net Banking
ORD-14885,2025-06-16,CUST-1247,Pooja Verma 247,Furniture,Chairs,Ergonomic Office Chair,Central,Indore,3,12750.0,0.5,-5250.0,Credit Card
ORD-14886,2024-03-22,CUST-1212,Karan Joshi 212,Office Supplies,Paper,A4 Multipurpose Copy Paper (Pack of 5),North,Delhi,1,960.0,0.2,260.0,UPI
ORD-14887,2025-05-16,CUST-1113,Neha Gupta 113,Technology,Monitors,27-inch 4K Monitor,North,Jaipur,1,19800.0,0.1,2800.0,Cash on Delivery
ORD-14888,2025-01-29,CUST-1245,Preeti Pandey 245,Apparel,Footwear,Leather Oxford Shoes,East,Patna,1,2240.0,0.3,540.0,UPI
ORD-14889,2025-01-04,CUST-1232,Aarti Kapoor 232,Office Supplies,Paper,A4 Multipurpose Copy Paper (Pack of 5),East,Bhubaneswar,1,1200.0,0.0,500.0,Debit Card
ORD-14890,2024-07-04,CUST-1002,Ananya Roy,Apparel,Corporate Wear,Tailored Blazer,Central,Nagpur,1,2880.0,0.4,280.0,Net Banking
ORD-14891,2024-08-15,CUST-1008,Vikas Singh,Apparel,Footwear,Leather Oxford Shoes,West,Mumbai,2,6080.0,0.05,2680.0,Credit Card
ORD-14892,2025-04-23,CUST-1116,Kavita Das 116,Furniture,Chairs,Mesh Executive Chair,North,Lucknow,2,22800.0,0.05,3800.0,Debit Card
ORD-14893,2024-03-28,CUST-1190,Alok Deshmukh 190,Furniture,Tables,Wooden Conference Table,Central,Indore,1,25000.0,0.0,4000.0,Net Banking
ORD-14894,2025-11-16,CUST-1096,Deepak Rao 96,Technology,Accessories,Wireless Mouse,Central,Bhopal,1,800.0,0.0,400.0,UPI
ORD-14895,2025-09-14,CUST-1016,Swati Kulkarni,Office Supplies,Binders,Heavy-Duty Ring Binder,South,Chennai,1,196.0,0.3,76.0,UPI
ORD-14896,2024-06-09,CUST-1242,Bhavna Shah 242,Technology,Phones,Smartphone Pro Max,Central,Nagpur,3,121500.0,0.1,13500.0,Debit Card
ORD-14897,2024-07-03,CUST-1063,Divya Agarwal 63,Furniture,Bookcases,5-Tier Wooden Bookshelf,Central,Indore,3,19500.0,0.0,3900.0,Credit Card
ORD-14898,2024-08-02,CUST-1020,Amit Kumar,Furniture,Bookcases,5-Tier Wooden Bookshelf,Central,Nagpur,2,9100.0,0.3,-1300.0,Debit Card
ORD-14899,2024-04-27,CUST-1118,Bhavna Shah 118,Office Supplies,Paper,A4 Multipurpose Copy Paper (Pack of 5),East,Kolkata,1,1140.0,0.05,440.0,UPI
ORD-14900,2025-07-18,CUST-1135,Karan Joshi 135,Apparel,Corporate Wear,Tailored Blazer,North,Chandigarh,4,9600.0,0.5,-800.0,Debit Card
ORD-14901,2024-03-09,CUST-1120,Nisha Bhat 120,Furniture,Bookcases,5-Tier Wooden Bookshelf,North,Lucknow,5,29250.0,0.1,3250.0,UPI
ORD-14902,2024-08-14,CUST-1239,Rajesh Iyer 239,Technology,Accessories,Wireless Mouse,North,Chandigarh,2,960.0,0.4,160.0,Net Banking
ORD-14903,2025-05-20,CUST-1167,Vikas Singh 167,Office Supplies,Paper,A4 Multipurpose Copy Paper (Pack of 5),Central,Nagpur,3,3060.0,0.15,960.0,Debit Card
ORD-14904,2025-11-30,CUST-1244,Tarun Choudhury 244,Technology,Accessories,Wireless Mouse,Central,Indore,2,1600.0,0.0,800.0,Debit Card
ORD-14905,2024-12-27,CUST-1233,Bhavna Shah 233,Office Supplies,Art,Highlighter & Marker Set,South,Chennai,1,175.0,0.5,25.0,Debit Card
ORD-14906,2025-11-24,CUST-1115,Divya Agarwal 115,Technology,Monitors,27-inch 4K Monitor,Central,Indore,5,110000.0,0.0,25000.0,Cash on Delivery
ORD-14907,2024-05-07,CUST-1074,Tarun Choudhury 74,Technology,Phones,Bluetooth Wireless Earbuds,North,Jaipur,3,7125.0,0.05,3525.0,Cash on Delivery
ORD-14908,2024-10-03,CUST-1083,Neha Gupta 83,Technology,Accessories,Mechanical Keyboard,West,Surat,1,2450.0,0.3,450.0,Net Banking
ORD-14909,2024-09-24,CUST-1170,Amit Kumar 170,Furniture,Chairs,Ergonomic Office Chair,West,Pune,4,30600.0,0.1,6600.0,UPI
ORD-14910,2025-03-11,CUST-1201,Shweta Mishra 201,Office Supplies,Paper,Premium Hardbound Notebook,East,Patna,5,1575.0,0.3,675.0,Cash on Delivery
ORD-14911,2025-11-26,CUST-1225,Aditya Bose 225,Office Supplies,Storage,Heavy Duty Arch File Box,Central,Nagpur,3,1657.5,0.15,607.5,Cash on Delivery
ORD-14912,2024-11-18,CUST-1159,Ravi Pillai 159,Technology,Accessories,USB-C Multi-Port Hub,North,Delhi,1,1440.0,0.2,540.0,Net Banking
ORD-14913,2025-11-10,CUST-1244,Tarun Choudhury 244,Technology,Accessories,USB-C Multi-Port Hub,Central,Indore,2,1800.0,0.5,0.0,Net Banking
ORD-14914,2025-07-04,CUST-1157,Siddharth Jain 157,Furniture,Bookcases,5-Tier Wooden Bookshelf,South,Kochi,2,13000.0,0.0,2600.0,Credit Card
ORD-14915,2024-10-12,CUST-1225,Aditya Bose 225,Technology,Phones,Smartphone Pro Max,East,Patna,1,22500.0,0.5,-13500.0,Cash on Delivery
ORD-14916,2024-05-30,CUST-1238,Suresh Nair 238,Furniture,Tables,Adjustable Standing Desk,South,Kochi,2,32400.0,0.1,4400.0,Net Banking
ORD-14917,2024-01-03,CUST-1075,Alok Deshmukh 75,Technology,Accessories,Mechanical Keyboard,East,Bhubaneswar,1,3500.0,0.0,1500.0,Cash on Delivery
ORD-14918,2025-04-02,CUST-1096,Deepak Rao 96,Office Supplies,Paper,Premium Hardbound Notebook,Central,Bhopal,8,1800.0,0.5,360.0,Credit Card
ORD-14919,2024-02-21,CUST-1214,Aarti Kapoor 214,Furniture,Chairs,Mesh Executive Chair,South,Kochi,5,51000.0,0.15,3500.0,Net Banking
ORD-14920,2024-04-30,CUST-1037,Gaurav Tiwari 37,Office Supplies,Paper,A4 Multipurpose Copy Paper (Pack of 5),East,Guwahati,10,12000.0,0.0,5000.0,Credit Card
ORD-14921,2024-09-12,CUST-1002,Ananya Roy,Technology,Accessories,Wireless Mouse,Central,Indore,2,960.0,0.4,160.0,Cash on Delivery
ORD-14922,2024-12-23,CUST-1030,Nisha Bhat,Office Supplies,Paper,A4 Multipurpose Copy Paper (Pack of 5),South,Chennai,3,3600.0,0.0,1500.0,Debit Card
ORD-14923,2025-02-01,CUST-1098,Deepak Rao 98,Technology,Accessories,Wireless Mouse,North,Noida,2,1600.0,0.0,800.0,Debit Card
ORD-14924,2025-05-17,CUST-1208,Rahul Sharma 208,Apparel,Corporate Wear,Tailored Blazer,South,Kochi,2,9600.0,0.0,4400.0,Credit Card
ORD-14925,2024-02-01,CUST-1052,Amit Kumar 52,Furniture,Tables,Adjustable Standing Desk,North,Lucknow,3,43200.0,0.2,1200.0,Debit Card
ORD-14926,2025-12-17,CUST-1083,Neha Gupta 83,Office Supplies,Storage,Heavy Duty Arch File Box,Central,Indore,2,650.0,0.5,-50.0,Net Banking
ORD-14927,2025-03-27,CUST-1209,Ravi Pillai 209,Technology,Accessories,Wireless Mouse,East,Kolkata,1,800.0,0.0,400.0,Net Banking
ORD-14928,2024-10-05,CUST-1026,Siddharth Jain,Furniture,Tables,Adjustable Standing Desk,South,Chennai,4,72000.0,0.0,16000.0,UPI
ORD-14929,2024-10-11,CUST-1021,Rohan Mehta,Office Supplies,Binders,Heavy-Duty Ring Binder,West,Ahmedabad,1,168.0,0.4,48.0,Net Banking
ORD-14930,2024-03-25,CUST-1170,Amit Kumar 170,Office Supplies,Paper,Premium Hardbound Notebook,South,Kochi,1,450.0,0.0,270.0,Debit Card
ORD-14931,2025-05-04,CUST-1182,Amit Kumar 182,Office Supplies,Binders,Heavy-Duty Ring Binder,West,Mumbai,3,756.0,0.1,396.0,Debit Card
ORD-14932,2025-05-28,CUST-1112,Ravi Pillai 112,Office Supplies,Storage,Heavy Duty Arch File Box,North,Noida,1,390.0,0.4,40.0,Net Banking
ORD-14933,2024-10-16,CUST-1130,Preeti Pandey 130,Office Supplies,Paper,A4 Multipurpose Copy Paper (Pack of 5),South,Bangalore,1,600.0,0.5,-100.0,Cash on Delivery
ORD-14934,2025-05-27,CUST-1121,Siddharth Jain 121,Technology,Monitors,27-inch 4K Monitor,East,Bhubaneswar,3,33000.0,0.5,-18000.0,Credit Card
ORD-14935,2024-03-25,CUST-1163,Swati Kulkarni 163,Technology,Monitors,27-inch 4K Monitor,South,Chennai,3,33000.0,0.5,-18000.0,Cash on Delivery
ORD-14936,2025-06-20,CUST-1230,Sneha Reddy 230,Technology,Monitors,27-inch 4K Monitor,North,Jaipur,2,44000.0,0.0,10000.0,UPI
ORD-14937,2025-04-17,CUST-1179,Abhishek Saxena 179,Technology,Phones,Smartphone Pro Max,South,Chennai,2,90000.0,0.0,18000.0,Debit Card
ORD-14938,2024-10-06,CUST-1067,Kavita Das 67,Office Supplies,Paper,A4 Multipurpose Copy Paper (Pack of 5),East,Guwahati,4,3360.0,0.3,560.0,UPI
ORD-14939,2025-01-07,CUST-1213,Meera Sen 213,Furniture,Tables,Adjustable Standing Desk,North,Chandigarh,2,28800.0,0.2,800.0,Net Banking
ORD-14940,2024-01-08,CUST-1076,Deepak Rao 76,Furniture,Bookcases,5-Tier Wooden Bookshelf,East,Bhubaneswar,2,13000.0,0.0,2600.0,Net Banking
ORD-14941,2025-12-03,CUST-1080,Amit Kumar 80,Office Supplies,Paper,A4 Multipurpose Copy Paper (Pack of 5),East,Guwahati,2,1680.0,0.3,280.0,Net Banking
ORD-14942,2025-01-16,CUST-1210,Tarun Choudhury 210,Office Supplies,Binders,Heavy-Duty Ring Binder,East,Guwahati,1,252.0,0.1,132.0,Net Banking
ORD-14943,2025-02-07,CUST-1012,Ravi Pillai,Apparel,Corporate Wear,Tailored Blazer,West,Pune,1,4080.0,0.15,1480.0,Credit Card
ORD-14944,2025-08-23,CUST-1112,Ravi Pillai 112,Furniture,Tables,Wooden Conference Table,West,Ahmedabad,4,100000.0,0.0,16000.0,Net Banking
ORD-14945,2025-01-07,CUST-1016,Swati Kulkarni,Furniture,Tables,Wooden Conference Table,Central,Nagpur,2,35000.0,0.3,-7000.0,Cash on Delivery
ORD-14946,2024-05-17,CUST-1152,Karan Joshi 152,Apparel,Corporate Wear,Tailored Blazer,Central,Indore,10,33600.0,0.3,7600.0,Debit Card
ORD-14947,2024-11-02,CUST-1037,Gaurav Tiwari 37,Technology,Monitors,27-inch 4K Monitor,North,Chandigarh,1,13200.0,0.4,-3800.0,Debit Card
ORD-14948,2025-12-06,CUST-1153,Vikas Singh 153,Apparel,Corporate Wear,Tailored Blazer,East,Bhubaneswar,2,7680.0,0.2,2480.0,Debit Card
ORD-14949,2024-02-05,CUST-1016,Swati Kulkarni,Office Supplies,Paper,Premium Hardbound Notebook,East,Bhubaneswar,1,360.0,0.2,180.0,Credit Card
ORD-14950,2025-08-21,CUST-1010,Ananya Roy,Furniture,Chairs,Mesh Executive Chair,South,Bangalore,1,12000.0,0.0,2500.0,Credit Card
ORD-14951,2024-04-01,CUST-1140,Tarun Choudhury 140,Furniture,Chairs,Ergonomic Office Chair,Central,Bhopal,1,8500.0,0.0,2500.0,UPI
ORD-14952,2024-04-21,CUST-1236,Rahul Sharma 236,Technology,Phones,Smartphone Pro Max,Central,Indore,2,72000.0,0.2,0.0,Debit Card
ORD-14953,2024-09-14,CUST-1129,Neha Gupta 129,Apparel,Corporate Wear,Tailored Blazer,West,Ahmedabad,2,8160.0,0.15,2960.0,Debit Card
ORD-14954,2024-05-16,CUST-1179,Abhishek Saxena 179,Furniture,Tables,Wooden Conference Table,West,Pune,2,50000.0,0.0,8000.0,Debit Card
ORD-14955,2024-03-17,CUST-1071,Preeti Pandey 71,Furniture,Chairs,Ergonomic Office Chair,East,Guwahati,5,36125.0,0.15,6125.0,Net Banking
ORD-14956,2025-12-25,CUST-1055,Deepak Rao 55,Furniture,Bookcases,5-Tier Wooden Bookshelf,North,Chandigarh,5,19500.0,0.4,-6500.0,Credit Card
ORD-14957,2025-10-27,CUST-1183,Kavita Das 183,Technology,Accessories,USB-C Multi-Port Hub,South,Hyderabad,1,1440.0,0.2,540.0,Net Banking
ORD-14958,2025-09-24,CUST-1111,Siddharth Jain 111,Furniture,Chairs,Mesh Executive Chair,South,Hyderabad,3,21600.0,0.4,-6900.0,Net Banking
ORD-14959,2025-11-21,CUST-1137,Rohan Mehta 137,Technology,Phones,Bluetooth Wireless Earbuds,West,Surat,4,10000.0,0.0,5200.0,Cash on Delivery
ORD-14960,2025-09-21,CUST-1192,Abhishek Saxena 192,Apparel,Footwear,Leather Oxford Shoes,North,Chandigarh,1,2560.0,0.2,860.0,Cash on Delivery
ORD-14961,2024-11-09,CUST-1108,Aditya Bose 108,Technology,Monitors,27-inch 4K Monitor,Central,Bhopal,1,13200.0,0.4,-3800.0,Debit Card
ORD-14962,2024-05-20,CUST-1111,Siddharth Jain 111,Apparel,Corporate Wear,Cotton Formal Shirt,West,Mumbai,2,1500.0,0.5,0.0,Net Banking
ORD-14963,2024-07-14,CUST-1112,Ravi Pillai 112,Office Supplies,Binders,Heavy-Duty Ring Binder,Central,Nagpur,3,840.0,0.0,480.0,UPI
ORD-14964,2024-01-05,CUST-1034,Divya Agarwal 34,Office Supplies,Binders,Heavy-Duty Ring Binder,North,Noida,3,420.0,0.5,60.0,Debit Card
ORD-14965,2025-11-23,CUST-1215,Sneha Reddy 215,Technology,Accessories,Wireless Mouse,South,Kochi,1,800.0,0.0,400.0,UPI
ORD-14966,2025-01-09,CUST-1164,Kavita Das 164,Technology,Accessories,USB-C Multi-Port Hub,Central,Bhopal,2,3060.0,0.15,1260.0,Net Banking
ORD-14967,2024-06-24,CUST-1212,Karan Joshi 212,Furniture,Tables,Wooden Conference Table,West,Surat,2,50000.0,0.0,8000.0,UPI
ORD-14968,2024-04-06,CUST-1101,Abhishek Saxena 101,Furniture,Bookcases,5-Tier Wooden Bookshelf,East,Guwahati,1,6175.0,0.05,975.0,Cash on Delivery
ORD-14969,2024-08-05,CUST-1174,Ananya Roy 174,Office Supplies,Paper,A4 Multipurpose Copy Paper (Pack of 5),North,Noida,1,1140.0,0.05,440.0,Credit Card
ORD-14970,2025-01-27,CUST-1033,Neha Gupta 33,Furniture,Bookcases,5-Tier Wooden Bookshelf,South,Bangalore,5,32500.0,0.0,6500.0,Credit Card
ORD-14971,2024-02-24,CUST-1165,Deepak Rao 165,Office Supplies,Binders,Heavy-Duty Ring Binder,West,Ahmedabad,5,700.0,0.5,100.0,Cash on Delivery
ORD-14972,2024-11-06,CUST-1016,Swati Kulkarni,Technology,Phones,Bluetooth Wireless Earbuds,West,Ahmedabad,1,2125.0,0.15,925.0,UPI
ORD-14973,2025-05-14,CUST-1072,Shweta Mishra 72,Office Supplies,Paper,A4 Multipurpose Copy Paper (Pack of 5),North,Noida,1,1140.0,0.05,440.0,Credit Card
ORD-14974,2025-06-11,CUST-1014,Siddharth Jain,Apparel,Footwear,Leather Oxford Shoes,Central,Nagpur,3,9600.0,0.0,4500.0,Credit Card
ORD-14975,2024-09-28,CUST-1070,Pooja Verma 70,Technology,Accessories,Wireless Mouse,West,Pune,1,400.0,0.5,0.0,UPI
ORD-14976,2025-04-24,CUST-1124,Suresh Nair 124,Technology,Phones,Smartphone Pro Max,Central,Bhopal,1,38250.0,0.15,2250.0,Credit Card
ORD-14977,2024-05-12,CUST-1194,Ananya Roy 194,Office Supplies,Binders,Heavy-Duty Ring Binder,East,Bhubaneswar,2,476.0,0.15,236.0,Debit Card
ORD-14978,2024-09-20,CUST-1113,Neha Gupta 113,Office Supplies,Paper,Premium Hardbound Notebook,North,Chandigarh,1,382.5,0.15,202.5,Net Banking
ORD-14979,2024-08-18,CUST-1087,Alok Deshmukh 87,Furniture,Bookcases,5-Tier Wooden Bookshelf,West,Mumbai,1,6500.0,0.0,1300.0,Credit Card
ORD-14980,2025-02-02,CUST-1105,Abhishek Saxena 105,Office Supplies,Storage,Heavy Duty Arch File Box,North,Jaipur,4,2470.0,0.05,1070.0,Cash on Delivery
ORD-14981,2024-08-10,CUST-1205,Manish Malhotra 205,Apparel,Footwear,Leather Oxford Shoes,South,Hyderabad,1,3200.0,0.0,1500.0,Credit Card
ORD-14982,2024-03-11,CUST-1089,Alok Deshmukh 89,Technology,Accessories,Mechanical Keyboard,North,Lucknow,4,13300.0,0.05,5300.0,Credit Card
ORD-14983,2025-08-06,CUST-1013,Tarun Choudhury,Office Supplies,Storage,Heavy Duty Arch File Box,South,Kochi,2,780.0,0.4,80.0,Cash on Delivery
ORD-14984,2025-10-21,CUST-1130,Preeti Pandey 130,Technology,Monitors,27-inch 4K Monitor,West,Surat,2,41800.0,0.05,7800.0,Cash on Delivery
ORD-14985,2024-03-12,CUST-1213,Meera Sen 213,Technology,Phones,Bluetooth Wireless Earbuds,Central,Nagpur,4,9500.0,0.05,4700.0,Net Banking
ORD-14986,2024-04-24,CUST-1177,Sneha Reddy 177,Technology,Phones,Smartphone Pro Max,South,Kochi,1,42750.0,0.05,6750.0,Cash on Delivery
ORD-14987,2025-12-14,CUST-1081,Priya Patel 81,Office Supplies,Art,Highlighter & Marker Set,North,Jaipur,3,1050.0,0.0,600.0,UPI
ORD-14988,2025-03-07,CUST-1241,Ananya Roy 241,Technology,Monitors,27-inch 4K Monitor,South,Bangalore,3,52800.0,0.2,1800.0,Debit Card
ORD-14989,2025-09-04,CUST-1023,Meera Sen,Technology,Accessories,Mechanical Keyboard,North,Jaipur,3,9975.0,0.05,3975.0,Net Banking
ORD-14990,2024-09-14,CUST-1225,Aditya Bose 225,Furniture,Chairs,Ergonomic Office Chair,East,Patna,1,8075.0,0.05,2075.0,Credit Card
ORD-14991,2025-07-30,CUST-1207,Divya Agarwal 207,Office Supplies,Storage,Heavy Duty Arch File Box,Central,Bhopal,1,650.0,0.0,300.0,UPI
ORD-14992,2025-12-05,CUST-1043,Nisha Bhat 43,Office Supplies,Art,Highlighter & Marker Set,East,Bhubaneswar,1,245.0,0.3,95.0,Cash on Delivery
ORD-14993,2024-02-18,CUST-1217,Bhavna Shah 217,Apparel,Corporate Wear,Cotton Formal Shirt,East,Patna,2,3000.0,0.0,1500.0,UPI
ORD-14994,2025-09-08,CUST-1235,Bhavna Shah 235,Furniture,Chairs,Ergonomic Office Chair,South,Hyderabad,1,8500.0,0.0,2500.0,UPI
ORD-14995,2025-08-25,CUST-1012,Ravi Pillai,Technology,Accessories,Mechanical Keyboard,East,Bhubaneswar,2,7000.0,0.0,3000.0,Debit Card
ORD-14996,2025-06-10,CUST-1188,Karan Joshi 188,Office Supplies,Storage,Heavy Duty Arch File Box,East,Guwahati,4,2340.0,0.1,940.0,Net Banking
ORD-14997,2025-01-13,CUST-1142,Suresh Nair 142,Office Supplies,Storage,Heavy Duty Arch File Box,North,Chandigarh,1,585.0,0.1,235.0,Net Banking
ORD-14998,2025-11-09,CUST-1206,Sneha Reddy 206,Office Supplies,Storage,Heavy Duty Arch File Box,South,Chennai,1,585.0,0.1,235.0,Net Banking
ORD-14999,2024-12-28,CUST-1249,Priya Patel 249,Office Supplies,Storage,Heavy Duty Arch File Box,Central,Indore,5,3250.0,0.0,1500.0,Debit Card
ORD-15000,2024-10-30,CUST-1189,Siddharth Jain 189,Furniture,Chairs,Ergonomic Office Chair,West,Mumbai,2,11900.0,0.3,-100.0,Credit Card
ORD-15001,2024-11-17,CUST-1194,Ananya Roy 194,Technology,Accessories,USB-C Multi-Port Hub,Central,Indore,1,1260.0,0.3,360.0,Net Banking
ORD-15002,2025-08-05,CUST-1173,Alok Deshmukh 173,Office Supplies,Paper,Premium Hardbound Notebook,West,Ahmedabad,4,1440.0,0.2,720.0,Debit Card
ORD-15003,2025-02-25,CUST-1004,Ravi Pillai,Technology,Accessories,Mechanical Keyboard,South,Chennai,1,2975.0,0.15,975.0,Credit Card
ORD-15004,2024-07-05,CUST-1146,Kavita Das 146,Office Supplies,Paper,Premium Hardbound Notebook,West,Ahmedabad,2,900.0,0.0,540.0,UPI
ORD-15005,2025-07-31,CUST-1041,Gaurav Tiwari 41,Technology,Monitors,27-inch 4K Monitor,South,Hyderabad,1,19800.0,0.1,2800.0,Debit Card
ORD-15006,2024-12-27,CUST-1151,Vikas Singh 151,Office Supplies,Paper,A4 Multipurpose Copy Paper (Pack of 5),South,Kochi,2,2280.0,0.05,880.0,Net Banking
ORD-15007,2025-02-10,CUST-1106,Shweta Mishra 106,Technology,Accessories,Mechanical Keyboard,West,Mumbai,1,2800.0,0.2,800.0,Debit Card
ORD-15008,2024-08-07,CUST-1015,Amit Kumar,Technology,Monitors,27-inch 4K Monitor,Central,Indore,1,22000.0,0.0,5000.0,Credit Card
ORD-15009,2025-05-13,CUST-1040,Aarti Kapoor 40,Technology,Monitors,27-inch 4K Monitor,Central,Nagpur,1,22000.0,0.0,5000.0,Cash on Delivery
ORD-15010,2024-07-24,CUST-1093,Divya Agarwal 93,Technology,Phones,Bluetooth Wireless Earbuds,West,Pune,2,5000.0,0.0,2600.0,Cash on Delivery
ORD-15011,2025-10-15,CUST-1023,Meera Sen,Furniture,Tables,Wooden Conference Table,Central,Indore,4,60000.0,0.4,-24000.0,Debit Card
ORD-15012,2024-01-27,CUST-1118,Bhavna Shah 118,Office Supplies,Storage,Heavy Duty Arch File Box,Central,Indore,1,650.0,0.0,300.0,Cash on Delivery
ORD-15013,2025-04-24,CUST-1138,Bhavna Shah 138,Furniture,Chairs,Ergonomic Office Chair,West,Surat,1,4250.0,0.5,-1750.0,UPI
ORD-15014,2024-02-21,CUST-1244,Tarun Choudhury 244,Office Supplies,Art,Highlighter & Marker Set,Central,Bhopal,1,280.0,0.2,130.0,Net Banking
ORD-15015,2025-02-05,CUST-1097,Sneha Reddy 97,Furniture,Tables,Wooden Conference Table,Central,Bhopal,1,25000.0,0.0,4000.0,Cash on Delivery
ORD-15016,2025-12-14,CUST-1130,Preeti Pandey 130,Technology,Monitors,27-inch 4K Monitor,West,Mumbai,2,37400.0,0.15,3400.0,Cash on Delivery
ORD-15017,2024-07-04,CUST-1086,Amit Kumar 86,Office Supplies,Storage,Heavy Duty Arch File Box,South,Kochi,3,1560.0,0.2,510.0,Net Banking
ORD-15018,2025-08-02,CUST-1193,Ravi Pillai 193,Technology,Phones,Bluetooth Wireless Earbuds,South,Chennai,1,2500.0,0.0,1300.0,Net Banking
ORD-15019,2024-09-07,CUST-1162,Tarun Choudhury 162,Furniture,Tables,Wooden Conference Table,East,Bhubaneswar,2,50000.0,0.0,8000.0,Debit Card
ORD-15020,2025-04-23,CUST-1046,Karan Joshi 46,Furniture,Chairs,Ergonomic Office Chair,South,Hyderabad,2,13600.0,0.2,1600.0,Net Banking
ORD-15021,2025-02-11,CUST-1027,Rohan Mehta,Technology,Accessories,Mechanical Keyboard,West,Mumbai,5,15750.0,0.1,5750.0,Cash on Delivery
ORD-15022,2025-01-30,CUST-1023,Meera Sen,Apparel,Corporate Wear,Tailored Blazer,North,Chandigarh,4,15360.0,0.2,4960.0,Credit Card
ORD-15023,2025-05-29,CUST-1209,Ravi Pillai 209,Apparel,Corporate Wear,Tailored Blazer,East,Guwahati,5,12000.0,0.5,-1000.0,Credit Card
ORD-15024,2024-10-05,CUST-1155,Ravi Pillai 155,Furniture,Tables,Adjustable Standing Desk,North,Lucknow,2,18000.0,0.5,-10000.0,Debit Card
ORD-15025,2024-03-26,CUST-1134,Kavita Das 134,Office Supplies,Storage,Heavy Duty Arch File Box,Central,Nagpur,1,650.0,0.0,300.0,Credit Card
ORD-15026,2025-10-28,CUST-1144,Shweta Mishra 144,Apparel,Corporate Wear,Tailored Blazer,South,Chennai,4,11520.0,0.4,1120.0,Credit Card
ORD-15027,2025-07-11,CUST-1008,Vikas Singh,Technology,Phones,Smartphone Pro Max,East,Bhubaneswar,1,36000.0,0.2,0.0,Cash on Delivery
ORD-15028,2024-03-10,CUST-1206,Sneha Reddy 206,Technology,Phones,Bluetooth Wireless Earbuds,South,Kochi,5,6250.0,0.5,250.0,Credit Card
ORD-15029,2025-10-08,CUST-1142,Suresh Nair 142,Technology,Accessories,Wireless Mouse,North,Lucknow,1,800.0,0.0,400.0,UPI
ORD-15030,2025-01-29,CUST-1056,Alok Deshmukh 56,Technology,Phones,Smartphone Pro Max,Central,Indore,1,45000.0,0.0,9000.0,Credit Card
ORD-15031,2024-09-03,CUST-1149,Shweta Mishra 149,Technology,Phones,Smartphone Pro Max,West,Pune,1,42750.0,0.05,6750.0,Credit Card
ORD-15032,2025-02-08,CUST-1164,Kavita Das 164,Furniture,Chairs,Ergonomic Office Chair,North,Jaipur,3,12750.0,0.5,-5250.0,Cash on Delivery
ORD-15033,2024-06-30,CUST-1021,Rohan Mehta,Technology,Monitors,27-inch 4K Monitor,East,Kolkata,1,22000.0,0.0,5000.0,Cash on Delivery
ORD-15034,2025-09-01,CUST-1235,Bhavna Shah 235,Office Supplies,Storage,Heavy Duty Arch File Box,East,Bhubaneswar,1,650.0,0.0,300.0,Credit Card
ORD-15035,2025-09-29,CUST-1090,Ananya Roy 90,Technology,Accessories,Wireless Mouse,South,Bangalore,2,1120.0,0.3,320.0,Net Banking
ORD-15036,2025-12-23,CUST-1177,Sneha Reddy 177,Technology,Accessories,Wireless Mouse,North,Delhi,2,800.0,0.5,0.0,UPI
ORD-15037,2025-04-19,CUST-1097,Sneha Reddy 97,Furniture,Bookcases,5-Tier Wooden Bookshelf,South,Chennai,5,29250.0,0.1,3250.0,Cash on Delivery
ORD-15038,2024-09-01,CUST-1066,Bhavna Shah 66,Furniture,Chairs,Ergonomic Office Chair,Central,Indore,1,8500.0,0.0,2500.0,Debit Card
ORD-15039,2024-10-18,CUST-1078,Rohan Mehta 78,Office Supplies,Storage,Heavy Duty Arch File Box,Central,Bhopal,1,650.0,0.0,300.0,Cash on Delivery
ORD-15040,2025-04-08,CUST-1003,Rahul Sharma,Technology,Phones,Bluetooth Wireless Earbuds,East,Bhubaneswar,2,5000.0,0.0,2600.0,UPI
ORD-15041,2024-09-17,CUST-1014,Siddharth Jain,Technology,Accessories,Mechanical Keyboard,Central,Bhopal,2,4200.0,0.4,200.0,UPI
ORD-15042,2025-07-12,CUST-1239,Rajesh Iyer 239,Furniture,Chairs,Ergonomic Office Chair,West,Mumbai,1,8075.0,0.05,2075.0,Credit Card
ORD-15043,2024-04-25,CUST-1098,Deepak Rao 98,Technology,Accessories,Wireless Mouse,North,Jaipur,4,3040.0,0.05,1440.0,Credit Card
ORD-15044,2024-09-28,CUST-1179,Abhishek Saxena 179,Technology,Accessories,USB-C Multi-Port Hub,Central,Bhopal,1,1530.0,0.15,630.0,Credit Card
ORD-15045,2025-12-29,CUST-1042,Sneha Reddy 42,Office Supplies,Paper,A4 Multipurpose Copy Paper (Pack of 5),South,Bangalore,4,4800.0,0.0,2000.0,Credit Card
ORD-15046,2024-04-24,CUST-1026,Siddharth Jain,Office Supplies,Storage,Heavy Duty Arch File Box,East,Patna,3,1950.0,0.0,900.0,Cash on Delivery
ORD-15047,2024-08-08,CUST-1043,Nisha Bhat 43,Office Supplies,Paper,Premium Hardbound Notebook,East,Kolkata,1,450.0,0.0,270.0,Net Banking
ORD-15048,2025-04-01,CUST-1130,Preeti Pandey 130,Technology,Phones,Smartphone Pro Max,North,Chandigarh,8,252000.0,0.3,-36000.0,Cash on Delivery
ORD-15049,2025-02-25,CUST-1189,Siddharth Jain 189,Technology,Phones,Bluetooth Wireless Earbuds,Central,Bhopal,1,2500.0,0.0,1300.0,Debit Card
ORD-15050,2024-07-12,CUST-1130,Preeti Pandey 130,Office Supplies,Paper,Premium Hardbound Notebook,West,Pune,1,427.5,0.05,247.5,UPI
ORD-15051,2024-06-23,CUST-1044,Manish Malhotra 44,Technology,Accessories,Mechanical Keyboard,Central,Nagpur,1,2450.0,0.3,450.0,Debit Card
ORD-15052,2024-08-01,CUST-1165,Deepak Rao 165,Technology,Accessories,Wireless Mouse,West,Mumbai,1,760.0,0.05,360.0,UPI
ORD-15053,2025-09-14,CUST-1134,Kavita Das 134,Furniture,Tables,Adjustable Standing Desk,North,Delhi,2,36000.0,0.0,8000.0,Net Banking
ORD-15054,2024-11-26,CUST-1001,Shweta Mishra,Apparel,Corporate Wear,Cotton Formal Shirt,West,Ahmedabad,1,1350.0,0.1,600.0,Net Banking
ORD-15055,2025-05-16,CUST-1115,Divya Agarwal 115,Technology,Accessories,Mechanical Keyboard,South,Kochi,2,5600.0,0.2,1600.0,Net Banking
ORD-15056,2025-09-16,CUST-1126,Aarti Kapoor 126,Technology,Accessories,Mechanical Keyboard,North,Noida,2,6650.0,0.05,2650.0,UPI
ORD-15057,2025-10-28,CUST-1070,Pooja Verma 70,Furniture,Tables,Wooden Conference Table,North,Jaipur,5,118750.0,0.05,13750.0,Debit Card
ORD-15058,2024-12-01,CUST-1002,Ananya Roy,Technology,Accessories,USB-C Multi-Port Hub,East,Bhubaneswar,1,1260.0,0.3,360.0,Cash on Delivery
ORD-15059,2025-03-29,CUST-1063,Divya Agarwal 63,Technology,Phones,Bluetooth Wireless Earbuds,Central,Bhopal,2,5000.0,0.0,2600.0,Cash on Delivery
ORD-15060,2024-08-29,CUST-1034,Divya Agarwal 34,Technology,Accessories,Wireless Mouse,West,Mumbai,1,800.0,0.0,400.0,UPI
ORD-15061,2024-07-16,CUST-1066,Bhavna Shah 66,Technology,Accessories,Wireless Mouse,East,Bhubaneswar,3,1440.0,0.4,240.0,UPI
ORD-15062,2024-03-15,CUST-1227,Vikas Singh 227,Technology,Accessories,Mechanical Keyboard,West,Mumbai,1,3500.0,0.0,1500.0,Net Banking
ORD-15063,2024-12-16,CUST-1164,Kavita Das 164,Furniture,Tables,Adjustable Standing Desk,East,Kolkata,3,37800.0,0.3,-4200.0,UPI
ORD-15064,2025-11-15,CUST-1139,Swati Kulkarni 139,Office Supplies,Paper,A4 Multipurpose Copy Paper (Pack of 5),East,Guwahati,4,2880.0,0.4,80.0,Net Banking
ORD-15065,2024-07-18,CUST-1162,Tarun Choudhury 162,Technology,Accessories,USB-C Multi-Port Hub,South,Hyderabad,3,3780.0,0.3,1080.0,Cash on Delivery
ORD-15066,2024-01-26,CUST-1079,Nisha Bhat 79,Furniture,Tables,Wooden Conference Table,Central,Nagpur,1,23750.0,0.05,2750.0,Cash on Delivery
ORD-15067,2025-11-04,CUST-1148,Bhavna Shah 148,Technology,Accessories,Mechanical Keyboard,North,Delhi,10,31500.0,0.1,11500.0,Debit Card
ORD-15068,2025-12-16,CUST-1204,Pooja Verma 204,Office Supplies,Paper,Premium Hardbound Notebook,East,Guwahati,1,450.0,0.0,270.0,Cash on Delivery
ORD-15069,2024-12-13,CUST-1189,Siddharth Jain 189,Technology,Accessories,Wireless Mouse,North,Chandigarh,1,800.0,0.0,400.0,UPI
ORD-15070,2025-04-05,CUST-1109,Shweta Mishra 109,Furniture,Tables,Wooden Conference Table,West,Mumbai,5,87500.0,0.3,-17500.0,Net Banking
ORD-15071,2024-02-11,CUST-1034,Divya Agarwal 34,Technology,Phones,Bluetooth Wireless Earbuds,South,Bangalore,1,2125.0,0.15,925.0,Credit Card
ORD-15072,2024-11-08,CUST-1224,Meera Sen 224,Technology,Monitors,27-inch 4K Monitor,East,Guwahati,2,37400.0,0.15,3400.0,Credit Card
ORD-15073,2024-06-01,CUST-1016,Swati Kulkarni,Office Supplies,Paper,A4 Multipurpose Copy Paper (Pack of 5),Central,Nagpur,2,1440.0,0.4,40.0,Debit Card
ORD-15074,2025-06-20,CUST-1145,Rajesh Iyer 145,Apparel,Corporate Wear,Tailored Blazer,East,Bhubaneswar,1,2880.0,0.4,280.0,Net Banking
ORD-15075,2024-06-27,CUST-1118,Bhavna Shah 118,Technology,Monitors,27-inch 4K Monitor,Central,Nagpur,4,83600.0,0.05,15600.0,Credit Card
ORD-15076,2025-10-05,CUST-1180,Manish Malhotra 180,Office Supplies,Binders,Heavy-Duty Ring Binder,North,Lucknow,3,756.0,0.1,396.0,UPI
ORD-15077,2025-09-19,CUST-1063,Divya Agarwal 63,Apparel,Footwear,Leather Oxford Shoes,Central,Indore,2,6080.0,0.05,2680.0,Cash on Delivery
ORD-15078,2025-06-25,CUST-1079,Nisha Bhat 79,Office Supplies,Paper,Premium Hardbound Notebook,West,Ahmedabad,1,315.0,0.3,135.0,Credit Card
ORD-15079,2025-08-22,CUST-1143,Rohan Mehta 143,Furniture,Chairs,Mesh Executive Chair,West,Surat,3,30600.0,0.15,2100.0,Credit Card
ORD-15080,2025-10-18,CUST-1188,Karan Joshi 188,Apparel,Corporate Wear,Tailored Blazer,East,Guwahati,1,4800.0,0.0,2200.0,Net Banking
ORD-15081,2024-09-11,CUST-1086,Amit Kumar 86,Furniture,Chairs,Mesh Executive Chair,South,Hyderabad,4,38400.0,0.2,400.0,Credit Card
ORD-15082,2024-02-27,CUST-1219,Alok Deshmukh 219,Technology,Phones,Smartphone Pro Max,East,Guwahati,1,40500.0,0.1,4500.0,UPI
ORD-15083,2024-04-29,CUST-1068,Amit Kumar 68,Technology,Phones,Bluetooth Wireless Earbuds,North,Jaipur,1,2375.0,0.05,1175.0,Debit Card
ORD-15084,2025-12-06,CUST-1046,Karan Joshi 46,Office Supplies,Storage,Heavy Duty Arch File Box,South,Kochi,1,390.0,0.4,40.0,Cash on Delivery
ORD-15085,2025-03-05,CUST-1047,Vikas Singh 47,Furniture,Chairs,Ergonomic Office Chair,South,Hyderabad,2,15300.0,0.1,3300.0,Debit Card
ORD-15086,2024-09-29,CUST-1094,Shweta Mishra 94,Office Supplies,Paper,A4 Multipurpose Copy Paper (Pack of 5),North,Jaipur,1,1080.0,0.1,380.0,Credit Card
ORD-15087,2024-03-27,CUST-1020,Amit Kumar,Technology,Phones,Smartphone Pro Max,East,Patna,1,22500.0,0.5,-13500.0,Debit Card
ORD-15088,2024-10-27,CUST-1086,Amit Kumar 86,Office Supplies,Binders,Heavy-Duty Ring Binder,West,Pune,3,840.0,0.0,480.0,Cash on Delivery
ORD-15089,2025-06-28,CUST-1184,Kavita Das 184,Furniture,Tables,Wooden Conference Table,South,Hyderabad,1,15000.0,0.4,-6000.0,UPI
ORD-15090,2025-01-10,CUST-1020,Amit Kumar,Technology,Monitors,27-inch 4K Monitor,Central,Bhopal,1,17600.0,0.2,600.0,Debit Card
ORD-15091,2025-05-17,CUST-1165,Deepak Rao 165,Technology,Monitors,27-inch 4K Monitor,West,Surat,1,11000.0,0.5,-6000.0,Cash on Delivery
ORD-15092,2025-05-28,CUST-1114,Sneha Reddy 114,Technology,Monitors,27-inch 4K Monitor,West,Surat,3,56100.0,0.15,5100.0,Credit Card
ORD-15093,2025-10-29,CUST-1159,Ravi Pillai 159,Apparel,Corporate Wear,Cotton Formal Shirt,East,Patna,3,2250.0,0.5,0.0,UPI
ORD-15094,2025-01-03,CUST-1062,Ravi Pillai 62,Technology,Accessories,Wireless Mouse,North,Chandigarh,1,800.0,0.0,400.0,Debit Card
ORD-15095,2025-01-12,CUST-1242,Bhavna Shah 242,Technology,Accessories,USB-C Multi-Port Hub,Central,Bhopal,4,5040.0,0.3,1440.0,Cash on Delivery
ORD-15096,2024-06-30,CUST-1235,Bhavna Shah 235,Furniture,Chairs,Mesh Executive Chair,North,Jaipur,5,36000.0,0.4,-11500.0,Credit Card
ORD-15097,2024-09-23,CUST-1084,Aarti Kapoor 84,Furniture,Chairs,Ergonomic Office Chair,North,Delhi,3,25500.0,0.0,7500.0,Credit Card
ORD-15098,2024-09-14,CUST-1104,Bhavna Shah 104,Furniture,Tables,Wooden Conference Table,South,Kochi,2,40000.0,0.2,-2000.0,Credit Card
ORD-15099,2024-10-27,CUST-1163,Swati Kulkarni 163,Technology,Accessories,USB-C Multi-Port Hub,West,Surat,1,1440.0,0.2,540.0,Cash on Delivery
ORD-15100,2025-02-02,CUST-1030,Nisha Bhat,Technology,Accessories,Wireless Mouse,East,Guwahati,1,560.0,0.3,160.0,Debit Card
ORD-15101,2025-09-13,CUST-1027,Rohan Mehta,Technology,Phones,Bluetooth Wireless Earbuds,North,Noida,4,5000.0,0.5,200.0,UPI
ORD-15102,2025-01-30,CUST-1087,Alok Deshmukh 87,Technology,Accessories,Wireless Mouse,East,Kolkata,3,2160.0,0.1,960.0,Net Banking
ORD-15103,2024-03-26,CUST-1090,Ananya Roy 90,Apparel,Footwear,Leather Oxford Shoes,North,Delhi,1,3200.0,0.0,1500.0,Debit Card
ORD-15104,2024-01-03,CUST-1036,Karan Joshi 36,Furniture,Chairs,Ergonomic Office Chair,North,Chandigarh,1,7650.0,0.1,1650.0,UPI
ORD-15105,2024-07-10,CUST-1234,Meera Sen 234,Office Supplies,Binders,Heavy-Duty Ring Binder,South,Kochi,3,504.0,0.4,144.0,Credit Card
ORD-15106,2025-10-02,CUST-1142,Suresh Nair 142,Office Supplies,Paper,Premium Hardbound Notebook,North,Jaipur,3,675.0,0.5,135.0,Cash on Delivery
ORD-15107,2024-10-28,CUST-1119,Shweta Mishra 119,Office Supplies,Paper,Premium Hardbound Notebook,East,Guwahati,2,810.0,0.1,450.0,Credit Card
ORD-15108,2024-02-03,CUST-1239,Rajesh Iyer 239,Technology,Accessories,Mechanical Keyboard,North,Jaipur,1,3150.0,0.1,1150.0,Credit Card
ORD-15109,2024-09-20,CUST-1101,Abhishek Saxena 101,Technology,Accessories,Wireless Mouse,East,Bhubaneswar,3,2400.0,0.0,1200.0,Credit Card
ORD-15110,2025-12-23,CUST-1235,Bhavna Shah 235,Office Supplies,Storage,Heavy Duty Arch File Box,North,Jaipur,2,1300.0,0.0,600.0,Cash on Delivery
ORD-15111,2025-12-22,CUST-1083,Neha Gupta 83,Furniture,Tables,Adjustable Standing Desk,East,Patna,2,28800.0,0.2,800.0,Credit Card
ORD-15112,2025-05-16,CUST-1180,Manish Malhotra 180,Apparel,Corporate Wear,Cotton Formal Shirt,South,Chennai,1,1275.0,0.15,525.0,Net Banking
ORD-15113,2025-05-04,CUST-1148,Bhavna Shah 148,Office Supplies,Binders,Heavy-Duty Ring Binder,Central,Nagpur,2,532.0,0.05,292.0,Net Banking
ORD-15114,2025-03-30,CUST-1112,Ravi Pillai 112,Technology,Accessories,Wireless Mouse,East,Patna,3,2400.0,0.0,1200.0,UPI
ORD-15115,2025-01-12,CUST-1151,Vikas Singh 151,Furniture,Chairs,Ergonomic Office Chair,Central,Indore,3,15300.0,0.4,-2700.0,UPI
ORD-15116,2024-11-27,CUST-1217,Bhavna Shah 217,Furniture,Chairs,Mesh Executive Chair,Central,Bhopal,8,81600.0,0.15,5600.0,Net Banking
ORD-15117,2024-01-27,CUST-1224,Meera Sen 224,Technology,Phones,Bluetooth Wireless Earbuds,Central,Indore,3,6000.0,0.2,2400.0,Cash on Delivery
ORD-15118,2025-10-09,CUST-1109,Shweta Mishra 109,Technology,Accessories,Wireless Mouse,Central,Indore,1,720.0,0.1,320.0,Net Banking
ORD-15119,2025-02-06,CUST-1005,Karan Joshi,Office Supplies,Binders,Heavy-Duty Ring Binder,West,Mumbai,3,840.0,0.0,480.0,UPI
ORD-15120,2024-03-31,CUST-1129,Neha Gupta 129,Furniture,Tables,Wooden Conference Table,South,Kochi,1,25000.0,0.0,4000.0,Net Banking
ORD-15121,2024-11-14,CUST-1074,Tarun Choudhury 74,Technology,Phones,Smartphone Pro Max,Central,Bhopal,4,180000.0,0.0,36000.0,Debit Card
ORD-15122,2024-12-19,CUST-1016,Swati Kulkarni,Apparel,Corporate Wear,Cotton Formal Shirt,West,Pune,1,1275.0,0.15,525.0,Credit Card
ORD-15123,2024-11-21,CUST-1063,Divya Agarwal 63,Office Supplies,Binders,Heavy-Duty Ring Binder,East,Patna,1,196.0,0.3,76.0,Net Banking
ORD-15124,2025-11-29,CUST-1199,Karan Joshi 199,Furniture,Bookcases,5-Tier Wooden Bookshelf,East,Bhubaneswar,2,11700.0,0.1,1300.0,Cash on Delivery
ORD-15125,2024-12-27,CUST-1192,Abhishek Saxena 192,Technology,Phones,Bluetooth Wireless Earbuds,West,Mumbai,1,2125.0,0.15,925.0,Cash on Delivery
ORD-15126,2024-10-24,CUST-1204,Pooja Verma 204,Apparel,Footwear,Leather Oxford Shoes,North,Delhi,2,5440.0,0.15,2040.0,Credit Card
ORD-15127,2024-06-10,CUST-1219,Alok Deshmukh 219,Office Supplies,Binders,Heavy-Duty Ring Binder,Central,Nagpur,4,560.0,0.5,80.0,Debit Card
ORD-15128,2025-07-30,CUST-1176,Shweta Mishra 176,Office Supplies,Storage,Heavy Duty Arch File Box,West,Pune,1,325.0,0.5,-25.0,Net Banking
ORD-15129,2025-05-23,CUST-1066,Bhavna Shah 66,Apparel,Footwear,Leather Oxford Shoes,Central,Nagpur,1,3200.0,0.0,1500.0,Credit Card
ORD-15130,2025-11-11,CUST-1069,Siddharth Jain 69,Technology,Accessories,Mechanical Keyboard,East,Kolkata,1,3150.0,0.1,1150.0,UPI
ORD-15131,2024-12-16,CUST-1022,Neha Gupta,Technology,Phones,Bluetooth Wireless Earbuds,West,Pune,1,2125.0,0.15,925.0,Net Banking
ORD-15132,2024-12-18,CUST-1088,Neha Gupta 88,Technology,Accessories,USB-C Multi-Port Hub,South,Kochi,1,1710.0,0.05,810.0,Debit Card
ORD-15133,2024-06-13,CUST-1158,Karan Joshi 158,Furniture,Tables,Wooden Conference Table,East,Kolkata,1,20000.0,0.2,-1000.0,Credit Card
ORD-15134,2024-01-23,CUST-1070,Pooja Verma 70,Technology,Accessories,Mechanical Keyboard,Central,Indore,1,2800.0,0.2,800.0,Credit Card
ORD-15135,2024-07-28,CUST-1068,Amit Kumar 68,Office Supplies,Storage,Heavy Duty Arch File Box,North,Delhi,2,910.0,0.3,210.0,Cash on Delivery
ORD-15136,2025-05-22,CUST-1049,Aarti Kapoor 49,Office Supplies,Art,Highlighter & Marker Set,South,Chennai,2,595.0,0.15,295.0,Cash on Delivery
ORD-15137,2024-07-12,CUST-1169,Rajesh Iyer 169,Furniture,Chairs,Ergonomic Office Chair,Central,Bhopal,1,4250.0,0.5,-1750.0,UPI
ORD-15138,2025-05-07,CUST-1022,Neha Gupta,Office Supplies,Paper,Premium Hardbound Notebook,North,Lucknow,1,427.5,0.05,247.5,UPI
ORD-15139,2025-05-31,CUST-1209,Ravi Pillai 209,Office Supplies,Paper,A4 Multipurpose Copy Paper (Pack of 5),West,Ahmedabad,1,1080.0,0.1,380.0,Credit Card
ORD-15140,2025-03-05,CUST-1168,Meera Sen 168,Office Supplies,Storage,Heavy Duty Arch File Box,North,Lucknow,2,650.0,0.5,-50.0,Credit Card
ORD-15141,2024-03-30,CUST-1057,Deepak Rao 57,Office Supplies,Binders,Heavy-Duty Ring Binder,Central,Nagpur,1,280.0,0.0,160.0,UPI
ORD-15142,2024-02-02,CUST-1149,Shweta Mishra 149,Furniture,Chairs,Mesh Executive Chair,East,Guwahati,3,28800.0,0.2,300.0,Net Banking
ORD-15143,2025-04-13,CUST-1201,Shweta Mishra 201,Office Supplies,Art,Highlighter & Marker Set,East,Bhubaneswar,4,1190.0,0.15,590.0,Net Banking
ORD-15144,2025-01-21,CUST-1080,Amit Kumar 80,Office Supplies,Paper,A4 Multipurpose Copy Paper (Pack of 5),West,Ahmedabad,1,1200.0,0.0,500.0,Credit Card
ORD-15145,2024-09-13,CUST-1231,Siddharth Jain 231,Apparel,Corporate Wear,Cotton Formal Shirt,North,Noida,1,1350.0,0.1,600.0,Credit Card
ORD-15146,2025-01-01,CUST-1198,Aarti Kapoor 198,Technology,Phones,Smartphone Pro Max,North,Delhi,1,22500.0,0.5,-13500.0,Credit Card
ORD-15147,2025-08-10,CUST-1081,Priya Patel 81,Office Supplies,Paper,A4 Multipurpose Copy Paper (Pack of 5),South,Chennai,3,2160.0,0.4,60.0,Cash on Delivery
ORD-15148,2024-05-18,CUST-1050,Suresh Nair 50,Furniture,Chairs,Mesh Executive Chair,South,Bangalore,1,12000.0,0.0,2500.0,Debit Card
ORD-15149,2025-11-01,CUST-1087,Alok Deshmukh 87,Technology,Accessories,Wireless Mouse,East,Kolkata,1,720.0,0.1,320.0,UPI
ORD-15150,2025-03-18,CUST-1036,Karan Joshi 36,Office Supplies,Storage,Heavy Duty Arch File Box,North,Chandigarh,1,650.0,0.0,300.0,Debit Card
ORD-15151,2025-10-09,CUST-1192,Abhishek Saxena 192,Furniture,Tables,Wooden Conference Table,West,Surat,1,25000.0,0.0,4000.0,Net Banking
ORD-15152,2024-10-19,CUST-1063,Divya Agarwal 63,Furniture,Tables,Adjustable Standing Desk,South,Kochi,2,18000.0,0.5,-10000.0,Net Banking
ORD-15153,2024-09-12,CUST-1014,Siddharth Jain,Technology,Monitors,27-inch 4K Monitor,Central,Indore,1,11000.0,0.5,-6000.0,Debit Card
ORD-15154,2025-05-04,CUST-1236,Rahul Sharma 236,Technology,Monitors,27-inch 4K Monitor,West,Pune,2,44000.0,0.0,10000.0,Credit Card
ORD-15155,2025-01-04,CUST-1130,Preeti Pandey 130,Furniture,Chairs,Ergonomic Office Chair,East,Guwahati,3,25500.0,0.0,7500.0,Debit Card
ORD-15156,2025-07-13,CUST-1047,Vikas Singh 47,Apparel,Corporate Wear,Tailored Blazer,West,Mumbai,2,4800.0,0.5,-400.0,Debit Card
ORD-15157,2025-09-09,CUST-1092,Karan Joshi 92,Technology,Accessories,USB-C Multi-Port Hub,East,Patna,2,3600.0,0.0,1800.0,Cash on Delivery
ORD-15158,2024-11-22,CUST-1076,Deepak Rao 76,Furniture,Tables,Wooden Conference Table,East,Patna,3,75000.0,0.0,12000.0,Credit Card
ORD-15159,2025-08-21,CUST-1002,Ananya Roy,Technology,Accessories,Wireless Mouse,West,Mumbai,5,4000.0,0.0,2000.0,Debit Card
ORD-15160,2024-06-08,CUST-1225,Aditya Bose 225,Apparel,Corporate Wear,Cotton Formal Shirt,East,Guwahati,2,2550.0,0.15,1050.0,Debit Card
ORD-15161,2025-05-20,CUST-1228,Deepak Rao 228,Technology,Accessories,Wireless Mouse,North,Noida,2,1120.0,0.3,320.0,Cash on Delivery
ORD-15162,2025-10-04,CUST-1229,Aarti Kapoor 229,Furniture,Tables,Wooden Conference Table,East,Guwahati,5,62500.0,0.5,-42500.0,Credit Card
ORD-15163,2025-03-09,CUST-1126,Aarti Kapoor 126,Technology,Phones,Bluetooth Wireless Earbuds,West,Mumbai,3,4500.0,0.4,900.0,UPI
ORD-15164,2024-02-28,CUST-1205,Manish Malhotra 205,Furniture,Tables,Wooden Conference Table,North,Chandigarh,2,50000.0,0.0,8000.0,Net Banking
ORD-15165,2024-09-04,CUST-1070,Pooja Verma 70,Office Supplies,Storage,Heavy Duty Arch File Box,North,Lucknow,1,650.0,0.0,300.0,Credit Card
ORD-15166,2025-12-16,CUST-1151,Vikas Singh 151,Technology,Phones,Bluetooth Wireless Earbuds,North,Chandigarh,4,8500.0,0.15,3700.0,Net Banking
ORD-15167,2024-11-27,CUST-1125,Preeti Pandey 125,Office Supplies,Paper,A4 Multipurpose Copy Paper (Pack of 5),West,Pune,3,3420.0,0.05,1320.0,Credit Card
ORD-15168,2025-07-29,CUST-1194,Ananya Roy 194,Office Supplies,Paper,Premium Hardbound Notebook,East,Patna,4,1530.0,0.15,810.0,UPI
ORD-15169,2025-03-09,CUST-1233,Bhavna Shah 233,Office Supplies,Paper,Premium Hardbound Notebook,Central,Nagpur,1,382.5,0.15,202.5,Net Banking
ORD-15170,2024-04-22,CUST-1178,Gaurav Tiwari 178,Furniture,Bookcases,5-Tier Wooden Bookshelf,West,Surat,2,13000.0,0.0,2600.0,Net Banking
ORD-15171,2025-02-28,CUST-1144,Shweta Mishra 144,Apparel,Footwear,Leather Oxford Shoes,West,Mumbai,2,5120.0,0.2,1720.0,Credit Card
ORD-15172,2025-02-01,CUST-1065,Ananya Roy 65,Office Supplies,Storage,Heavy Duty Arch File Box,North,Jaipur,2,1105.0,0.15,405.0,Debit Card
ORD-15173,2024-05-02,CUST-1179,Abhishek Saxena 179,Office Supplies,Storage,Heavy Duty Arch File Box,North,Delhi,1,325.0,0.5,-25.0,Debit Card
ORD-15174,2025-03-01,CUST-1049,Aarti Kapoor 49,Technology,Monitors,27-inch 4K Monitor,South,Hyderabad,4,88000.0,0.0,20000.0,Cash on Delivery
ORD-15175,2024-06-01,CUST-1096,Deepak Rao 96,Office Supplies,Paper,Premium Hardbound Notebook,Central,Indore,1,450.0,0.0,270.0,UPI
ORD-15176,2024-05-28,CUST-1165,Deepak Rao 165,Office Supplies,Storage,Heavy Duty Arch File Box,Central,Indore,3,1755.0,0.1,705.0,Cash on Delivery
ORD-15177,2025-12-17,CUST-1149,Shweta Mishra 149,Office Supplies,Binders,Heavy-Duty Ring Binder,Central,Indore,2,280.0,0.5,40.0,Cash on Delivery
ORD-15178,2025-10-04,CUST-1105,Abhishek Saxena 105,Furniture,Chairs,Ergonomic Office Chair,North,Noida,1,8075.0,0.05,2075.0,UPI
ORD-15179,2024-12-02,CUST-1067,Kavita Das 67,Furniture,Chairs,Ergonomic Office Chair,East,Bhubaneswar,1,7225.0,0.15,1225.0,Cash on Delivery
ORD-15180,2024-03-21,CUST-1109,Shweta Mishra 109,Furniture,Tables,Adjustable Standing Desk,South,Chennai,1,18000.0,0.0,4000.0,Credit Card
ORD-15181,2025-05-09,CUST-1073,Aditya Bose 73,Office Supplies,Paper,Premium Hardbound Notebook,Central,Nagpur,3,1350.0,0.0,810.0,Net Banking
ORD-15182,2025-02-03,CUST-1053,Kavita Das 53,Technology,Phones,Smartphone Pro Max,Central,Bhopal,2,54000.0,0.4,-18000.0,Net Banking
ORD-15183,2024-09-06,CUST-1120,Nisha Bhat 120,Technology,Accessories,Wireless Mouse,Central,Indore,2,1520.0,0.05,720.0,Net Banking
ORD-15184,2024-01-05,CUST-1108,Aditya Bose 108,Technology,Phones,Bluetooth Wireless Earbuds,South,Chennai,1,2375.0,0.05,1175.0,Debit Card
ORD-15185,2025-03-03,CUST-1121,Siddharth Jain 121,Furniture,Chairs,Ergonomic Office Chair,West,Surat,2,13600.0,0.2,1600.0,Cash on Delivery
ORD-15186,2024-12-17,CUST-1080,Amit Kumar 80,Technology,Accessories,USB-C Multi-Port Hub,North,Jaipur,4,7200.0,0.0,3600.0,Credit Card
ORD-15187,2024-06-12,CUST-1121,Siddharth Jain 121,Furniture,Chairs,Ergonomic Office Chair,North,Lucknow,3,22950.0,0.1,4950.0,Cash on Delivery
ORD-15188,2024-06-27,CUST-1182,Amit Kumar 182,Office Supplies,Art,Highlighter & Marker Set,West,Surat,1,297.5,0.15,147.5,Credit Card
ORD-15189,2025-11-30,CUST-1202,Suresh Nair 202,Furniture,Bookcases,5-Tier Wooden Bookshelf,East,Kolkata,1,3900.0,0.4,-1300.0,Credit Card
ORD-15190,2024-01-14,CUST-1248,Neha Gupta 248,Furniture,Chairs,Mesh Executive Chair,Central,Bhopal,2,19200.0,0.2,200.0,Cash on Delivery
ORD-15191,2024-12-03,CUST-1106,Shweta Mishra 106,Technology,Phones,Bluetooth Wireless Earbuds,North,Noida,1,2500.0,0.0,1300.0,UPI
ORD-15192,2024-04-06,CUST-1168,Meera Sen 168,Technology,Monitors,27-inch 4K Monitor,Central,Bhopal,2,22000.0,0.5,-12000.0,UPI
ORD-15193,2024-08-02,CUST-1164,Kavita Das 164,Office Supplies,Paper,Premium Hardbound Notebook,East,Guwahati,1,360.0,0.2,180.0,Cash on Delivery
ORD-15194,2024-11-07,CUST-1130,Preeti Pandey 130,Technology,Accessories,USB-C Multi-Port Hub,South,Chennai,1,1530.0,0.15,630.0,Cash on Delivery
ORD-15195,2025-06-11,CUST-1072,Shweta Mishra 72,Furniture,Bookcases,5-Tier Wooden Bookshelf,North,Lucknow,1,4550.0,0.3,-650.0,Cash on Delivery
ORD-15196,2024-02-20,CUST-1184,Kavita Das 184,Technology,Monitors,27-inch 4K Monitor,Central,Indore,8,176000.0,0.0,40000.0,Credit Card
ORD-15197,2025-05-17,CUST-1093,Divya Agarwal 93,Furniture,Chairs,Ergonomic Office Chair,West,Pune,2,17000.0,0.0,5000.0,Credit Card
ORD-15198,2024-06-08,CUST-1182,Amit Kumar 182,Furniture,Tables,Adjustable Standing Desk,West,Pune,3,37800.0,0.3,-4200.0,Debit Card
ORD-15199,2025-02-28,CUST-1116,Kavita Das 116,Technology,Phones,Smartphone Pro Max,Central,Nagpur,1,42750.0,0.05,6750.0,UPI
ORD-15200,2025-01-13,CUST-1104,Bhavna Shah 104,Apparel,Corporate Wear,Cotton Formal Shirt,East,Kolkata,2,3000.0,0.0,1500.0,Credit Card
ORD-15201,2025-12-18,CUST-1102,Karan Joshi 102,Furniture,Bookcases,5-Tier Wooden Bookshelf,South,Hyderabad,3,9750.0,0.5,-5850.0,Debit Card
ORD-15202,2025-07-08,CUST-1155,Ravi Pillai 155,Technology,Accessories,USB-C Multi-Port Hub,Central,Indore,1,900.0,0.5,0.0,Cash on Delivery
ORD-15203,2024-08-31,CUST-1130,Preeti Pandey 130,Apparel,Corporate Wear,Cotton Formal Shirt,South,Bangalore,4,6000.0,0.0,3000.0,Debit Card
ORD-15204,2024-05-03,CUST-1071,Preeti Pandey 71,Apparel,Footwear,Leather Oxford Shoes,East,Guwahati,2,5760.0,0.1,2360.0,Cash on Delivery
ORD-15205,2024-04-01,CUST-1063,Divya Agarwal 63,Office Supplies,Paper,Premium Hardbound Notebook,North,Chandigarh,4,1260.0,0.3,540.0,Net Banking
ORD-15206,2024-10-05,CUST-1181,Aditya Bose 181,Office Supplies,Paper,Premium Hardbound Notebook,North,Noida,2,810.0,0.1,450.0,Cash on Delivery
ORD-15207,2025-11-13,CUST-1228,Deepak Rao 228,Technology,Phones,Bluetooth Wireless Earbuds,Central,Indore,2,4500.0,0.1,2100.0,Cash on Delivery
ORD-15208,2024-12-27,CUST-1066,Bhavna Shah 66,Furniture,Bookcases,5-Tier Wooden Bookshelf,East,Guwahati,3,15600.0,0.2,0.0,Net Banking
ORD-15209,2024-03-19,CUST-1185,Aditya Bose 185,Furniture,Chairs,Mesh Executive Chair,Central,Nagpur,3,30600.0,0.15,2100.0,Debit Card
ORD-15210,2024-01-17,CUST-1199,Karan Joshi 199,Technology,Accessories,Mechanical Keyboard,Central,Bhopal,2,3500.0,0.5,-500.0,Debit Card
ORD-15211,2025-02-13,CUST-1191,Rahul Sharma 191,Office Supplies,Art,Highlighter & Marker Set,Central,Bhopal,1,332.5,0.05,182.5,Cash on Delivery
ORD-15212,2025-12-14,CUST-1190,Alok Deshmukh 190,Office Supplies,Paper,A4 Multipurpose Copy Paper (Pack of 5),Central,Bhopal,1,1200.0,0.0,500.0,UPI
ORD-15213,2025-08-16,CUST-1200,Aarti Kapoor 200,Furniture,Tables,Wooden Conference Table,North,Lucknow,2,50000.0,0.0,8000.0,Net Banking
ORD-15214,2025-01-27,CUST-1028,Nisha Bhat,Apparel,Corporate Wear,Tailored Blazer,West,Pune,1,2880.0,0.4,280.0,Net Banking
ORD-15215,2025-07-01,CUST-1011,Abhishek Saxena,Office Supplies,Art,Highlighter & Marker Set,South,Bangalore,2,700.0,0.0,400.0,Credit Card
ORD-15216,2025-10-11,CUST-1141,Nisha Bhat 141,Apparel,Corporate Wear,Tailored Blazer,North,Delhi,1,2400.0,0.5,-200.0,Cash on Delivery
ORD-15217,2025-03-13,CUST-1102,Karan Joshi 102,Office Supplies,Binders,Heavy-Duty Ring Binder,East,Bhubaneswar,1,280.0,0.0,160.0,Credit Card
ORD-15218,2025-10-24,CUST-1076,Deepak Rao 76,Furniture,Tables,Adjustable Standing Desk,Central,Bhopal,8,115200.0,0.2,3200.0,Debit Card
ORD-15219,2025-03-06,CUST-1124,Suresh Nair 124,Technology,Accessories,Wireless Mouse,East,Kolkata,2,1600.0,0.0,800.0,Debit Card
ORD-15220,2025-02-19,CUST-1169,Rajesh Iyer 169,Furniture,Bookcases,5-Tier Wooden Bookshelf,East,Patna,3,18525.0,0.05,2925.0,Cash on Delivery
ORD-15221,2025-02-21,CUST-1126,Aarti Kapoor 126,Office Supplies,Binders,Heavy-Duty Ring Binder,North,Jaipur,1,196.0,0.3,76.0,Credit Card
ORD-15222,2025-09-07,CUST-1063,Divya Agarwal 63,Technology,Accessories,USB-C Multi-Port Hub,East,Patna,3,5400.0,0.0,2700.0,Cash on Delivery
ORD-15223,2024-11-18,CUST-1168,Meera Sen 168,Apparel,Corporate Wear,Tailored Blazer,East,Bhubaneswar,3,14400.0,0.0,6600.0,Debit Card
ORD-15224,2025-06-13,CUST-1248,Neha Gupta 248,Apparel,Corporate Wear,Cotton Formal Shirt,East,Kolkata,1,1500.0,0.0,750.0,Debit Card
ORD-15225,2024-08-05,CUST-1025,Rahul Sharma,Technology,Phones,Bluetooth Wireless Earbuds,Central,Bhopal,1,2000.0,0.2,800.0,Credit Card
ORD-15226,2024-11-25,CUST-1131,Priya Patel 131,Technology,Accessories,Mechanical Keyboard,North,Noida,1,3500.0,0.0,1500.0,Debit Card
ORD-15227,2024-01-15,CUST-1218,Ananya Roy 218,Technology,Accessories,USB-C Multi-Port Hub,West,Surat,1,1530.0,0.15,630.0,Cash on Delivery
ORD-15228,2025-04-23,CUST-1197,Siddharth Jain 197,Technology,Accessories,Wireless Mouse,North,Delhi,1,400.0,0.5,0.0,UPI
ORD-15229,2024-02-05,CUST-1116,Kavita Das 116,Furniture,Chairs,Ergonomic Office Chair,Central,Nagpur,5,38250.0,0.1,8250.0,Net Banking
ORD-15230,2025-03-27,CUST-1235,Bhavna Shah 235,Furniture,Chairs,Mesh Executive Chair,West,Surat,1,9600.0,0.2,100.0,Cash on Delivery
ORD-15231,2024-08-25,CUST-1210,Tarun Choudhury 210,Apparel,Footwear,Leather Oxford Shoes,North,Noida,2,6400.0,0.0,3000.0,Credit Card
ORD-15232,2024-04-19,CUST-1148,Bhavna Shah 148,Apparel,Corporate Wear,Cotton Formal Shirt,West,Surat,2,1800.0,0.4,300.0,Credit Card
ORD-15233,2024-05-26,CUST-1028,Nisha Bhat,Furniture,Chairs,Ergonomic Office Chair,North,Jaipur,1,5100.0,0.4,-900.0,Debit Card
ORD-15234,2025-11-01,CUST-1045,Suresh Nair 45,Office Supplies,Paper,A4 Multipurpose Copy Paper (Pack of 5),North,Delhi,1,600.0,0.5,-100.0,UPI
ORD-15235,2024-07-20,CUST-1194,Ananya Roy 194,Office Supplies,Paper,A4 Multipurpose Copy Paper (Pack of 5),Central,Indore,4,4800.0,0.0,2000.0,Cash on Delivery
ORD-15236,2024-12-10,CUST-1017,Manish Malhotra,Technology,Monitors,27-inch 4K Monitor,West,Surat,2,22000.0,0.5,-12000.0,UPI
ORD-15237,2025-10-08,CUST-1143,Rohan Mehta 143,Apparel,Corporate Wear,Tailored Blazer,East,Guwahati,8,30720.0,0.2,9920.0,Net Banking
ORD-15238,2024-02-07,CUST-1162,Tarun Choudhury 162,Office Supplies,Paper,Premium Hardbound Notebook,South,Hyderabad,4,1800.0,0.0,1080.0,Credit Card
ORD-15239,2024-10-19,CUST-1157,Siddharth Jain 157,Office Supplies,Binders,Heavy-Duty Ring Binder,Central,Bhopal,2,504.0,0.1,264.0,Debit Card
ORD-15240,2025-11-16,CUST-1050,Suresh Nair 50,Technology,Accessories,Wireless Mouse,Central,Bhopal,2,1280.0,0.2,480.0,Credit Card
ORD-15241,2024-06-13,CUST-1177,Sneha Reddy 177,Apparel,Footwear,Leather Oxford Shoes,South,Kochi,3,9600.0,0.0,4500.0,Net Banking
ORD-15242,2025-01-26,CUST-1063,Divya Agarwal 63,Apparel,Corporate Wear,Cotton Formal Shirt,South,Bangalore,2,2550.0,0.15,1050.0,Debit Card
ORD-15243,2025-07-26,CUST-1021,Rohan Mehta,Apparel,Corporate Wear,Tailored Blazer,West,Mumbai,1,4800.0,0.0,2200.0,UPI
ORD-15244,2025-04-26,CUST-1131,Priya Patel 131,Office Supplies,Storage,Heavy Duty Arch File Box,North,Jaipur,1,455.0,0.3,105.0,Net Banking
ORD-15245,2025-04-08,CUST-1127,Aarti Kapoor 127,Technology,Accessories,USB-C Multi-Port Hub,Central,Bhopal,8,8640.0,0.4,1440.0,Cash on Delivery
ORD-15246,2025-09-13,CUST-1035,Swati Kulkarni 35,Technology,Accessories,Mechanical Keyboard,South,Bangalore,4,8400.0,0.4,400.0,Net Banking
ORD-15247,2024-11-23,CUST-1070,Pooja Verma 70,Technology,Accessories,Mechanical Keyboard,West,Pune,1,3500.0,0.0,1500.0,Credit Card
ORD-15248,2025-03-03,CUST-1004,Ravi Pillai,Office Supplies,Paper,Premium Hardbound Notebook,East,Guwahati,2,900.0,0.0,540.0,Cash on Delivery
ORD-15249,2025-12-16,CUST-1170,Amit Kumar 170,Technology,Monitors,27-inch 4K Monitor,East,Patna,1,15400.0,0.3,-1600.0,UPI
ORD-15250,2024-07-12,CUST-1237,Aditya Bose 237,Office Supplies,Paper,Premium Hardbound Notebook,West,Surat,2,810.0,0.1,450.0,Debit Card
ORD-15251,2024-04-07,CUST-1178,Gaurav Tiwari 178,Furniture,Tables,Wooden Conference Table,West,Pune,2,50000.0,0.0,8000.0,Debit Card
ORD-15252,2025-03-30,CUST-1185,Aditya Bose 185,Furniture,Tables,Wooden Conference Table,West,Pune,8,170000.0,0.15,2000.0,Credit Card
ORD-15253,2025-03-05,CUST-1168,Meera Sen 168,Apparel,Footwear,Leather Oxford Shoes,North,Delhi,3,8160.0,0.15,3060.0,UPI
ORD-15254,2024-04-15,CUST-1210,Tarun Choudhury 210,Technology,Phones,Smartphone Pro Max,West,Surat,2,85500.0,0.05,13500.0,Credit Card
ORD-15255,2025-07-10,CUST-1222,Preeti Pandey 222,Office Supplies,Paper,A4 Multipurpose Copy Paper (Pack of 5),North,Jaipur,2,2160.0,0.1,760.0,Net Banking
ORD-15256,2025-05-21,CUST-1010,Ananya Roy,Office Supplies,Paper,A4 Multipurpose Copy Paper (Pack of 5),North,Chandigarh,3,2160.0,0.4,60.0,UPI
ORD-15257,2025-09-15,CUST-1140,Tarun Choudhury 140,Furniture,Chairs,Ergonomic Office Chair,Central,Nagpur,1,8500.0,0.0,2500.0,Cash on Delivery
ORD-15258,2024-08-16,CUST-1067,Kavita Das 67,Office Supplies,Storage,Heavy Duty Arch File Box,West,Mumbai,1,455.0,0.3,105.0,Debit Card
ORD-15259,2025-06-05,CUST-1244,Tarun Choudhury 244,Office Supplies,Storage,Heavy Duty Arch File Box,North,Lucknow,4,2340.0,0.1,940.0,Debit Card
ORD-15260,2025-01-20,CUST-1052,Amit Kumar 52,Furniture,Chairs,Mesh Executive Chair,South,Chennai,1,6000.0,0.5,-3500.0,Debit Card
ORD-15261,2024-05-21,CUST-1072,Shweta Mishra 72,Furniture,Bookcases,5-Tier Wooden Bookshelf,East,Kolkata,1,5525.0,0.15,325.0,Debit Card
ORD-15262,2025-04-26,CUST-1219,Alok Deshmukh 219,Apparel,Corporate Wear,Cotton Formal Shirt,South,Kochi,1,900.0,0.4,150.0,UPI
ORD-15263,2025-10-09,CUST-1174,Ananya Roy 174,Technology,Phones,Bluetooth Wireless Earbuds,East,Kolkata,1,1500.0,0.4,300.0,Net Banking
ORD-15264,2024-06-13,CUST-1184,Kavita Das 184,Apparel,Corporate Wear,Cotton Formal Shirt,East,Guwahati,5,6750.0,0.1,3000.0,Net Banking
ORD-15265,2025-03-03,CUST-1186,Divya Agarwal 186,Technology,Monitors,27-inch 4K Monitor,South,Kochi,1,13200.0,0.4,-3800.0,Debit Card
ORD-15266,2025-10-29,CUST-1121,Siddharth Jain 121,Apparel,Corporate Wear,Tailored Blazer,East,Bhubaneswar,1,4800.0,0.0,2200.0,Cash on Delivery
ORD-15267,2024-07-12,CUST-1236,Rahul Sharma 236,Technology,Phones,Smartphone Pro Max,Central,Bhopal,1,22500.0,0.5,-13500.0,Debit Card
ORD-15268,2024-04-02,CUST-1198,Aarti Kapoor 198,Technology,Monitors,27-inch 4K Monitor,South,Chennai,2,44000.0,0.0,10000.0,Net Banking
ORD-15269,2024-07-08,CUST-1090,Ananya Roy 90,Furniture,Chairs,Mesh Executive Chair,Central,Indore,4,48000.0,0.0,10000.0,Cash on Delivery
ORD-15270,2025-01-04,CUST-1071,Preeti Pandey 71,Furniture,Bookcases,5-Tier Wooden Bookshelf,West,Ahmedabad,1,3900.0,0.4,-1300.0,Cash on Delivery
ORD-15271,2024-06-17,CUST-1082,Abhishek Saxena 82,Apparel,Corporate Wear,Tailored Blazer,Central,Bhopal,1,4800.0,0.0,2200.0,UPI
ORD-15272,2024-08-25,CUST-1089,Alok Deshmukh 89,Office Supplies,Paper,Premium Hardbound Notebook,South,Bangalore,1,450.0,0.0,270.0,Cash on Delivery
ORD-15273,2024-06-03,CUST-1111,Siddharth Jain 111,Office Supplies,Binders,Heavy-Duty Ring Binder,South,Hyderabad,2,280.0,0.5,40.0,UPI
ORD-15274,2024-11-11,CUST-1149,Shweta Mishra 149,Apparel,Corporate Wear,Tailored Blazer,East,Patna,1,3840.0,0.2,1240.0,Cash on Delivery
ORD-15275,2025-08-21,CUST-1183,Kavita Das 183,Office Supplies,Storage,Heavy Duty Arch File Box,South,Bangalore,1,552.5,0.15,202.5,UPI
ORD-15276,2025-06-21,CUST-1107,Amit Kumar 107,Technology,Monitors,27-inch 4K Monitor,Central,Indore,4,74800.0,0.15,6800.0,Net Banking
ORD-15277,2024-10-26,CUST-1054,Ananya Roy 54,Furniture,Tables,Wooden Conference Table,East,Guwahati,1,15000.0,0.4,-6000.0,Cash on Delivery
ORD-15278,2024-06-28,CUST-1054,Ananya Roy 54,Technology,Accessories,Wireless Mouse,Central,Bhopal,4,1920.0,0.4,320.0,Net Banking
ORD-15279,2024-06-30,CUST-1134,Kavita Das 134,Furniture,Tables,Wooden Conference Table,East,Guwahati,5,118750.0,0.05,13750.0,Net Banking
ORD-15280,2024-08-02,CUST-1020,Amit Kumar,Office Supplies,Paper,Premium Hardbound Notebook,South,Chennai,1,270.0,0.4,90.0,Debit Card
ORD-15281,2025-01-31,CUST-1011,Abhishek Saxena,Technology,Phones,Smartphone Pro Max,East,Bhubaneswar,3,135000.0,0.0,27000.0,Cash on Delivery
ORD-15282,2024-01-15,CUST-1061,Priya Patel 61,Furniture,Chairs,Ergonomic Office Chair,East,Patna,2,10200.0,0.4,-1800.0,Debit Card
ORD-15283,2025-11-14,CUST-1147,Tarun Choudhury 147,Technology,Accessories,USB-C Multi-Port Hub,North,Chandigarh,3,5130.0,0.05,2430.0,Debit Card
ORD-15284,2025-10-29,CUST-1220,Shweta Mishra 220,Technology,Accessories,Mechanical Keyboard,South,Bangalore,1,3500.0,0.0,1500.0,Net Banking
ORD-15285,2025-02-25,CUST-1061,Priya Patel 61,Office Supplies,Paper,Premium Hardbound Notebook,East,Bhubaneswar,8,3600.0,0.0,2160.0,Cash on Delivery
ORD-15286,2024-10-07,CUST-1082,Abhishek Saxena 82,Furniture,Tables,Wooden Conference Table,North,Jaipur,3,45000.0,0.4,-18000.0,Debit Card
ORD-15287,2025-04-09,CUST-1158,Karan Joshi 158,Office Supplies,Paper,Premium Hardbound Notebook,South,Chennai,4,1530.0,0.15,810.0,UPI
ORD-15288,2024-04-16,CUST-1163,Swati Kulkarni 163,Technology,Accessories,Wireless Mouse,Central,Indore,2,1600.0,0.0,800.0,UPI
ORD-15289,2025-01-26,CUST-1188,Karan Joshi 188,Office Supplies,Storage,Heavy Duty Arch File Box,North,Delhi,1,520.0,0.2,170.0,UPI
ORD-15290,2024-10-30,CUST-1005,Karan Joshi,Technology,Phones,Smartphone Pro Max,East,Patna,2,76500.0,0.15,4500.0,Credit Card
ORD-15291,2025-06-07,CUST-1213,Meera Sen 213,Technology,Phones,Smartphone Pro Max,East,Bhubaneswar,4,162000.0,0.1,18000.0,UPI
ORD-15292,2024-01-25,CUST-1107,Amit Kumar 107,Office Supplies,Paper,Premium Hardbound Notebook,East,Patna,1,315.0,0.3,135.0,Credit Card
ORD-15293,2024-05-31,CUST-1233,Bhavna Shah 233,Technology,Accessories,USB-C Multi-Port Hub,East,Patna,1,1800.0,0.0,900.0,Debit Card
ORD-15294,2024-06-05,CUST-1230,Sneha Reddy 230,Furniture,Chairs,Ergonomic Office Chair,Central,Nagpur,1,7650.0,0.1,1650.0,Debit Card
ORD-15295,2024-01-15,CUST-1118,Bhavna Shah 118,Technology,Accessories,USB-C Multi-Port Hub,North,Delhi,2,3600.0,0.0,1800.0,Cash on Delivery
ORD-15296,2025-06-12,CUST-1096,Deepak Rao 96,Technology,Accessories,Wireless Mouse,South,Chennai,2,1600.0,0.0,800.0,Debit Card
ORD-15297,2025-10-16,CUST-1008,Vikas Singh,Office Supplies,Storage,Heavy Duty Arch File Box,East,Guwahati,1,390.0,0.4,40.0,Debit Card
ORD-15298,2024-08-27,CUST-1239,Rajesh Iyer 239,Furniture,Chairs,Mesh Executive Chair,South,Bangalore,2,24000.0,0.0,5000.0,Debit Card
ORD-15299,2025-04-11,CUST-1148,Bhavna Shah 148,Furniture,Bookcases,5-Tier Wooden Bookshelf,West,Ahmedabad,3,19500.0,0.0,3900.0,Credit Card
ORD-15300,2025-07-30,CUST-1236,Rahul Sharma 236,Apparel,Corporate Wear,Tailored Blazer,South,Hyderabad,3,7200.0,0.5,-600.0,Credit Card
ORD-15301,2024-06-09,CUST-1002,Ananya Roy,Technology,Monitors,27-inch 4K Monitor,Central,Nagpur,4,88000.0,0.0,20000.0,Debit Card
ORD-15302,2025-12-19,CUST-1221,Pooja Verma 221,Office Supplies,Paper,A4 Multipurpose Copy Paper (Pack of 5),South,Bangalore,3,2880.0,0.2,780.0,Cash on Delivery
ORD-15303,2024-01-04,CUST-1031,Siddharth Jain 31,Technology,Monitors,27-inch 4K Monitor,East,Guwahati,1,22000.0,0.0,5000.0,Debit Card
ORD-15304,2024-02-28,CUST-1123,Abhishek Saxena 123,Furniture,Chairs,Mesh Executive Chair,South,Hyderabad,3,18000.0,0.5,-10500.0,UPI
ORD-15305,2024-08-25,CUST-1228,Deepak Rao 228,Furniture,Tables,Wooden Conference Table,South,Bangalore,1,25000.0,0.0,4000.0,Debit Card
ORD-15306,2024-02-16,CUST-1190,Alok Deshmukh 190,Technology,Monitors,27-inch 4K Monitor,East,Patna,2,44000.0,0.0,10000.0,Credit Card
ORD-15307,2025-07-28,CUST-1059,Karan Joshi 59,Apparel,Corporate Wear,Cotton Formal Shirt,West,Ahmedabad,1,1425.0,0.05,675.0,Net Banking
ORD-15308,2025-10-19,CUST-1066,Bhavna Shah 66,Furniture,Chairs,Ergonomic Office Chair,Central,Nagpur,2,17000.0,0.0,5000.0,Cash on Delivery
ORD-15309,2024-12-30,CUST-1005,Karan Joshi,Furniture,Chairs,Ergonomic Office Chair,South,Bangalore,2,15300.0,0.1,3300.0,UPI
ORD-15310,2024-10-21,CUST-1168,Meera Sen 168,Furniture,Chairs,Mesh Executive Chair,South,Bangalore,2,24000.0,0.0,5000.0,Debit Card
ORD-15311,2024-02-28,CUST-1194,Ananya Roy 194,Furniture,Tables,Adjustable Standing Desk,Central,Indore,2,30600.0,0.15,2600.0,Cash on Delivery
ORD-15312,2024-01-29,CUST-1215,Sneha Reddy 215,Furniture,Bookcases,5-Tier Wooden Bookshelf,North,Noida,1,6175.0,0.05,975.0,Net Banking
ORD-15313,2025-05-14,CUST-1044,Manish Malhotra 44,Technology,Phones,Smartphone Pro Max,North,Noida,1,40500.0,0.1,4500.0,Debit Card
ORD-15314,2024-09-20,CUST-1121,Siddharth Jain 121,Apparel,Footwear,Leather Oxford Shoes,South,Bangalore,2,4480.0,0.3,1080.0,UPI
ORD-15315,2025-05-11,CUST-1241,Ananya Roy 241,Furniture,Tables,Adjustable Standing Desk,North,Delhi,1,16200.0,0.1,2200.0,Debit Card
ORD-15316,2025-02-07,CUST-1136,Amit Kumar 136,Apparel,Corporate Wear,Cotton Formal Shirt,West,Surat,1,1050.0,0.3,300.0,Credit Card
ORD-15317,2025-05-05,CUST-1076,Deepak Rao 76,Furniture,Tables,Adjustable Standing Desk,Central,Indore,1,18000.0,0.0,4000.0,Net Banking
ORD-15318,2024-05-18,CUST-1057,Deepak Rao 57,Office Supplies,Paper,Premium Hardbound Notebook,East,Kolkata,3,945.0,0.3,405.0,Debit Card
ORD-15319,2024-04-16,CUST-1038,Alok Deshmukh 38,Technology,Accessories,Wireless Mouse,Central,Bhopal,2,1520.0,0.05,720.0,Net Banking
ORD-15320,2025-06-13,CUST-1153,Vikas Singh 153,Furniture,Chairs,Ergonomic Office Chair,Central,Nagpur,1,8500.0,0.0,2500.0,Cash on Delivery
ORD-15321,2025-11-25,CUST-1161,Manish Malhotra 161,Furniture,Tables,Wooden Conference Table,North,Jaipur,1,23750.0,0.05,2750.0,Debit Card
ORD-15322,2024-04-29,CUST-1103,Nisha Bhat 103,Technology,Accessories,Wireless Mouse,South,Kochi,2,1360.0,0.15,560.0,Net Banking
ORD-15323,2025-03-27,CUST-1096,Deepak Rao 96,Technology,Phones,Bluetooth Wireless Earbuds,East,Guwahati,2,3000.0,0.4,600.0,UPI
ORD-15324,2024-08-10,CUST-1171,Aarti Kapoor 171,Technology,Phones,Smartphone Pro Max,East,Bhubaneswar,1,27000.0,0.4,-9000.0,UPI
ORD-15325,2025-04-15,CUST-1081,Priya Patel 81,Technology,Phones,Bluetooth Wireless Earbuds,West,Mumbai,1,2375.0,0.05,1175.0,Net Banking
ORD-15326,2025-01-29,CUST-1227,Vikas Singh 227,Furniture,Tables,Adjustable Standing Desk,South,Chennai,3,51300.0,0.05,9300.0,UPI
ORD-15327,2024-08-02,CUST-1245,Preeti Pandey 245,Office Supplies,Paper,A4 Multipurpose Copy Paper (Pack of 5),South,Hyderabad,1,960.0,0.2,260.0,UPI
ORD-15328,2025-06-18,CUST-1168,Meera Sen 168,Apparel,Corporate Wear,Tailored Blazer,West,Pune,1,2880.0,0.4,280.0,Net Banking
ORD-15329,2024-08-30,CUST-1075,Alok Deshmukh 75,Technology,Accessories,Wireless Mouse,North,Delhi,1,400.0,0.5,0.0,Net Banking
ORD-15330,2024-11-07,CUST-1085,Pooja Verma 85,Furniture,Tables,Adjustable Standing Desk,East,Bhubaneswar,2,25200.0,0.3,-2800.0,Net Banking
ORD-15331,2024-02-07,CUST-1071,Preeti Pandey 71,Apparel,Footwear,Leather Oxford Shoes,Central,Bhopal,2,5120.0,0.2,1720.0,Net Banking
ORD-15332,2025-06-30,CUST-1018,Priya Patel,Furniture,Tables,Wooden Conference Table,West,Surat,8,170000.0,0.15,2000.0,Cash on Delivery
ORD-15333,2025-05-05,CUST-1243,Deepak Rao 243,Office Supplies,Art,Highlighter & Marker Set,South,Kochi,1,350.0,0.0,200.0,Credit Card
ORD-15334,2025-11-16,CUST-1053,Kavita Das 53,Office Supplies,Paper,Premium Hardbound Notebook,Central,Nagpur,2,900.0,0.0,540.0,Cash on Delivery
ORD-15335,2024-01-21,CUST-1076,Deepak Rao 76,Technology,Phones,Smartphone Pro Max,East,Patna,1,40500.0,0.1,4500.0,Credit Card
ORD-15336,2024-02-02,CUST-1122,Neha Gupta 122,Technology,Monitors,27-inch 4K Monitor,North,Noida,2,26400.0,0.4,-7600.0,Net Banking
ORD-15337,2025-11-08,CUST-1018,Priya Patel,Office Supplies,Storage,Heavy Duty Arch File Box,Central,Nagpur,1,552.5,0.15,202.5,Cash on Delivery
ORD-15338,2025-04-18,CUST-1047,Vikas Singh 47,Furniture,Chairs,Mesh Executive Chair,East,Bhubaneswar,1,12000.0,0.0,2500.0,UPI
ORD-15339,2024-02-02,CUST-1068,Amit Kumar 68,Apparel,Corporate Wear,Tailored Blazer,West,Surat,10,38400.0,0.2,12400.0,Net Banking
ORD-15340,2024-04-23,CUST-1241,Ananya Roy 241,Technology,Phones,Bluetooth Wireless Earbuds,East,Patna,3,7500.0,0.0,3900.0,Cash on Delivery
ORD-15341,2024-03-09,CUST-1142,Suresh Nair 142,Technology,Phones,Bluetooth Wireless Earbuds,Central,Bhopal,1,1750.0,0.3,550.0,Cash on Delivery
ORD-15342,2025-09-30,CUST-1165,Deepak Rao 165,Apparel,Corporate Wear,Tailored Blazer,Central,Indore,4,19200.0,0.0,8800.0,Debit Card
ORD-15343,2025-08-14,CUST-1245,Preeti Pandey 245,Apparel,Footwear,Leather Oxford Shoes,North,Noida,4,12800.0,0.0,6000.0,Cash on Delivery
ORD-15344,2024-12-12,CUST-1174,Ananya Roy 174,Apparel,Corporate Wear,Tailored Blazer,West,Ahmedabad,1,4560.0,0.05,1960.0,UPI
ORD-15345,2025-12-24,CUST-1055,Deepak Rao 55,Office Supplies,Art,Highlighter & Marker Set,East,Bhubaneswar,1,297.5,0.15,147.5,Debit Card
ORD-15346,2025-08-02,CUST-1104,Bhavna Shah 104,Office Supplies,Binders,Heavy-Duty Ring Binder,North,Chandigarh,3,672.0,0.2,312.0,Cash on Delivery
ORD-15347,2024-09-18,CUST-1066,Bhavna Shah 66,Apparel,Corporate Wear,Tailored Blazer,North,Jaipur,3,14400.0,0.0,6600.0,UPI
ORD-15348,2024-03-01,CUST-1192,Abhishek Saxena 192,Furniture,Tables,Adjustable Standing Desk,North,Chandigarh,1,18000.0,0.0,4000.0,Credit Card
ORD-15349,2024-09-01,CUST-1199,Karan Joshi 199,Technology,Phones,Smartphone Pro Max,North,Chandigarh,1,45000.0,0.0,9000.0,Net Banking
ORD-15350,2025-09-13,CUST-1125,Preeti Pandey 125,Technology,Monitors,27-inch 4K Monitor,Central,Indore,2,44000.0,0.0,10000.0,Credit Card
ORD-15351,2025-07-29,CUST-1129,Neha Gupta 129,Furniture,Bookcases,5-Tier Wooden Bookshelf,West,Pune,2,12350.0,0.05,1950.0,Debit Card
ORD-15352,2024-09-21,CUST-1151,Vikas Singh 151,Office Supplies,Binders,Heavy-Duty Ring Binder,Central,Nagpur,2,476.0,0.15,236.0,UPI
ORD-15353,2025-10-19,CUST-1123,Abhishek Saxena 123,Furniture,Chairs,Ergonomic Office Chair,East,Guwahati,2,14450.0,0.15,2450.0,Debit Card
ORD-15354,2025-04-01,CUST-1188,Karan Joshi 188,Office Supplies,Paper,A4 Multipurpose Copy Paper (Pack of 5),Central,Indore,3,3420.0,0.05,1320.0,Net Banking
ORD-15355,2024-03-09,CUST-1234,Meera Sen 234,Technology,Accessories,Mechanical Keyboard,West,Pune,8,28000.0,0.0,12000.0,Debit Card
ORD-15356,2025-10-25,CUST-1015,Amit Kumar,Office Supplies,Storage,Heavy Duty Arch File Box,East,Guwahati,1,552.5,0.15,202.5,Credit Card
ORD-15357,2025-02-14,CUST-1001,Shweta Mishra,Technology,Phones,Smartphone Pro Max,East,Patna,4,180000.0,0.0,36000.0,Debit Card
ORD-15358,2024-03-03,CUST-1247,Pooja Verma 247,Technology,Monitors,27-inch 4K Monitor,West,Surat,5,110000.0,0.0,25000.0,UPI
ORD-15359,2024-10-14,CUST-1175,Vikas Singh 175,Office Supplies,Paper,Premium Hardbound Notebook,East,Guwahati,1,315.0,0.3,135.0,UPI
ORD-15360,2025-03-24,CUST-1029,Shweta Mishra,Technology,Phones,Bluetooth Wireless Earbuds,East,Guwahati,1,2000.0,0.2,800.0,Credit Card
ORD-15361,2024-11-06,CUST-1179,Abhishek Saxena 179,Office Supplies,Art,Highlighter & Marker Set,South,Bangalore,2,665.0,0.05,365.0,Cash on Delivery
ORD-15362,2025-07-14,CUST-1162,Tarun Choudhury 162,Technology,Phones,Smartphone Pro Max,East,Guwahati,2,90000.0,0.0,18000.0,Credit Card
ORD-15363,2025-03-24,CUST-1009,Ravi Pillai,Technology,Phones,Bluetooth Wireless Earbuds,West,Ahmedabad,1,2500.0,0.0,1300.0,Net Banking
ORD-15364,2025-10-17,CUST-1060,Gaurav Tiwari 60,Apparel,Footwear,Leather Oxford Shoes,North,Jaipur,2,5120.0,0.2,1720.0,Debit Card
ORD-15365,2025-05-09,CUST-1033,Neha Gupta 33,Furniture,Bookcases,5-Tier Wooden Bookshelf,East,Kolkata,3,15600.0,0.2,0.0,Net Banking
ORD-15366,2025-06-08,CUST-1041,Gaurav Tiwari 41,Technology,Accessories,Mechanical Keyboard,South,Kochi,2,5600.0,0.2,1600.0,UPI
ORD-15367,2024-11-23,CUST-1180,Manish Malhotra 180,Office Supplies,Paper,A4 Multipurpose Copy Paper (Pack of 5),North,Lucknow,1,1200.0,0.0,500.0,Credit Card
ORD-15368,2024-09-20,CUST-1008,Vikas Singh,Office Supplies,Binders,Heavy-Duty Ring Binder,South,Bangalore,4,1120.0,0.0,640.0,UPI
ORD-15369,2025-12-30,CUST-1113,Neha Gupta 113,Office Supplies,Storage,Heavy Duty Arch File Box,East,Patna,1,650.0,0.0,300.0,Debit Card
ORD-15370,2024-08-27,CUST-1189,Siddharth Jain 189,Technology,Monitors,27-inch 4K Monitor,West,Pune,2,44000.0,0.0,10000.0,Net Banking
ORD-15371,2025-08-01,CUST-1072,Shweta Mishra 72,Furniture,Chairs,Mesh Executive Chair,West,Pune,3,21600.0,0.4,-6900.0,Net Banking
ORD-15372,2024-03-16,CUST-1120,Nisha Bhat 120,Apparel,Corporate Wear,Tailored Blazer,North,Jaipur,2,9600.0,0.0,4400.0,Credit Card
ORD-15373,2025-06-15,CUST-1009,Ravi Pillai,Furniture,Bookcases,5-Tier Wooden Bookshelf,East,Bhubaneswar,1,6175.0,0.05,975.0,Net Banking
ORD-15374,2025-03-30,CUST-1220,Shweta Mishra 220,Apparel,Corporate Wear,Tailored Blazer,Central,Indore,1,4080.0,0.15,1480.0,Debit Card
ORD-15375,2024-05-16,CUST-1105,Abhishek Saxena 105,Technology,Phones,Smartphone Pro Max,West,Mumbai,1,45000.0,0.0,9000.0,Debit Card
ORD-15376,2025-11-12,CUST-1128,Priya Patel 128,Technology,Accessories,Wireless Mouse,West,Pune,2,1360.0,0.15,560.0,UPI
ORD-15377,2025-07-29,CUST-1103,Nisha Bhat 103,Apparel,Corporate Wear,Tailored Blazer,East,Patna,1,4800.0,0.0,2200.0,Credit Card
ORD-15378,2024-12-17,CUST-1151,Vikas Singh 151,Apparel,Footwear,Leather Oxford Shoes,Central,Nagpur,1,3200.0,0.0,1500.0,Debit Card
ORD-15379,2025-07-28,CUST-1102,Karan Joshi 102,Technology,Phones,Bluetooth Wireless Earbuds,East,Bhubaneswar,1,2500.0,0.0,1300.0,UPI
ORD-15380,2025-01-27,CUST-1166,Neha Gupta 166,Technology,Monitors,27-inch 4K Monitor,West,Ahmedabad,1,22000.0,0.0,5000.0,Net Banking
ORD-15381,2025-08-24,CUST-1224,Meera Sen 224,Office Supplies,Art,Highlighter & Marker Set,West,Mumbai,4,1330.0,0.05,730.0,Net Banking
ORD-15382,2025-06-17,CUST-1065,Ananya Roy 65,Apparel,Footwear,Leather Oxford Shoes,West,Pune,1,3200.0,0.0,1500.0,Net Banking
ORD-15383,2024-07-21,CUST-1069,Siddharth Jain 69,Furniture,Tables,Adjustable Standing Desk,West,Mumbai,2,18000.0,0.5,-10000.0,Net Banking
ORD-15384,2025-03-09,CUST-1177,Sneha Reddy 177,Technology,Monitors,27-inch 4K Monitor,North,Lucknow,5,88000.0,0.2,3000.0,UPI
ORD-15385,2025-02-10,CUST-1071,Preeti Pandey 71,Office Supplies,Paper,Premium Hardbound Notebook,North,Jaipur,1,360.0,0.2,180.0,Debit Card
ORD-15386,2024-09-11,CUST-1039,Rahul Sharma 39,Technology,Phones,Bluetooth Wireless Earbuds,South,Hyderabad,4,7000.0,0.3,2200.0,UPI
ORD-15387,2025-11-23,CUST-1001,Shweta Mishra,Technology,Phones,Smartphone Pro Max,West,Mumbai,1,31500.0,0.3,-4500.0,UPI
ORD-15388,2025-09-22,CUST-1143,Rohan Mehta 143,Apparel,Corporate Wear,Tailored Blazer,West,Mumbai,3,8640.0,0.4,840.0,Cash on Delivery
ORD-15389,2025-11-25,CUST-1203,Ananya Roy 203,Furniture,Tables,Wooden Conference Table,Central,Nagpur,3,75000.0,0.0,12000.0,Credit Card
ORD-15390,2025-02-15,CUST-1132,Gaurav Tiwari 132,Technology,Phones,Smartphone Pro Max,East,Bhubaneswar,1,45000.0,0.0,9000.0,Cash on Delivery
ORD-15391,2024-01-19,CUST-1083,Neha Gupta 83,Apparel,Corporate Wear,Cotton Formal Shirt,Central,Nagpur,2,3000.0,0.0,1500.0,Debit Card
ORD-15392,2025-11-01,CUST-1131,Priya Patel 131,Technology,Accessories,Mechanical Keyboard,Central,Bhopal,1,3325.0,0.05,1325.0,Credit Card
ORD-15393,2024-10-16,CUST-1007,Neha Gupta,Furniture,Bookcases,5-Tier Wooden Bookshelf,North,Noida,3,19500.0,0.0,3900.0,UPI
ORD-15394,2024-12-13,CUST-1243,Deepak Rao 243,Furniture,Chairs,Mesh Executive Chair,West,Surat,3,18000.0,0.5,-10500.0,Cash on Delivery
ORD-15395,2024-02-08,CUST-1163,Swati Kulkarni 163,Technology,Monitors,27-inch 4K Monitor,North,Lucknow,10,220000.0,0.0,50000.0,Net Banking
ORD-15396,2025-12-19,CUST-1078,Rohan Mehta 78,Office Supplies,Storage,Heavy Duty Arch File Box,North,Lucknow,5,3250.0,0.0,1500.0,Credit Card
ORD-15397,2024-10-24,CUST-1247,Pooja Verma 247,Office Supplies,Art,Highlighter & Marker Set,East,Patna,1,350.0,0.0,200.0,Credit Card
ORD-15398,2025-12-23,CUST-1187,Meera Sen 187,Office Supplies,Paper,A4 Multipurpose Copy Paper (Pack of 5),Central,Nagpur,4,3840.0,0.2,1040.0,Credit Card
ORD-15399,2024-02-22,CUST-1118,Bhavna Shah 118,Furniture,Tables,Adjustable Standing Desk,Central,Nagpur,3,48600.0,0.1,6600.0,Cash on Delivery
ORD-15400,2025-12-07,CUST-1154,Neha Gupta 154,Technology,Accessories,USB-C Multi-Port Hub,South,Kochi,1,900.0,0.5,0.0,Credit Card
ORD-15401,2024-01-01,CUST-1063,Divya Agarwal 63,Furniture,Chairs,Mesh Executive Chair,North,Jaipur,3,30600.0,0.15,2100.0,Net Banking
ORD-15402,2025-12-04,CUST-1184,Kavita Das 184,Technology,Phones,Smartphone Pro Max,East,Guwahati,1,27000.0,0.4,-9000.0,UPI
ORD-15403,2024-08-04,CUST-1006,Neha Gupta,Furniture,Tables,Wooden Conference Table,Central,Nagpur,1,25000.0,0.0,4000.0,Debit Card
ORD-15404,2024-08-28,CUST-1238,Suresh Nair 238,Apparel,Corporate Wear,Cotton Formal Shirt,Central,Nagpur,3,4050.0,0.1,1800.0,UPI
ORD-15405,2025-02-11,CUST-1070,Pooja Verma 70,Office Supplies,Paper,A4 Multipurpose Copy Paper (Pack of 5),North,Noida,1,600.0,0.5,-100.0,Debit Card
ORD-15406,2024-07-13,CUST-1204,Pooja Verma 204,Technology,Phones,Bluetooth Wireless Earbuds,South,Chennai,1,2500.0,0.0,1300.0,Debit Card
ORD-15407,2025-07-19,CUST-1235,Bhavna Shah 235,Office Supplies,Binders,Heavy-Duty Ring Binder,East,Patna,1,280.0,0.0,160.0,Net Banking
ORD-15408,2024-04-11,CUST-1229,Aarti Kapoor 229,Furniture,Chairs,Ergonomic Office Chair,Central,Indore,3,21675.0,0.15,3675.0,Net Banking
ORD-15409,2024-09-14,CUST-1083,Neha Gupta 83,Apparel,Corporate Wear,Tailored Blazer,East,Kolkata,2,9600.0,0.0,4400.0,Debit Card
ORD-15410,2025-05-31,CUST-1052,Amit Kumar 52,Apparel,Footwear,Leather Oxford Shoes,South,Hyderabad,4,12800.0,0.0,6000.0,Cash on Delivery
ORD-15411,2024-08-12,CUST-1095,Preeti Pandey 95,Furniture,Tables,Adjustable Standing Desk,West,Pune,2,25200.0,0.3,-2800.0,Cash on Delivery
ORD-15412,2025-06-27,CUST-1091,Kavita Das 91,Apparel,Footwear,Leather Oxford Shoes,Central,Nagpur,1,3200.0,0.0,1500.0,UPI
ORD-15413,2025-03-19,CUST-1157,Siddharth Jain 157,Office Supplies,Paper,Premium Hardbound Notebook,West,Surat,2,900.0,0.0,540.0,Debit Card
ORD-15414,2025-11-11,CUST-1107,Amit Kumar 107,Technology,Phones,Bluetooth Wireless Earbuds,East,Guwahati,2,5000.0,0.0,2600.0,Credit Card
ORD-15415,2025-02-28,CUST-1138,Bhavna Shah 138,Furniture,Chairs,Mesh Executive Chair,North,Lucknow,2,22800.0,0.05,3800.0,Debit Card
ORD-15416,2024-05-05,CUST-1137,Rohan Mehta 137,Furniture,Chairs,Ergonomic Office Chair,Central,Nagpur,2,14450.0,0.15,2450.0,Debit Card
ORD-15417,2025-10-12,CUST-1214,Aarti Kapoor 214,Apparel,Corporate Wear,Tailored Blazer,North,Lucknow,4,19200.0,0.0,8800.0,Cash on Delivery
ORD-15418,2024-01-19,CUST-1023,Meera Sen,Office Supplies,Art,Highlighter & Marker Set,East,Kolkata,2,700.0,0.0,400.0,Net Banking
ORD-15419,2024-05-13,CUST-1145,Rajesh Iyer 145,Furniture,Tables,Wooden Conference Table,West,Mumbai,1,20000.0,0.2,-1000.0,Cash on Delivery
ORD-15420,2024-10-25,CUST-1094,Shweta Mishra 94,Furniture,Chairs,Ergonomic Office Chair,West,Mumbai,10,76500.0,0.1,16500.0,Credit Card
ORD-15421,2025-09-28,CUST-1019,Rahul Sharma,Technology,Accessories,Wireless Mouse,South,Chennai,5,4000.0,0.0,2000.0,Cash on Delivery
ORD-15422,2025-03-17,CUST-1215,Sneha Reddy 215,Office Supplies,Storage,Heavy Duty Arch File Box,East,Kolkata,4,2080.0,0.2,680.0,Net Banking
ORD-15423,2024-09-20,CUST-1121,Siddharth Jain 121,Office Supplies,Binders,Heavy-Duty Ring Binder,South,Bangalore,3,840.0,0.0,480.0,UPI
ORD-15424,2025-11-08,CUST-1076,Deepak Rao 76,Technology,Accessories,Wireless Mouse,Central,Bhopal,2,1520.0,0.05,720.0,Net Banking
ORD-15425,2025-07-25,CUST-1045,Suresh Nair 45,Office Supplies,Paper,Premium Hardbound Notebook,North,Delhi,2,630.0,0.3,270.0,Net Banking
ORD-15426,2025-12-29,CUST-1159,Ravi Pillai 159,Office Supplies,Paper,A4 Multipurpose Copy Paper (Pack of 5),South,Chennai,4,4320.0,0.1,1520.0,Credit Card
ORD-15427,2024-05-16,CUST-1084,Aarti Kapoor 84,Furniture,Chairs,Ergonomic Office Chair,Central,Bhopal,5,42500.0,0.0,12500.0,Credit Card
ORD-15428,2024-09-27,CUST-1033,Neha Gupta 33,Office Supplies,Paper,A4 Multipurpose Copy Paper (Pack of 5),East,Guwahati,2,2400.0,0.0,1000.0,Net Banking
ORD-15429,2025-04-12,CUST-1065,Ananya Roy 65,Office Supplies,Paper,A4 Multipurpose Copy Paper (Pack of 5),East,Patna,1,1200.0,0.0,500.0,Cash on Delivery
ORD-15430,2025-06-22,CUST-1225,Aditya Bose 225,Office Supplies,Paper,A4 Multipurpose Copy Paper (Pack of 5),South,Bangalore,1,1080.0,0.1,380.0,Cash on Delivery
ORD-15431,2024-11-12,CUST-1009,Ravi Pillai,Furniture,Chairs,Mesh Executive Chair,East,Bhubaneswar,2,12000.0,0.5,-7000.0,Net Banking
ORD-15432,2025-12-29,CUST-1126,Aarti Kapoor 126,Apparel,Corporate Wear,Tailored Blazer,Central,Indore,1,4800.0,0.0,2200.0,Debit Card
ORD-15433,2025-04-18,CUST-1085,Pooja Verma 85,Apparel,Footwear,Leather Oxford Shoes,Central,Bhopal,1,1920.0,0.4,220.0,Cash on Delivery
ORD-15434,2024-11-14,CUST-1122,Neha Gupta 122,Technology,Accessories,Mechanical Keyboard,East,Bhubaneswar,2,7000.0,0.0,3000.0,Cash on Delivery
ORD-15435,2024-12-21,CUST-1014,Siddharth Jain,Technology,Phones,Bluetooth Wireless Earbuds,West,Ahmedabad,1,2000.0,0.2,800.0,Net Banking
ORD-15436,2025-08-29,CUST-1244,Tarun Choudhury 244,Furniture,Tables,Wooden Conference Table,East,Guwahati,2,30000.0,0.4,-12000.0,UPI
ORD-15437,2025-06-16,CUST-1195,Abhishek Saxena 195,Apparel,Footwear,Leather Oxford Shoes,Central,Indore,1,2560.0,0.2,860.0,UPI
ORD-15438,2024-08-18,CUST-1223,Shweta Mishra 223,Apparel,Footwear,Leather Oxford Shoes,West,Ahmedabad,3,8160.0,0.15,3060.0,Cash on Delivery
ORD-15439,2024-05-18,CUST-1181,Aditya Bose 181,Technology,Accessories,USB-C Multi-Port Hub,North,Noida,1,1260.0,0.3,360.0,Credit Card
ORD-15440,2024-08-23,CUST-1244,Tarun Choudhury 244,Furniture,Bookcases,5-Tier Wooden Bookshelf,North,Delhi,2,9100.0,0.3,-1300.0,Credit Card
ORD-15441,2025-05-21,CUST-1125,Preeti Pandey 125,Apparel,Footwear,Leather Oxford Shoes,East,Bhubaneswar,1,3040.0,0.05,1340.0,Cash on Delivery
ORD-15442,2025-08-20,CUST-1098,Deepak Rao 98,Office Supplies,Paper,A4 Multipurpose Copy Paper (Pack of 5),West,Surat,2,1200.0,0.5,-200.0,UPI
ORD-15443,2025-12-25,CUST-1161,Manish Malhotra 161,Technology,Phones,Bluetooth Wireless Earbuds,South,Bangalore,1,2500.0,0.0,1300.0,UPI
ORD-15444,2024-01-31,CUST-1025,Rahul Sharma,Furniture,Tables,Adjustable Standing Desk,South,Kochi,2,18000.0,0.5,-10000.0,UPI
ORD-15445,2025-02-08,CUST-1047,Vikas Singh 47,Furniture,Bookcases,5-Tier Wooden Bookshelf,North,Jaipur,2,6500.0,0.5,-3900.0,Debit Card
ORD-15446,2024-04-20,CUST-1065,Ananya Roy 65,Apparel,Footwear,Leather Oxford Shoes,North,Noida,2,4480.0,0.3,1080.0,UPI
ORD-15447,2025-10-09,CUST-1172,Priya Patel 172,Technology,Accessories,Wireless Mouse,Central,Bhopal,1,720.0,0.1,320.0,Debit Card
ORD-15448,2025-06-11,CUST-1178,Gaurav Tiwari 178,Office Supplies,Binders,Heavy-Duty Ring Binder,South,Hyderabad,1,280.0,0.0,160.0,Net Banking
ORD-15449,2025-11-20,CUST-1076,Deepak Rao 76,Apparel,Footwear,Leather Oxford Shoes,East,Guwahati,1,3200.0,0.0,1500.0,Cash on Delivery
ORD-15450,2024-10-31,CUST-1051,Ananya Roy 51,Technology,Accessories,Mechanical Keyboard,West,Mumbai,2,3500.0,0.5,-500.0,Net Banking
ORD-15451,2024-06-08,CUST-1191,Rahul Sharma 191,Furniture,Bookcases,5-Tier Wooden Bookshelf,North,Lucknow,2,11700.0,0.1,1300.0,Credit Card
ORD-15452,2024-08-28,CUST-1084,Aarti Kapoor 84,Furniture,Chairs,Mesh Executive Chair,East,Guwahati,1,8400.0,0.3,-1100.0,Net Banking
ORD-15453,2025-05-24,CUST-1114,Sneha Reddy 114,Furniture,Chairs,Ergonomic Office Chair,West,Pune,1,7225.0,0.15,1225.0,Cash on Delivery
ORD-15454,2025-05-08,CUST-1083,Neha Gupta 83,Technology,Accessories,Mechanical Keyboard,South,Bangalore,1,1750.0,0.5,-250.0,Net Banking
ORD-15455,2025-09-05,CUST-1024,Aditya Bose,Furniture,Tables,Adjustable Standing Desk,North,Chandigarh,4,72000.0,0.0,16000.0,Credit Card
ORD-15456,2025-06-06,CUST-1008,Vikas Singh,Office Supplies,Storage,Heavy Duty Arch File Box,North,Noida,2,910.0,0.3,210.0,Debit Card
ORD-15457,2025-02-07,CUST-1101,Abhishek Saxena 101,Office Supplies,Storage,Heavy Duty Arch File Box,Central,Indore,3,1755.0,0.1,705.0,Net Banking
ORD-15458,2024-06-04,CUST-1204,Pooja Verma 204,Technology,Accessories,USB-C Multi-Port Hub,East,Kolkata,3,5400.0,0.0,2700.0,Debit Card
ORD-15459,2024-08-23,CUST-1095,Preeti Pandey 95,Office Supplies,Paper,Premium Hardbound Notebook,East,Bhubaneswar,3,1350.0,0.0,810.0,Credit Card
ORD-15460,2024-06-06,CUST-1090,Ananya Roy 90,Furniture,Chairs,Ergonomic Office Chair,East,Patna,3,21675.0,0.15,3675.0,Debit Card
ORD-15461,2025-06-28,CUST-1115,Divya Agarwal 115,Office Supplies,Paper,Premium Hardbound Notebook,East,Bhubaneswar,1,450.0,0.0,270.0,Net Banking
ORD-15462,2025-07-27,CUST-1195,Abhishek Saxena 195,Technology,Accessories,USB-C Multi-Port Hub,North,Chandigarh,1,1710.0,0.05,810.0,Cash on Delivery
ORD-15463,2024-10-31,CUST-1216,Meera Sen 216,Office Supplies,Paper,Premium Hardbound Notebook,West,Surat,3,1350.0,0.0,810.0,Credit Card
ORD-15464,2025-11-27,CUST-1067,Kavita Das 67,Furniture,Chairs,Ergonomic Office Chair,East,Bhubaneswar,1,4250.0,0.5,-1750.0,Net Banking
ORD-15465,2024-06-29,CUST-1221,Pooja Verma 221,Office Supplies,Art,Highlighter & Marker Set,West,Surat,2,630.0,0.1,330.0,Credit Card
ORD-15466,2025-08-17,CUST-1223,Shweta Mishra 223,Technology,Accessories,Mechanical Keyboard,Central,Indore,1,1750.0,0.5,-250.0,Debit Card
ORD-15467,2025-02-06,CUST-1228,Deepak Rao 228,Office Supplies,Paper,Premium Hardbound Notebook,South,Bangalore,1,360.0,0.2,180.0,Credit Card
ORD-15468,2025-02-03,CUST-1038,Alok Deshmukh 38,Technology,Phones,Smartphone Pro Max,North,Jaipur,2,72000.0,0.2,0.0,Debit Card
ORD-15469,2024-02-27,CUST-1115,Divya Agarwal 115,Apparel,Corporate Wear,Cotton Formal Shirt,East,Kolkata,4,3600.0,0.4,600.0,UPI
ORD-15470,2024-04-02,CUST-1053,Kavita Das 53,Office Supplies,Paper,A4 Multipurpose Copy Paper (Pack of 5),South,Kochi,3,3420.0,0.05,1320.0,Cash on Delivery
ORD-15471,2025-03-01,CUST-1094,Shweta Mishra 94,Technology,Monitors,27-inch 4K Monitor,East,Bhubaneswar,3,33000.0,0.5,-18000.0,Debit Card
ORD-15472,2025-08-17,CUST-1192,Abhishek Saxena 192,Apparel,Corporate Wear,Tailored Blazer,East,Guwahati,2,9600.0,0.0,4400.0,Debit Card
ORD-15473,2025-01-04,CUST-1077,Swati Kulkarni 77,Apparel,Corporate Wear,Cotton Formal Shirt,Central,Nagpur,3,4500.0,0.0,2250.0,Net Banking
ORD-15474,2024-04-01,CUST-1047,Vikas Singh 47,Apparel,Footwear,Leather Oxford Shoes,Central,Indore,2,3200.0,0.5,-200.0,UPI
ORD-15475,2024-12-06,CUST-1250,Neha Gupta 250,Office Supplies,Binders,Heavy-Duty Ring Binder,North,Delhi,2,280.0,0.5,40.0,Credit Card
ORD-15476,2024-08-10,CUST-1199,Karan Joshi 199,Technology,Phones,Smartphone Pro Max,South,Chennai,1,22500.0,0.5,-13500.0,Credit Card
ORD-15477,2025-04-27,CUST-1209,Ravi Pillai 209,Furniture,Tables,Adjustable Standing Desk,East,Kolkata,1,17100.0,0.05,3100.0,Net Banking
ORD-15478,2025-07-12,CUST-1217,Bhavna Shah 217,Apparel,Corporate Wear,Tailored Blazer,West,Mumbai,1,3360.0,0.3,760.0,UPI
ORD-15479,2025-12-03,CUST-1135,Karan Joshi 135,Furniture,Tables,Adjustable Standing Desk,South,Hyderabad,1,9000.0,0.5,-5000.0,Debit Card
ORD-15480,2025-02-27,CUST-1193,Ravi Pillai 193,Technology,Accessories,USB-C Multi-Port Hub,East,Guwahati,2,3060.0,0.15,1260.0,Debit Card
ORD-15481,2025-07-25,CUST-1154,Neha Gupta 154,Technology,Monitors,27-inch 4K Monitor,South,Chennai,2,37400.0,0.15,3400.0,Credit Card
ORD-15482,2025-12-08,CUST-1143,Rohan Mehta 143,Office Supplies,Binders,Heavy-Duty Ring Binder,North,Chandigarh,1,280.0,0.0,160.0,Credit Card
ORD-15483,2025-07-14,CUST-1200,Aarti Kapoor 200,Technology,Monitors,27-inch 4K Monitor,Central,Bhopal,3,56100.0,0.15,5100.0,Credit Card
ORD-15484,2025-07-10,CUST-1219,Alok Deshmukh 219,Office Supplies,Art,Highlighter & Marker Set,Central,Nagpur,2,595.0,0.15,295.0,Credit Card
ORD-15485,2024-12-25,CUST-1154,Neha Gupta 154,Office Supplies,Storage,Heavy Duty Arch File Box,West,Surat,5,2600.0,0.2,850.0,Cash on Delivery
ORD-15486,2025-12-16,CUST-1069,Siddharth Jain 69,Office Supplies,Storage,Heavy Duty Arch File Box,West,Ahmedabad,1,455.0,0.3,105.0,Credit Card
ORD-15487,2025-06-16,CUST-1063,Divya Agarwal 63,Technology,Phones,Smartphone Pro Max,North,Delhi,10,382500.0,0.15,22500.0,UPI
ORD-15488,2025-06-22,CUST-1140,Tarun Choudhury 140,Technology,Accessories,Mechanical Keyboard,Central,Indore,1,3150.0,0.1,1150.0,Debit Card
ORD-15489,2024-01-27,CUST-1192,Abhishek Saxena 192,Furniture,Bookcases,5-Tier Wooden Bookshelf,Central,Bhopal,2,11050.0,0.15,650.0,Cash on Delivery
ORD-15490,2024-01-11,CUST-1028,Nisha Bhat,Technology,Accessories,Wireless Mouse,Central,Nagpur,2,1280.0,0.2,480.0,Net Banking
ORD-15491,2025-08-31,CUST-1126,Aarti Kapoor 126,Furniture,Tables,Adjustable Standing Desk,West,Surat,1,9000.0,0.5,-5000.0,Credit Card
ORD-15492,2025-04-02,CUST-1137,Rohan Mehta 137,Apparel,Corporate Wear,Tailored Blazer,East,Guwahati,1,3840.0,0.2,1240.0,Debit Card
ORD-15493,2025-02-01,CUST-1196,Tarun Choudhury 196,Furniture,Bookcases,5-Tier Wooden Bookshelf,South,Chennai,1,4550.0,0.3,-650.0,Net Banking
ORD-15494,2024-10-10,CUST-1105,Abhishek Saxena 105,Furniture,Chairs,Mesh Executive Chair,South,Kochi,2,24000.0,0.0,5000.0,Credit Card
ORD-15495,2025-12-10,CUST-1229,Aarti Kapoor 229,Technology,Monitors,27-inch 4K Monitor,Central,Bhopal,2,44000.0,0.0,10000.0,Debit Card
ORD-15496,2024-01-01,CUST-1047,Vikas Singh 47,Furniture,Chairs,Ergonomic Office Chair,East,Patna,1,5950.0,0.3,-50.0,Credit Card
ORD-15497,2024-10-22,CUST-1013,Tarun Choudhury,Furniture,Bookcases,5-Tier Wooden Bookshelf,South,Bangalore,2,13000.0,0.0,2600.0,Debit Card
ORD-15498,2025-11-05,CUST-1193,Ravi Pillai 193,Office Supplies,Storage,Heavy Duty Arch File Box,North,Noida,2,650.0,0.5,-50.0,Net Banking
ORD-15499,2024-06-16,CUST-1153,Vikas Singh 153,Technology,Accessories,USB-C Multi-Port Hub,West,Ahmedabad,5,6300.0,0.3,1800.0,Net Banking
ORD-15500,2024-08-29,CUST-1250,Neha Gupta 250,Office Supplies,Storage,Heavy Duty Arch File Box,East,Kolkata,2,1105.0,0.15,405.0,Cash on Delivery
ORD-15501,2024-04-27,CUST-1156,Siddharth Jain 156,Apparel,Corporate Wear,Tailored Blazer,North,Chandigarh,3,10080.0,0.3,2280.0,Credit Card
ORD-15502,2025-02-02,CUST-1112,Ravi Pillai 112,Office Supplies,Paper,A4 Multipurpose Copy Paper (Pack of 5),South,Kochi,2,1440.0,0.4,40.0,Debit Card
ORD-15503,2025-06-20,CUST-1116,Kavita Das 116,Furniture,Tables,Wooden Conference Table,Central,Nagpur,2,42500.0,0.15,500.0,Debit Card
ORD-15504,2025-04-08,CUST-1030,Nisha Bhat,Furniture,Chairs,Mesh Executive Chair,North,Noida,2,21600.0,0.1,2600.0,Debit Card
ORD-15505,2025-09-07,CUST-1239,Rajesh Iyer 239,Office Supplies,Paper,Premium Hardbound Notebook,North,Chandigarh,1,225.0,0.5,45.0,Debit Card
ORD-15506,2024-07-04,CUST-1087,Alok Deshmukh 87,Office Supplies,Binders,Heavy-Duty Ring Binder,West,Surat,2,504.0,0.1,264.0,Credit Card
ORD-15507,2025-03-25,CUST-1164,Kavita Das 164,Technology,Monitors,27-inch 4K Monitor,North,Lucknow,1,19800.0,0.1,2800.0,Cash on Delivery
ORD-15508,2025-04-11,CUST-1114,Sneha Reddy 114,Office Supplies,Paper,A4 Multipurpose Copy Paper (Pack of 5),East,Kolkata,3,1800.0,0.5,-300.0,UPI
ORD-15509,2025-07-15,CUST-1194,Ananya Roy 194,Apparel,Footwear,Leather Oxford Shoes,Central,Indore,1,2240.0,0.3,540.0,Cash on Delivery
ORD-15510,2025-11-15,CUST-1250,Neha Gupta 250,Furniture,Chairs,Mesh Executive Chair,South,Chennai,3,36000.0,0.0,7500.0,UPI
ORD-15511,2024-03-02,CUST-1083,Neha Gupta 83,Apparel,Footwear,Leather Oxford Shoes,North,Jaipur,1,3200.0,0.0,1500.0,Net Banking
ORD-15512,2024-08-23,CUST-1098,Deepak Rao 98,Furniture,Bookcases,5-Tier Wooden Bookshelf,Central,Indore,1,5525.0,0.15,325.0,Cash on Delivery
ORD-15513,2024-03-09,CUST-1147,Tarun Choudhury 147,Furniture,Chairs,Mesh Executive Chair,West,Ahmedabad,4,43200.0,0.1,5200.0,Net Banking
ORD-15514,2024-05-08,CUST-1221,Pooja Verma 221,Office Supplies,Binders,Heavy-Duty Ring Binder,North,Lucknow,1,266.0,0.05,146.0,Credit Card
ORD-15515,2024-02-26,CUST-1199,Karan Joshi 199,Office Supplies,Storage,Heavy Duty Arch File Box,West,Pune,1,617.5,0.05,267.5,Debit Card
ORD-15516,2025-09-19,CUST-1242,Bhavna Shah 242,Office Supplies,Binders,Heavy-Duty Ring Binder,West,Mumbai,2,560.0,0.0,320.0,Cash on Delivery
ORD-15517,2024-07-09,CUST-1187,Meera Sen 187,Technology,Phones,Smartphone Pro Max,Central,Indore,4,108000.0,0.4,-36000.0,Net Banking
ORD-15518,2025-07-27,CUST-1126,Aarti Kapoor 126,Furniture,Bookcases,5-Tier Wooden Bookshelf,East,Bhubaneswar,3,13650.0,0.3,-1950.0,Credit Card
ORD-15519,2025-04-21,CUST-1219,Alok Deshmukh 219,Office Supplies,Storage,Heavy Duty Arch File Box,South,Bangalore,2,910.0,0.3,210.0,Net Banking
ORD-15520,2024-08-12,CUST-1149,Shweta Mishra 149,Apparel,Corporate Wear,Cotton Formal Shirt,South,Kochi,3,3600.0,0.2,1350.0,UPI
ORD-15521,2025-08-05,CUST-1128,Priya Patel 128,Apparel,Footwear,Leather Oxford Shoes,East,Patna,4,12800.0,0.0,6000.0,UPI
ORD-15522,2025-12-03,CUST-1072,Shweta Mishra 72,Office Supplies,Paper,A4 Multipurpose Copy Paper (Pack of 5),North,Chandigarh,3,1800.0,0.5,-300.0,Net Banking
ORD-15523,2024-06-09,CUST-1242,Bhavna Shah 242,Technology,Accessories,Wireless Mouse,North,Delhi,4,1600.0,0.5,0.0,Credit Card
ORD-15524,2025-10-13,CUST-1092,Karan Joshi 92,Technology,Phones,Bluetooth Wireless Earbuds,East,Bhubaneswar,1,2000.0,0.2,800.0,Credit Card
ORD-15525,2024-01-17,CUST-1086,Amit Kumar 86,Furniture,Tables,Wooden Conference Table,North,Jaipur,1,25000.0,0.0,4000.0,UPI
ORD-15526,2025-04-14,CUST-1114,Sneha Reddy 114,Furniture,Bookcases,5-Tier Wooden Bookshelf,South,Kochi,1,5525.0,0.15,325.0,Cash on Delivery
ORD-15527,2024-04-02,CUST-1184,Kavita Das 184,Apparel,Footwear,Leather Oxford Shoes,Central,Indore,2,3840.0,0.4,440.0,Cash on Delivery
ORD-15528,2024-11-23,CUST-1081,Priya Patel 81,Furniture,Chairs,Ergonomic Office Chair,Central,Bhopal,1,6800.0,0.2,800.0,Debit Card
ORD-15529,2025-09-25,CUST-1161,Manish Malhotra 161,Office Supplies,Binders,Heavy-Duty Ring Binder,South,Kochi,2,280.0,0.5,40.0,Debit Card
ORD-15530,2024-02-04,CUST-1197,Siddharth Jain 197,Office Supplies,Art,Highlighter & Marker Set,North,Jaipur,1,332.5,0.05,182.5,UPI
ORD-15531,2025-02-22,CUST-1156,Siddharth Jain 156,Office Supplies,Storage,Heavy Duty Arch File Box,East,Bhubaneswar,1,650.0,0.0,300.0,Cash on Delivery
ORD-15532,2024-04-19,CUST-1082,Abhishek Saxena 82,Office Supplies,Paper,Premium Hardbound Notebook,Central,Bhopal,2,900.0,0.0,540.0,Credit Card
ORD-15533,2025-05-10,CUST-1222,Preeti Pandey 222,Apparel,Corporate Wear,Cotton Formal Shirt,West,Pune,1,900.0,0.4,150.0,Credit Card
ORD-15534,2024-04-24,CUST-1074,Tarun Choudhury 74,Apparel,Footwear,Leather Oxford Shoes,South,Hyderabad,1,2240.0,0.3,540.0,UPI
ORD-15535,2025-05-05,CUST-1062,Ravi Pillai 62,Technology,Accessories,Wireless Mouse,East,Bhubaneswar,2,960.0,0.4,160.0,Debit Card
ORD-15536,2025-06-27,CUST-1056,Alok Deshmukh 56,Technology,Accessories,Mechanical Keyboard,East,Patna,2,4200.0,0.4,200.0,Credit Card
ORD-15537,2025-03-11,CUST-1200,Aarti Kapoor 200,Apparel,Corporate Wear,Cotton Formal Shirt,North,Chandigarh,1,1425.0,0.05,675.0,Cash on Delivery
ORD-15538,2025-02-08,CUST-1109,Shweta Mishra 109,Furniture,Bookcases,5-Tier Wooden Bookshelf,East,Kolkata,5,22750.0,0.3,-3250.0,Net Banking
ORD-15539,2025-01-15,CUST-1240,Rahul Sharma 240,Office Supplies,Paper,A4 Multipurpose Copy Paper (Pack of 5),Central,Indore,1,1140.0,0.05,440.0,Debit Card
ORD-15540,2024-10-11,CUST-1242,Bhavna Shah 242,Office Supplies,Art,Highlighter & Marker Set,East,Bhubaneswar,1,350.0,0.0,200.0,Debit Card
ORD-15541,2024-02-10,CUST-1046,Karan Joshi 46,Furniture,Bookcases,5-Tier Wooden Bookshelf,Central,Nagpur,2,7800.0,0.4,-2600.0,Cash on Delivery
ORD-15542,2024-03-07,CUST-1007,Neha Gupta,Apparel,Corporate Wear,Tailored Blazer,West,Ahmedabad,2,9600.0,0.0,4400.0,Credit Card
ORD-15543,2024-12-16,CUST-1075,Alok Deshmukh 75,Office Supplies,Paper,A4 Multipurpose Copy Paper (Pack of 5),East,Bhubaneswar,1,1200.0,0.0,500.0,Credit Card
ORD-15544,2024-10-22,CUST-1005,Karan Joshi,Furniture,Tables,Wooden Conference Table,North,Jaipur,1,17500.0,0.3,-3500.0,Debit Card
ORD-15545,2025-08-16,CUST-1063,Divya Agarwal 63,Technology,Phones,Smartphone Pro Max,East,Guwahati,1,45000.0,0.0,9000.0,Net Banking
ORD-15546,2025-11-27,CUST-1023,Meera Sen,Furniture,Bookcases,5-Tier Wooden Bookshelf,West,Surat,5,32500.0,0.0,6500.0,Credit Card
ORD-15547,2025-12-09,CUST-1113,Neha Gupta 113,Office Supplies,Paper,A4 Multipurpose Copy Paper (Pack of 5),North,Delhi,1,1080.0,0.1,380.0,Debit Card
ORD-15548,2025-07-19,CUST-1078,Rohan Mehta 78,Technology,Accessories,Mechanical Keyboard,Central,Nagpur,1,2450.0,0.3,450.0,UPI
ORD-15549,2025-02-19,CUST-1224,Meera Sen 224,Apparel,Footwear,Leather Oxford Shoes,Central,Nagpur,1,2560.0,0.2,860.0,Debit Card
ORD-15550,2025-09-13,CUST-1203,Ananya Roy 203,Furniture,Tables,Wooden Conference Table,Central,Bhopal,1,21250.0,0.15,250.0,Cash on Delivery
ORD-15551,2024-02-11,CUST-1236,Rahul Sharma 236,Furniture,Chairs,Mesh Executive Chair,East,Bhubaneswar,2,19200.0,0.2,200.0,Debit Card
ORD-15552,2025-05-13,CUST-1036,Karan Joshi 36,Technology,Monitors,27-inch 4K Monitor,West,Ahmedabad,1,13200.0,0.4,-3800.0,UPI
ORD-15553,2025-05-11,CUST-1010,Ananya Roy,Apparel,Corporate Wear,Cotton Formal Shirt,South,Chennai,1,1350.0,0.1,600.0,Credit Card
ORD-15554,2024-09-23,CUST-1070,Pooja Verma 70,Office Supplies,Storage,Heavy Duty Arch File Box,East,Bhubaneswar,2,1300.0,0.0,600.0,UPI
ORD-15555,2024-02-05,CUST-1067,Kavita Das 67,Office Supplies,Paper,A4 Multipurpose Copy Paper (Pack of 5),South,Bangalore,1,720.0,0.4,20.0,Cash on Delivery
ORD-15556,2025-03-03,CUST-1127,Aarti Kapoor 127,Technology,Monitors,27-inch 4K Monitor,West,Mumbai,1,11000.0,0.5,-6000.0,Net Banking
ORD-15557,2024-04-22,CUST-1190,Alok Deshmukh 190,Office Supplies,Art,Highlighter & Marker Set,North,Noida,2,490.0,0.3,190.0,Credit Card
ORD-15558,2024-03-16,CUST-1128,Priya Patel 128,Technology,Accessories,Wireless Mouse,Central,Nagpur,5,3200.0,0.2,1200.0,Net Banking
ORD-15559,2025-06-30,CUST-1234,Meera Sen 234,Apparel,Corporate Wear,Tailored Blazer,North,Lucknow,4,18240.0,0.05,7840.0,Cash on Delivery
ORD-15560,2024-10-28,CUST-1028,Nisha Bhat,Technology,Monitors,27-inch 4K Monitor,Central,Bhopal,1,22000.0,0.0,5000.0,Net Banking
ORD-15561,2024-09-15,CUST-1084,Aarti Kapoor 84,Furniture,Tables,Adjustable Standing Desk,East,Guwahati,10,153000.0,0.15,13000.0,Net Banking
ORD-15562,2024-08-25,CUST-1029,Shweta Mishra,Technology,Phones,Bluetooth Wireless Earbuds,West,Pune,1,2500.0,0.0,1300.0,Net Banking
ORD-15563,2025-02-16,CUST-1152,Karan Joshi 152,Apparel,Corporate Wear,Cotton Formal Shirt,East,Guwahati,1,1500.0,0.0,750.0,Cash on Delivery
ORD-15564,2024-12-29,CUST-1203,Ananya Roy 203,Apparel,Footwear,Leather Oxford Shoes,West,Surat,1,3200.0,0.0,1500.0,Cash on Delivery
ORD-15565,2024-03-02,CUST-1162,Tarun Choudhury 162,Apparel,Footwear,Leather Oxford Shoes,Central,Nagpur,3,9600.0,0.0,4500.0,Net Banking
ORD-15566,2024-08-25,CUST-1167,Vikas Singh 167,Furniture,Chairs,Mesh Executive Chair,North,Jaipur,3,36000.0,0.0,7500.0,Net Banking
ORD-15567,2024-02-07,CUST-1229,Aarti Kapoor 229,Furniture,Tables,Adjustable Standing Desk,South,Kochi,5,90000.0,0.0,20000.0,Debit Card
ORD-15568,2024-09-15,CUST-1115,Divya Agarwal 115,Technology,Accessories,USB-C Multi-Port Hub,East,Patna,1,1620.0,0.1,720.0,Debit Card
ORD-15569,2024-04-17,CUST-1095,Preeti Pandey 95,Technology,Monitors,27-inch 4K Monitor,East,Patna,1,18700.0,0.15,1700.0,Cash on Delivery
ORD-15570,2025-11-24,CUST-1153,Vikas Singh 153,Furniture,Tables,Wooden Conference Table,West,Ahmedabad,1,12500.0,0.5,-8500.0,UPI
ORD-15571,2024-08-12,CUST-1239,Rajesh Iyer 239,Office Supplies,Art,Highlighter & Marker Set,Central,Bhopal,1,210.0,0.4,60.0,Net Banking
ORD-15572,2025-03-14,CUST-1035,Swati Kulkarni 35,Technology,Accessories,Wireless Mouse,Central,Bhopal,3,2280.0,0.05,1080.0,Net Banking
ORD-15573,2024-09-09,CUST-1153,Vikas Singh 153,Office Supplies,Paper,Premium Hardbound Notebook,West,Pune,1,450.0,0.0,270.0,Net Banking
ORD-15574,2025-11-17,CUST-1181,Aditya Bose 181,Office Supplies,Binders,Heavy-Duty Ring Binder,West,Mumbai,1,252.0,0.1,132.0,Debit Card
ORD-15575,2024-01-04,CUST-1204,Pooja Verma 204,Technology,Monitors,27-inch 4K Monitor,East,Kolkata,1,20900.0,0.05,3900.0,Debit Card
ORD-15576,2024-06-07,CUST-1084,Aarti Kapoor 84,Office Supplies,Paper,A4 Multipurpose Copy Paper (Pack of 5),West,Surat,1,1140.0,0.05,440.0,Credit Card
ORD-15577,2025-03-16,CUST-1185,Aditya Bose 185,Technology,Phones,Bluetooth Wireless Earbuds,North,Lucknow,2,5000.0,0.0,2600.0,Debit Card
ORD-15578,2024-10-19,CUST-1171,Aarti Kapoor 171,Office Supplies,Paper,A4 Multipurpose Copy Paper (Pack of 5),West,Pune,4,4080.0,0.15,1280.0,Credit Card
ORD-15579,2025-05-07,CUST-1087,Alok Deshmukh 87,Technology,Accessories,Wireless Mouse,West,Surat,4,1920.0,0.4,320.0,UPI
ORD-15580,2025-06-06,CUST-1232,Aarti Kapoor 232,Furniture,Tables,Adjustable Standing Desk,Central,Bhopal,2,25200.0,0.3,-2800.0,Credit Card
ORD-15581,2025-04-27,CUST-1019,Rahul Sharma,Technology,Phones,Bluetooth Wireless Earbuds,East,Bhubaneswar,1,2500.0,0.0,1300.0,Credit Card
ORD-15582,2025-11-03,CUST-1126,Aarti Kapoor 126,Apparel,Corporate Wear,Cotton Formal Shirt,North,Lucknow,1,1050.0,0.3,300.0,Credit Card
ORD-15583,2025-04-07,CUST-1064,Siddharth Jain 64,Furniture,Chairs,Mesh Executive Chair,South,Kochi,1,8400.0,0.3,-1100.0,Net Banking
ORD-15584,2025-03-25,CUST-1075,Alok Deshmukh 75,Office Supplies,Storage,Heavy Duty Arch File Box,Central,Indore,4,1560.0,0.4,160.0,UPI
ORD-15585,2025-08-17,CUST-1163,Swati Kulkarni 163,Furniture,Tables,Wooden Conference Table,East,Guwahati,2,35000.0,0.3,-7000.0,Debit Card
ORD-15586,2025-08-20,CUST-1176,Shweta Mishra 176,Technology,Phones,Bluetooth Wireless Earbuds,Central,Indore,1,1250.0,0.5,50.0,Credit Card
ORD-15587,2024-03-15,CUST-1052,Amit Kumar 52,Office Supplies,Storage,Heavy Duty Arch File Box,East,Patna,2,910.0,0.3,210.0,Credit Card
ORD-15588,2025-02-16,CUST-1105,Abhishek Saxena 105,Apparel,Corporate Wear,Cotton Formal Shirt,West,Mumbai,4,5100.0,0.15,2100.0,Credit Card
ORD-15589,2025-02-18,CUST-1167,Vikas Singh 167,Office Supplies,Storage,Heavy Duty Arch File Box,East,Bhubaneswar,3,1950.0,0.0,900.0,Credit Card
ORD-15590,2024-03-18,CUST-1102,Karan Joshi 102,Technology,Phones,Smartphone Pro Max,South,Bangalore,2,45000.0,0.5,-27000.0,UPI
ORD-15591,2024-10-07,CUST-1142,Suresh Nair 142,Apparel,Corporate Wear,Tailored Blazer,South,Chennai,1,4080.0,0.15,1480.0,UPI
ORD-15592,2025-06-08,CUST-1005,Karan Joshi,Technology,Phones,Smartphone Pro Max,East,Guwahati,1,45000.0,0.0,9000.0,Credit Card
ORD-15593,2024-09-12,CUST-1109,Shweta Mishra 109,Technology,Phones,Bluetooth Wireless Earbuds,Central,Bhopal,4,5000.0,0.5,200.0,Credit Card
ORD-15594,2025-05-27,CUST-1136,Amit Kumar 136,Office Supplies,Paper,A4 Multipurpose Copy Paper (Pack of 5),South,Bangalore,1,1080.0,0.1,380.0,Credit Card
ORD-15595,2025-07-30,CUST-1124,Suresh Nair 124,Apparel,Corporate Wear,Tailored Blazer,North,Jaipur,2,8640.0,0.1,3440.0,UPI
ORD-15596,2024-11-21,CUST-1022,Neha Gupta,Technology,Accessories,Wireless Mouse,East,Guwahati,1,640.0,0.2,240.0,Credit Card
ORD-15597,2024-08-29,CUST-1184,Kavita Das 184,Office Supplies,Paper,Premium Hardbound Notebook,West,Mumbai,1,450.0,0.0,270.0,Credit Card
ORD-15598,2025-02-24,CUST-1234,Meera Sen 234,Technology,Monitors,27-inch 4K Monitor,South,Hyderabad,4,61600.0,0.3,-6400.0,Cash on Delivery
ORD-15599,2025-10-16,CUST-1038,Alok Deshmukh 38,Furniture,Bookcases,5-Tier Wooden Bookshelf,North,Noida,10,65000.0,0.0,13000.0,Net Banking
ORD-15600,2025-10-11,CUST-1012,Ravi Pillai,Office Supplies,Storage,Heavy Duty Arch File Box,South,Bangalore,1,585.0,0.1,235.0,UPI
ORD-15601,2024-03-20,CUST-1083,Neha Gupta 83,Office Supplies,Binders,Heavy-Duty Ring Binder,Central,Nagpur,2,560.0,0.0,320.0,Net Banking
ORD-15602,2024-05-19,CUST-1182,Amit Kumar 182,Apparel,Corporate Wear,Cotton Formal Shirt,North,Delhi,2,1500.0,0.5,0.0,Net Banking
ORD-15603,2025-10-19,CUST-1223,Shweta Mishra 223,Office Supplies,Storage,Heavy Duty Arch File Box,Central,Indore,1,552.5,0.15,202.5,UPI
ORD-15604,2025-06-30,CUST-1055,Deepak Rao 55,Office Supplies,Storage,Heavy Duty Arch File Box,Central,Bhopal,3,1170.0,0.4,120.0,Credit Card
ORD-15605,2024-04-26,CUST-1075,Alok Deshmukh 75,Technology,Accessories,Mechanical Keyboard,East,Bhubaneswar,2,6650.0,0.05,2650.0,UPI
ORD-15606,2025-06-22,CUST-1176,Shweta Mishra 176,Office Supplies,Art,Highlighter & Marker Set,North,Jaipur,3,525.0,0.5,75.0,UPI
ORD-15607,2024-07-18,CUST-1159,Ravi Pillai 159,Technology,Accessories,Wireless Mouse,Central,Bhopal,1,800.0,0.0,400.0,Debit Card
ORD-15608,2025-11-11,CUST-1102,Karan Joshi 102,Technology,Accessories,Mechanical Keyboard,East,Kolkata,2,6300.0,0.1,2300.0,Net Banking
ORD-15609,2024-10-19,CUST-1084,Aarti Kapoor 84,Office Supplies,Art,Highlighter & Marker Set,Central,Nagpur,3,630.0,0.4,180.0,Cash on Delivery
ORD-15610,2024-06-24,CUST-1017,Manish Malhotra,Furniture,Chairs,Mesh Executive Chair,South,Kochi,1,12000.0,0.0,2500.0,Debit Card
ORD-15611,2024-06-27,CUST-1040,Aarti Kapoor 40,Furniture,Chairs,Ergonomic Office Chair,South,Chennai,2,17000.0,0.0,5000.0,Debit Card
ORD-15612,2024-09-19,CUST-1010,Ananya Roy,Technology,Phones,Smartphone Pro Max,West,Pune,2,81000.0,0.1,9000.0,Net Banking
ORD-15613,2025-01-11,CUST-1075,Alok Deshmukh 75,Furniture,Chairs,Mesh Executive Chair,North,Noida,2,21600.0,0.1,2600.0,Debit Card
ORD-15614,2025-09-06,CUST-1069,Siddharth Jain 69,Office Supplies,Art,Highlighter & Marker Set,Central,Bhopal,1,175.0,0.5,25.0,Credit Card
ORD-15615,2024-10-03,CUST-1056,Alok Deshmukh 56,Office Supplies,Paper,Premium Hardbound Notebook,East,Bhubaneswar,2,765.0,0.15,405.0,Debit Card
ORD-15616,2025-10-15,CUST-1166,Neha Gupta 166,Technology,Accessories,Wireless Mouse,West,Ahmedabad,2,960.0,0.4,160.0,Net Banking
ORD-15617,2025-01-04,CUST-1010,Ananya Roy,Technology,Accessories,Wireless Mouse,East,Guwahati,5,2000.0,0.5,0.0,Cash on Delivery
ORD-15618,2024-02-25,CUST-1188,Karan Joshi 188,Furniture,Chairs,Ergonomic Office Chair,North,Chandigarh,3,25500.0,0.0,7500.0,UPI
ORD-15619,2024-08-20,CUST-1197,Siddharth Jain 197,Office Supplies,Paper,A4 Multipurpose Copy Paper (Pack of 5),Central,Nagpur,2,2160.0,0.1,760.0,Credit Card
ORD-15620,2024-08-02,CUST-1061,Priya Patel 61,Technology,Phones,Smartphone Pro Max,West,Surat,2,81000.0,0.1,9000.0,UPI
ORD-15621,2024-04-28,CUST-1013,Tarun Choudhury,Technology,Accessories,USB-C Multi-Port Hub,West,Surat,1,900.0,0.5,0.0,Credit Card
ORD-15622,2024-08-01,CUST-1084,Aarti Kapoor 84,Technology,Monitors,27-inch 4K Monitor,North,Chandigarh,1,22000.0,0.0,5000.0,Net Banking
ORD-15623,2024-02-25,CUST-1176,Shweta Mishra 176,Apparel,Footwear,Leather Oxford Shoes,South,Bangalore,8,23040.0,0.1,9440.0,Credit Card
ORD-15624,2025-01-30,CUST-1103,Nisha Bhat 103,Furniture,Chairs,Mesh Executive Chair,South,Bangalore,1,10800.0,0.1,1300.0,UPI
ORD-15625,2025-07-16,CUST-1245,Preeti Pandey 245,Technology,Phones,Bluetooth Wireless Earbuds,South,Bangalore,1,1750.0,0.3,550.0,UPI
ORD-15626,2025-12-08,CUST-1155,Ravi Pillai 155,Apparel,Footwear,Leather Oxford Shoes,West,Ahmedabad,2,5760.0,0.1,2360.0,UPI
ORD-15627,2024-12-08,CUST-1155,Ravi Pillai 155,Apparel,Footwear,Leather Oxford Shoes,West,Mumbai,2,3200.0,0.5,-200.0,UPI
ORD-15628,2024-01-06,CUST-1216,Meera Sen 216,Furniture,Bookcases,5-Tier Wooden Bookshelf,East,Guwahati,3,18525.0,0.05,2925.0,Debit Card
ORD-15629,2024-06-10,CUST-1206,Sneha Reddy 206,Office Supplies,Storage,Heavy Duty Arch File Box,South,Hyderabad,2,1300.0,0.0,600.0,Net Banking
ORD-15630,2025-03-18,CUST-1062,Ravi Pillai 62,Office Supplies,Paper,A4 Multipurpose Copy Paper (Pack of 5),South,Hyderabad,1,1200.0,0.0,500.0,Credit Card
ORD-15631,2025-12-26,CUST-1194,Ananya Roy 194,Office Supplies,Paper,Premium Hardbound Notebook,East,Kolkata,1,360.0,0.2,180.0,Debit Card
ORD-15632,2025-03-09,CUST-1006,Neha Gupta,Technology,Monitors,27-inch 4K Monitor,West,Pune,5,93500.0,0.15,8500.0,Net Banking
ORD-15633,2025-03-26,CUST-1114,Sneha Reddy 114,Furniture,Tables,Wooden Conference Table,North,Jaipur,2,42500.0,0.15,500.0,Net Banking
ORD-15634,2024-03-28,CUST-1128,Priya Patel 128,Furniture,Bookcases,5-Tier Wooden Bookshelf,South,Chennai,1,4550.0,0.3,-650.0,Cash on Delivery
ORD-15635,2025-09-24,CUST-1217,Bhavna Shah 217,Office Supplies,Binders,Heavy-Duty Ring Binder,West,Pune,1,280.0,0.0,160.0,Debit Card
ORD-15636,2025-06-23,CUST-1119,Shweta Mishra 119,Apparel,Corporate Wear,Cotton Formal Shirt,Central,Nagpur,4,3600.0,0.4,600.0,Cash on Delivery
ORD-15637,2024-04-28,CUST-1103,Nisha Bhat 103,Apparel,Corporate Wear,Tailored Blazer,South,Bangalore,2,9600.0,0.0,4400.0,Debit Card
ORD-15638,2024-04-26,CUST-1024,Aditya Bose,Technology,Accessories,USB-C Multi-Port Hub,West,Pune,3,5400.0,0.0,2700.0,Credit Card
ORD-15639,2024-10-26,CUST-1129,Neha Gupta 129,Furniture,Tables,Wooden Conference Table,West,Ahmedabad,5,87500.0,0.3,-17500.0,Credit Card
ORD-15640,2024-03-17,CUST-1235,Bhavna Shah 235,Furniture,Chairs,Ergonomic Office Chair,East,Kolkata,4,23800.0,0.3,-200.0,Debit Card
ORD-15641,2024-04-04,CUST-1147,Tarun Choudhury 147,Technology,Accessories,Wireless Mouse,East,Guwahati,2,1440.0,0.1,640.0,Debit Card
ORD-15642,2025-11-16,CUST-1190,Alok Deshmukh 190,Technology,Accessories,Wireless Mouse,South,Hyderabad,1,800.0,0.0,400.0,UPI
ORD-15643,2025-05-19,CUST-1104,Bhavna Shah 104,Technology,Accessories,USB-C Multi-Port Hub,East,Kolkata,1,1710.0,0.05,810.0,UPI
ORD-15644,2024-04-26,CUST-1027,Rohan Mehta,Technology,Phones,Bluetooth Wireless Earbuds,East,Bhubaneswar,2,5000.0,0.0,2600.0,Cash on Delivery
ORD-15645,2025-10-08,CUST-1023,Meera Sen,Office Supplies,Art,Highlighter & Marker Set,South,Bangalore,5,1487.5,0.15,737.5,Net Banking
ORD-15646,2025-08-24,CUST-1098,Deepak Rao 98,Office Supplies,Paper,A4 Multipurpose Copy Paper (Pack of 5),East,Patna,1,1200.0,0.0,500.0,Cash on Delivery
ORD-15647,2024-03-06,CUST-1171,Aarti Kapoor 171,Furniture,Bookcases,5-Tier Wooden Bookshelf,West,Pune,3,19500.0,0.0,3900.0,Net Banking
ORD-15648,2025-07-20,CUST-1210,Tarun Choudhury 210,Technology,Phones,Bluetooth Wireless Earbuds,West,Mumbai,1,2250.0,0.1,1050.0,Credit Card
ORD-15649,2024-10-04,CUST-1045,Suresh Nair 45,Furniture,Tables,Wooden Conference Table,North,Delhi,1,17500.0,0.3,-3500.0,Debit Card
ORD-15650,2024-10-25,CUST-1242,Bhavna Shah 242,Office Supplies,Storage,Heavy Duty Arch File Box,South,Hyderabad,4,1560.0,0.4,160.0,Credit Card
ORD-15651,2024-05-09,CUST-1059,Karan Joshi 59,Technology,Accessories,Mechanical Keyboard,East,Patna,1,3500.0,0.0,1500.0,UPI
ORD-15652,2025-03-08,CUST-1236,Rahul Sharma 236,Apparel,Corporate Wear,Cotton Formal Shirt,West,Surat,1,900.0,0.4,150.0,Cash on Delivery
ORD-15653,2024-12-11,CUST-1158,Karan Joshi 158,Technology,Phones,Bluetooth Wireless Earbuds,South,Hyderabad,4,8000.0,0.2,3200.0,Net Banking
ORD-15654,2024-11-10,CUST-1109,Shweta Mishra 109,Furniture,Tables,Adjustable Standing Desk,West,Pune,3,51300.0,0.05,9300.0,UPI
ORD-15655,2025-03-19,CUST-1193,Ravi Pillai 193,Furniture,Tables,Adjustable Standing Desk,Central,Indore,1,18000.0,0.0,4000.0,Debit Card
ORD-15656,2025-10-23,CUST-1027,Rohan Mehta,Technology,Phones,Smartphone Pro Max,South,Kochi,8,360000.0,0.0,72000.0,Credit Card
ORD-15657,2025-10-19,CUST-1165,Deepak Rao 165,Office Supplies,Storage,Heavy Duty Arch File Box,South,Bangalore,3,1950.0,0.0,900.0,Net Banking
ORD-15658,2025-07-10,CUST-1154,Neha Gupta 154,Technology,Accessories,Mechanical Keyboard,East,Guwahati,2,5950.0,0.15,1950.0,Net Banking
ORD-15659,2025-01-19,CUST-1014,Siddharth Jain,Technology,Phones,Smartphone Pro Max,Central,Nagpur,1,45000.0,0.0,9000.0,Debit Card
ORD-15660,2024-04-19,CUST-1179,Abhishek Saxena 179,Furniture,Bookcases,5-Tier Wooden Bookshelf,West,Ahmedabad,2,9100.0,0.3,-1300.0,Credit Card
ORD-15661,2024-08-31,CUST-1069,Siddharth Jain 69,Furniture,Chairs,Mesh Executive Chair,West,Surat,1,6000.0,0.5,-3500.0,Net Banking
ORD-15662,2024-02-05,CUST-1025,Rahul Sharma,Office Supplies,Storage,Heavy Duty Arch File Box,Central,Indore,1,552.5,0.15,202.5,Credit Card
ORD-15663,2024-03-19,CUST-1171,Aarti Kapoor 171,Office Supplies,Binders,Heavy-Duty Ring Binder,West,Mumbai,1,280.0,0.0,160.0,Cash on Delivery
ORD-15664,2024-08-07,CUST-1122,Neha Gupta 122,Technology,Accessories,Wireless Mouse,North,Delhi,2,800.0,0.5,0.0,Net Banking
ORD-15665,2025-07-24,CUST-1147,Tarun Choudhury 147,Office Supplies,Art,Highlighter & Marker Set,West,Mumbai,3,892.5,0.15,442.5,Credit Card
ORD-15666,2025-08-01,CUST-1006,Neha Gupta,Furniture,Bookcases,5-Tier Wooden Bookshelf,West,Mumbai,2,9100.0,0.3,-1300.0,Cash on Delivery
ORD-15667,2024-06-05,CUST-1129,Neha Gupta 129,Technology,Accessories,USB-C Multi-Port Hub,Central,Indore,1,1800.0,0.0,900.0,Net Banking
ORD-15668,2025-02-11,CUST-1130,Preeti Pandey 130,Technology,Accessories,Mechanical Keyboard,East,Bhubaneswar,3,5250.0,0.5,-750.0,Cash on Delivery
ORD-15669,2025-10-12,CUST-1074,Tarun Choudhury 74,Technology,Accessories,USB-C Multi-Port Hub,East,Kolkata,1,1530.0,0.15,630.0,Debit Card
ORD-15670,2024-02-06,CUST-1208,Rahul Sharma 208,Office Supplies,Paper,Premium Hardbound Notebook,South,Kochi,2,450.0,0.5,90.0,UPI
ORD-15671,2025-06-06,CUST-1137,Rohan Mehta 137,Technology,Accessories,Mechanical Keyboard,East,Bhubaneswar,1,3500.0,0.0,1500.0,Credit Card
ORD-15672,2025-11-14,CUST-1118,Bhavna Shah 118,Apparel,Footwear,Leather Oxford Shoes,West,Pune,4,12800.0,0.0,6000.0,Credit Card
ORD-15673,2024-08-02,CUST-1062,Ravi Pillai 62,Technology,Accessories,USB-C Multi-Port Hub,South,Hyderabad,1,1260.0,0.3,360.0,Credit Card
ORD-15674,2024-12-23,CUST-1214,Aarti Kapoor 214,Furniture,Chairs,Ergonomic Office Chair,Central,Indore,5,34000.0,0.2,4000.0,UPI
ORD-15675,2025-03-10,CUST-1045,Suresh Nair 45,Office Supplies,Art,Highlighter & Marker Set,North,Jaipur,1,315.0,0.1,165.0,Credit Card
ORD-15676,2025-05-23,CUST-1168,Meera Sen 168,Office Supplies,Binders,Heavy-Duty Ring Binder,South,Chennai,1,196.0,0.3,76.0,Credit Card
ORD-15677,2025-12-17,CUST-1066,Bhavna Shah 66,Technology,Monitors,27-inch 4K Monitor,North,Jaipur,3,66000.0,0.0,15000.0,Cash on Delivery
ORD-15678,2024-09-15,CUST-1048,Rohan Mehta 48,Technology,Accessories,Mechanical Keyboard,East,Bhubaneswar,4,12600.0,0.1,4600.0,UPI
ORD-15679,2025-01-13,CUST-1167,Vikas Singh 167,Apparel,Corporate Wear,Cotton Formal Shirt,East,Kolkata,2,1500.0,0.5,0.0,Debit Card
ORD-15680,2024-05-26,CUST-1088,Neha Gupta 88,Technology,Accessories,Mechanical Keyboard,West,Pune,2,5950.0,0.15,1950.0,Credit Card
ORD-15681,2025-10-18,CUST-1001,Shweta Mishra,Apparel,Footwear,Leather Oxford Shoes,West,Ahmedabad,2,3840.0,0.4,440.0,Net Banking
ORD-15682,2025-05-21,CUST-1156,Siddharth Jain 156,Furniture,Chairs,Mesh Executive Chair,East,Patna,2,24000.0,0.0,5000.0,Net Banking
ORD-15683,2024-08-03,CUST-1118,Bhavna Shah 118,Apparel,Footwear,Leather Oxford Shoes,West,Surat,1,1920.0,0.4,220.0,UPI
ORD-15684,2025-03-08,CUST-1246,Gaurav Tiwari 246,Technology,Accessories,USB-C Multi-Port Hub,South,Chennai,1,1530.0,0.15,630.0,UPI
ORD-15685,2024-04-14,CUST-1169,Rajesh Iyer 169,Technology,Accessories,USB-C Multi-Port Hub,South,Chennai,1,1800.0,0.0,900.0,Net Banking
ORD-15686,2024-12-02,CUST-1046,Karan Joshi 46,Furniture,Tables,Adjustable Standing Desk,East,Patna,5,81000.0,0.1,11000.0,UPI
ORD-15687,2024-06-23,CUST-1055,Deepak Rao 55,Technology,Phones,Bluetooth Wireless Earbuds,South,Chennai,1,2500.0,0.0,1300.0,UPI
ORD-15688,2025-07-25,CUST-1124,Suresh Nair 124,Furniture,Chairs,Mesh Executive Chair,Central,Indore,4,33600.0,0.3,-4400.0,UPI
ORD-15689,2025-08-12,CUST-1078,Rohan Mehta 78,Furniture,Chairs,Ergonomic Office Chair,Central,Bhopal,1,8500.0,0.0,2500.0,Cash on Delivery
ORD-15690,2024-12-27,CUST-1113,Neha Gupta 113,Apparel,Corporate Wear,Cotton Formal Shirt,South,Kochi,2,3000.0,0.0,1500.0,Credit Card
ORD-15691,2024-04-24,CUST-1109,Shweta Mishra 109,Apparel,Corporate Wear,Tailored Blazer,South,Chennai,1,4800.0,0.0,2200.0,Cash on Delivery
ORD-15692,2024-01-07,CUST-1159,Ravi Pillai 159,Furniture,Chairs,Ergonomic Office Chair,East,Kolkata,1,4250.0,0.5,-1750.0,Credit Card
ORD-15693,2024-03-17,CUST-1237,Aditya Bose 237,Office Supplies,Art,Highlighter & Marker Set,Central,Indore,1,175.0,0.5,25.0,Cash on Delivery
ORD-15694,2025-07-26,CUST-1202,Suresh Nair 202,Furniture,Chairs,Mesh Executive Chair,Central,Bhopal,1,10800.0,0.1,1300.0,Net Banking
ORD-15695,2024-08-24,CUST-1140,Tarun Choudhury 140,Technology,Phones,Smartphone Pro Max,North,Lucknow,3,94500.0,0.3,-13500.0,UPI
ORD-15696,2025-11-13,CUST-1044,Manish Malhotra 44,Furniture,Tables,Wooden Conference Table,West,Ahmedabad,1,17500.0,0.3,-3500.0,Net Banking
ORD-15697,2024-01-16,CUST-1004,Ravi Pillai,Furniture,Bookcases,5-Tier Wooden Bookshelf,South,Hyderabad,1,3900.0,0.4,-1300.0,Cash on Delivery
ORD-15698,2024-05-13,CUST-1219,Alok Deshmukh 219,Furniture,Chairs,Ergonomic Office Chair,West,Mumbai,2,10200.0,0.4,-1800.0,UPI
ORD-15699,2025-11-14,CUST-1046,Karan Joshi 46,Apparel,Footwear,Leather Oxford Shoes,South,Hyderabad,1,3200.0,0.0,1500.0,Cash on Delivery
ORD-15700,2024-10-14,CUST-1152,Karan Joshi 152,Apparel,Corporate Wear,Tailored Blazer,South,Hyderabad,2,8160.0,0.15,2960.0,Credit Card
ORD-15701,2025-04-20,CUST-1018,Priya Patel,Office Supplies,Paper,A4 Multipurpose Copy Paper (Pack of 5),East,Patna,1,1140.0,0.05,440.0,Credit Card
ORD-15702,2024-02-04,CUST-1115,Divya Agarwal 115,Technology,Accessories,Wireless Mouse,East,Guwahati,1,560.0,0.3,160.0,UPI
ORD-15703,2025-10-22,CUST-1179,Abhishek Saxena 179,Office Supplies,Paper,Premium Hardbound Notebook,South,Chennai,1,225.0,0.5,45.0,UPI
ORD-15704,2025-03-17,CUST-1179,Abhishek Saxena 179,Technology,Accessories,USB-C Multi-Port Hub,North,Noida,1,1710.0,0.05,810.0,UPI
ORD-15705,2025-09-01,CUST-1063,Divya Agarwal 63,Office Supplies,Binders,Heavy-Duty Ring Binder,South,Bangalore,3,756.0,0.1,396.0,UPI
ORD-15706,2024-08-23,CUST-1125,Preeti Pandey 125,Office Supplies,Binders,Heavy-Duty Ring Binder,Central,Bhopal,8,2240.0,0.0,1280.0,Credit Card
ORD-15707,2025-05-12,CUST-1147,Tarun Choudhury 147,Furniture,Chairs,Ergonomic Office Chair,North,Chandigarh,1,5100.0,0.4,-900.0,Cash on Delivery
ORD-15708,2024-05-20,CUST-1226,Rohan Mehta 226,Technology,Accessories,Mechanical Keyboard,North,Jaipur,8,23800.0,0.15,7800.0,Cash on Delivery
ORD-15709,2024-05-12,CUST-1012,Ravi Pillai,Office Supplies,Binders,Heavy-Duty Ring Binder,South,Bangalore,1,252.0,0.1,132.0,Net Banking
ORD-15710,2025-11-14,CUST-1144,Shweta Mishra 144,Furniture,Tables,Adjustable Standing Desk,East,Bhubaneswar,1,15300.0,0.15,1300.0,UPI
ORD-15711,2025-03-10,CUST-1242,Bhavna Shah 242,Furniture,Bookcases,5-Tier Wooden Bookshelf,South,Bangalore,1,6175.0,0.05,975.0,Net Banking
ORD-15712,2025-03-27,CUST-1160,Swati Kulkarni 160,Technology,Phones,Smartphone Pro Max,South,Bangalore,3,135000.0,0.0,27000.0,UPI
ORD-15713,2025-09-28,CUST-1089,Alok Deshmukh 89,Office Supplies,Binders,Heavy-Duty Ring Binder,Central,Nagpur,5,1400.0,0.0,800.0,Credit Card
ORD-15714,2024-11-17,CUST-1180,Manish Malhotra 180,Furniture,Bookcases,5-Tier Wooden Bookshelf,North,Noida,1,3250.0,0.5,-1950.0,Net Banking
ORD-15715,2025-07-06,CUST-1221,Pooja Verma 221,Furniture,Tables,Adjustable Standing Desk,West,Ahmedabad,1,12600.0,0.3,-1400.0,Cash on Delivery
ORD-15716,2024-03-22,CUST-1212,Karan Joshi 212,Office Supplies,Art,Highlighter & Marker Set,West,Ahmedabad,10,3500.0,0.0,2000.0,Debit Card
ORD-15717,2024-09-23,CUST-1015,Amit Kumar,Office Supplies,Paper,A4 Multipurpose Copy Paper (Pack of 5),North,Jaipur,4,4080.0,0.15,1280.0,Net Banking
ORD-15718,2025-05-10,CUST-1205,Manish Malhotra 205,Furniture,Tables,Adjustable Standing Desk,North,Noida,3,54000.0,0.0,12000.0,UPI
ORD-15719,2025-02-07,CUST-1166,Neha Gupta 166,Office Supplies,Binders,Heavy-Duty Ring Binder,West,Pune,1,280.0,0.0,160.0,UPI
ORD-15720,2024-08-17,CUST-1227,Vikas Singh 227,Furniture,Tables,Adjustable Standing Desk,North,Jaipur,4,61200.0,0.15,5200.0,Cash on Delivery
ORD-15721,2024-02-23,CUST-1100,Rohan Mehta 100,Office Supplies,Binders,Heavy-Duty Ring Binder,North,Noida,1,252.0,0.1,132.0,Debit Card
ORD-15722,2025-03-19,CUST-1092,Karan Joshi 92,Furniture,Tables,Wooden Conference Table,Central,Indore,1,25000.0,0.0,4000.0,UPI
ORD-15723,2024-02-11,CUST-1228,Deepak Rao 228,Furniture,Tables,Wooden Conference Table,North,Delhi,1,20000.0,0.2,-1000.0,Debit Card
ORD-15724,2025-01-02,CUST-1065,Ananya Roy 65,Office Supplies,Art,Highlighter & Marker Set,East,Bhubaneswar,1,210.0,0.4,60.0,Net Banking
ORD-15725,2024-11-01,CUST-1073,Aditya Bose 73,Apparel,Corporate Wear,Tailored Blazer,Central,Nagpur,1,4320.0,0.1,1720.0,Net Banking
ORD-15726,2025-03-11,CUST-1035,Swati Kulkarni 35,Furniture,Bookcases,5-Tier Wooden Bookshelf,East,Guwahati,1,6175.0,0.05,975.0,Cash on Delivery
ORD-15727,2024-02-10,CUST-1179,Abhishek Saxena 179,Office Supplies,Binders,Heavy-Duty Ring Binder,Central,Indore,3,840.0,0.0,480.0,Cash on Delivery
ORD-15728,2024-04-24,CUST-1044,Manish Malhotra 44,Technology,Phones,Smartphone Pro Max,East,Patna,1,38250.0,0.15,2250.0,UPI
ORD-15729,2025-07-24,CUST-1173,Alok Deshmukh 173,Technology,Phones,Smartphone Pro Max,West,Ahmedabad,2,81000.0,0.1,9000.0,Credit Card
ORD-15730,2024-04-21,CUST-1087,Alok Deshmukh 87,Technology,Accessories,Wireless Mouse,East,Kolkata,3,2160.0,0.1,960.0,UPI
ORD-15731,2025-10-09,CUST-1071,Preeti Pandey 71,Office Supplies,Binders,Heavy-Duty Ring Binder,East,Guwahati,4,1120.0,0.0,640.0,UPI
ORD-15732,2025-12-08,CUST-1059,Karan Joshi 59,Technology,Monitors,27-inch 4K Monitor,South,Bangalore,2,35200.0,0.2,1200.0,Net Banking
ORD-15733,2024-02-29,CUST-1042,Sneha Reddy 42,Office Supplies,Paper,A4 Multipurpose Copy Paper (Pack of 5),West,Surat,1,720.0,0.4,20.0,Debit Card
ORD-15734,2024-12-14,CUST-1073,Aditya Bose 73,Office Supplies,Paper,A4 Multipurpose Copy Paper (Pack of 5),Central,Nagpur,4,4800.0,0.0,2000.0,Debit Card
ORD-15735,2025-12-18,CUST-1059,Karan Joshi 59,Technology,Monitors,27-inch 4K Monitor,Central,Bhopal,4,83600.0,0.05,15600.0,Net Banking
ORD-15736,2025-12-22,CUST-1175,Vikas Singh 175,Furniture,Tables,Adjustable Standing Desk,East,Bhubaneswar,3,37800.0,0.3,-4200.0,Debit Card
ORD-15737,2025-08-11,CUST-1024,Aditya Bose,Furniture,Tables,Adjustable Standing Desk,West,Ahmedabad,1,18000.0,0.0,4000.0,Cash on Delivery
ORD-15738,2025-11-28,CUST-1195,Abhishek Saxena 195,Apparel,Corporate Wear,Tailored Blazer,West,Surat,1,2400.0,0.5,-200.0,Credit Card
ORD-15739,2025-10-21,CUST-1144,Shweta Mishra 144,Apparel,Corporate Wear,Cotton Formal Shirt,East,Kolkata,2,2100.0,0.3,600.0,Credit Card
ORD-15740,2025-05-04,CUST-1102,Karan Joshi 102,Office Supplies,Binders,Heavy-Duty Ring Binder,East,Patna,4,784.0,0.3,304.0,Credit Card
ORD-15741,2025-04-08,CUST-1136,Amit Kumar 136,Technology,Accessories,Mechanical Keyboard,West,Pune,1,3500.0,0.0,1500.0,Debit Card
ORD-15742,2024-04-24,CUST-1145,Rajesh Iyer 145,Technology,Phones,Smartphone Pro Max,Central,Indore,1,45000.0,0.0,9000.0,Cash on Delivery
ORD-15743,2025-08-08,CUST-1115,Divya Agarwal 115,Furniture,Tables,Wooden Conference Table,East,Guwahati,3,60000.0,0.2,-3000.0,Net Banking
ORD-15744,2025-12-11,CUST-1193,Ravi Pillai 193,Technology,Accessories,Mechanical Keyboard,Central,Bhopal,2,3500.0,0.5,-500.0,Credit Card
ORD-15745,2025-01-08,CUST-1042,Sneha Reddy 42,Office Supplies,Paper,Premium Hardbound Notebook,West,Pune,1,225.0,0.5,45.0,Credit Card
ORD-15746,2024-04-25,CUST-1115,Divya Agarwal 115,Office Supplies,Storage,Heavy Duty Arch File Box,Central,Indore,3,1950.0,0.0,900.0,Cash on Delivery
ORD-15747,2024-12-29,CUST-1220,Shweta Mishra 220,Office Supplies,Art,Highlighter & Marker Set,West,Mumbai,1,297.5,0.15,147.5,Net Banking
ORD-15748,2024-08-05,CUST-1204,Pooja Verma 204,Apparel,Footwear,Leather Oxford Shoes,East,Guwahati,1,2880.0,0.1,1180.0,Debit Card
ORD-15749,2025-04-01,CUST-1123,Abhishek Saxena 123,Office Supplies,Binders,Heavy-Duty Ring Binder,North,Jaipur,1,196.0,0.3,76.0,Net Banking
ORD-15750,2024-02-26,CUST-1035,Swati Kulkarni 35,Office Supplies,Paper,A4 Multipurpose Copy Paper (Pack of 5),North,Delhi,1,1080.0,0.1,380.0,Debit Card
ORD-15751,2025-09-24,CUST-1073,Aditya Bose 73,Technology,Accessories,Mechanical Keyboard,Central,Nagpur,2,4200.0,0.4,200.0,Debit Card
ORD-15752,2025-04-14,CUST-1208,Rahul Sharma 208,Furniture,Bookcases,5-Tier Wooden Bookshelf,South,Hyderabad,1,6175.0,0.05,975.0,Net Banking
ORD-15753,2024-09-21,CUST-1244,Tarun Choudhury 244,Furniture,Tables,Adjustable Standing Desk,Central,Indore,1,15300.0,0.15,1300.0,Net Banking
ORD-15754,2025-02-03,CUST-1242,Bhavna Shah 242,Office Supplies,Storage,Heavy Duty Arch File Box,South,Chennai,3,1755.0,0.1,705.0,Credit Card
ORD-15755,2024-01-04,CUST-1182,Amit Kumar 182,Furniture,Bookcases,5-Tier Wooden Bookshelf,North,Noida,4,24700.0,0.05,3900.0,UPI
ORD-15756,2025-12-03,CUST-1121,Siddharth Jain 121,Office Supplies,Binders,Heavy-Duty Ring Binder,South,Chennai,2,280.0,0.5,40.0,Debit Card
ORD-15757,2025-11-19,CUST-1143,Rohan Mehta 143,Office Supplies,Binders,Heavy-Duty Ring Binder,North,Noida,2,504.0,0.1,264.0,Credit Card
ORD-15758,2025-10-22,CUST-1210,Tarun Choudhury 210,Office Supplies,Paper,Premium Hardbound Notebook,North,Lucknow,1,360.0,0.2,180.0,Cash on Delivery
ORD-15759,2025-07-07,CUST-1008,Vikas Singh,Technology,Monitors,27-inch 4K Monitor,East,Guwahati,2,39600.0,0.1,5600.0,Debit Card
ORD-15760,2025-07-07,CUST-1045,Suresh Nair 45,Furniture,Tables,Wooden Conference Table,South,Hyderabad,1,17500.0,0.3,-3500.0,Cash on Delivery
ORD-15761,2025-02-11,CUST-1206,Sneha Reddy 206,Technology,Phones,Smartphone Pro Max,East,Patna,1,31500.0,0.3,-4500.0,Net Banking
ORD-15762,2025-11-28,CUST-1036,Karan Joshi 36,Furniture,Tables,Adjustable Standing Desk,East,Kolkata,1,16200.0,0.1,2200.0,Cash on Delivery
ORD-15763,2024-03-07,CUST-1151,Vikas Singh 151,Technology,Phones,Smartphone Pro Max,East,Bhubaneswar,5,180000.0,0.2,0.0,Cash on Delivery
ORD-15764,2024-12-16,CUST-1206,Sneha Reddy 206,Technology,Monitors,27-inch 4K Monitor,West,Pune,1,22000.0,0.0,5000.0,Net Banking
ORD-15765,2025-09-12,CUST-1019,Rahul Sharma,Office Supplies,Paper,A4 Multipurpose Copy Paper (Pack of 5),East,Guwahati,2,1680.0,0.3,280.0,Cash on Delivery
ORD-15766,2025-06-05,CUST-1037,Gaurav Tiwari 37,Furniture,Chairs,Ergonomic Office Chair,North,Chandigarh,2,17000.0,0.0,5000.0,Cash on Delivery
ORD-15767,2024-03-05,CUST-1051,Ananya Roy 51,Furniture,Chairs,Ergonomic Office Chair,West,Mumbai,1,5950.0,0.3,-50.0,Debit Card
ORD-15768,2024-08-25,CUST-1046,Karan Joshi 46,Office Supplies,Storage,Heavy Duty Arch File Box,Central,Nagpur,1,585.0,0.1,235.0,Cash on Delivery
ORD-15769,2024-10-03,CUST-1179,Abhishek Saxena 179,Office Supplies,Paper,Premium Hardbound Notebook,Central,Nagpur,1,225.0,0.5,45.0,Cash on Delivery
ORD-15770,2024-04-30,CUST-1031,Siddharth Jain 31,Technology,Monitors,27-inch 4K Monitor,Central,Indore,1,19800.0,0.1,2800.0,UPI
ORD-15771,2024-09-10,CUST-1018,Priya Patel,Technology,Phones,Smartphone Pro Max,Central,Bhopal,2,45000.0,0.5,-27000.0,UPI
ORD-15772,2024-09-26,CUST-1112,Ravi Pillai 112,Office Supplies,Paper,A4 Multipurpose Copy Paper (Pack of 5),Central,Indore,1,1200.0,0.0,500.0,Credit Card
ORD-15773,2024-01-29,CUST-1208,Rahul Sharma 208,Furniture,Chairs,Ergonomic Office Chair,South,Bangalore,10,42500.0,0.5,-17500.0,Net Banking
ORD-15774,2025-03-18,CUST-1175,Vikas Singh 175,Office Supplies,Storage,Heavy Duty Arch File Box,Central,Indore,1,325.0,0.5,-25.0,Debit Card
ORD-15775,2024-07-12,CUST-1143,Rohan Mehta 143,Furniture,Chairs,Ergonomic Office Chair,East,Patna,4,30600.0,0.1,6600.0,Credit Card
ORD-15776,2025-06-26,CUST-1129,Neha Gupta 129,Furniture,Tables,Wooden Conference Table,East,Bhubaneswar,2,35000.0,0.3,-7000.0,Credit Card
ORD-15777,2024-11-09,CUST-1162,Tarun Choudhury 162,Furniture,Bookcases,5-Tier Wooden Bookshelf,North,Lucknow,1,6500.0,0.0,1300.0,Net Banking
ORD-15778,2025-05-01,CUST-1203,Ananya Roy 203,Technology,Phones,Bluetooth Wireless Earbuds,North,Chandigarh,2,5000.0,0.0,2600.0,Net Banking
ORD-15779,2024-06-11,CUST-1092,Karan Joshi 92,Technology,Accessories,Mechanical Keyboard,West,Ahmedabad,1,2800.0,0.2,800.0,Net Banking
ORD-15780,2025-09-24,CUST-1156,Siddharth Jain 156,Technology,Phones,Bluetooth Wireless Earbuds,West,Ahmedabad,2,3000.0,0.4,600.0,Credit Card
ORD-15781,2025-12-08,CUST-1102,Karan Joshi 102,Apparel,Corporate Wear,Tailored Blazer,East,Guwahati,2,9120.0,0.05,3920.0,Cash on Delivery
ORD-15782,2025-11-12,CUST-1214,Aarti Kapoor 214,Furniture,Tables,Adjustable Standing Desk,Central,Bhopal,3,32400.0,0.4,-9600.0,Net Banking
ORD-15783,2025-03-29,CUST-1043,Nisha Bhat 43,Apparel,Corporate Wear,Cotton Formal Shirt,East,Guwahati,1,900.0,0.4,150.0,Net Banking
ORD-15784,2025-09-23,CUST-1022,Neha Gupta,Technology,Accessories,Mechanical Keyboard,West,Mumbai,1,3500.0,0.0,1500.0,Cash on Delivery
ORD-15785,2025-01-21,CUST-1222,Preeti Pandey 222,Office Supplies,Paper,Premium Hardbound Notebook,West,Pune,3,1215.0,0.1,675.0,UPI
ORD-15786,2024-11-20,CUST-1020,Amit Kumar,Apparel,Corporate Wear,Cotton Formal Shirt,North,Lucknow,1,1500.0,0.0,750.0,Debit Card
ORD-15787,2024-03-20,CUST-1181,Aditya Bose 181,Technology,Accessories,Wireless Mouse,East,Kolkata,2,1600.0,0.0,800.0,Cash on Delivery
ORD-15788,2024-12-08,CUST-1117,Karan Joshi 117,Technology,Accessories,Mechanical Keyboard,South,Kochi,1,2100.0,0.4,100.0,UPI
ORD-15789,2024-10-25,CUST-1057,Deepak Rao 57,Office Supplies,Paper,A4 Multipurpose Copy Paper (Pack of 5),West,Mumbai,1,1140.0,0.05,440.0,Debit Card
ORD-15790,2024-08-02,CUST-1232,Aarti Kapoor 232,Technology,Accessories,USB-C Multi-Port Hub,North,Delhi,4,6120.0,0.15,2520.0,Cash on Delivery
ORD-15791,2024-11-05,CUST-1114,Sneha Reddy 114,Furniture,Chairs,Mesh Executive Chair,North,Lucknow,2,24000.0,0.0,5000.0,UPI
ORD-15792,2025-11-11,CUST-1071,Preeti Pandey 71,Apparel,Footwear,Leather Oxford Shoes,South,Bangalore,4,8960.0,0.3,2160.0,Debit Card
ORD-15793,2025-02-28,CUST-1244,Tarun Choudhury 244,Technology,Accessories,Wireless Mouse,East,Bhubaneswar,1,800.0,0.0,400.0,Net Banking
ORD-15794,2024-08-06,CUST-1117,Karan Joshi 117,Furniture,Chairs,Ergonomic Office Chair,South,Kochi,3,25500.0,0.0,7500.0,UPI
ORD-15795,2024-01-06,CUST-1026,Siddharth Jain,Furniture,Tables,Wooden Conference Table,Central,Bhopal,1,25000.0,0.0,4000.0,Cash on Delivery
ORD-15796,2025-09-23,CUST-1219,Alok Deshmukh 219,Technology,Monitors,27-inch 4K Monitor,South,Hyderabad,1,22000.0,0.0,5000.0,Net Banking
ORD-15797,2024-03-20,CUST-1054,Ananya Roy 54,Apparel,Corporate Wear,Cotton Formal Shirt,East,Patna,1,750.0,0.5,0.0,Net Banking
ORD-15798,2025-02-16,CUST-1014,Siddharth Jain,Technology,Monitors,27-inch 4K Monitor,West,Mumbai,8,158400.0,0.1,22400.0,Credit Card
ORD-15799,2024-12-15,CUST-1011,Abhishek Saxena,Furniture,Tables,Adjustable Standing Desk,East,Kolkata,1,10800.0,0.4,-3200.0,UPI
ORD-15800,2024-02-03,CUST-1245,,Furniture,Tables,Wooden Conference Table,West,Mumbai,1,21250.0,0.15,250.0,Credit Card
ORD-15801,2024-03-12,CUST-1182,Amit Kumar 182,Technology,Phones,Smartphone Pro Max,Central,Indore,2,72000.0,0.2,0.0,UPI
ORD-15802,2024-06-03,CUST-1124,Suresh Nair 124,Office Supplies,Paper,Premium Hardbound Notebook,Central,Bhopal,3,1215.0,0.1,675.0,Net Banking
ORD-15803,2025-05-11,CUST-1156,Siddharth Jain 156,Office Supplies,Storage,Heavy Duty Arch File Box,East,Kolkata,3,1755.0,0.1,705.0,Cash on Delivery
ORD-15804,2024-12-06,CUST-1082,Abhishek Saxena 82,Office Supplies,Binders,Heavy-Duty Ring Binder,West,Mumbai,3,840.0,0.0,480.0,Credit Card
ORD-15805,2024-11-13,CUST-1067,Kavita Das 67,Technology,Accessories,Mechanical Keyboard,East,Patna,2,4200.0,0.4,200.0,Net Banking
ORD-15806,2024-04-22,CUST-1200,Aarti Kapoor 200,Office Supplies,Binders,Heavy-Duty Ring Binder,West,Ahmedabad,4,672.0,0.4,192.0,Credit Card
ORD-15807,2025-05-25,CUST-1199,Karan Joshi 199,Office Supplies,Binders,Heavy-Duty Ring Binder,North,Delhi,1,168.0,0.4,48.0,UPI
ORD-15808,2025-01-26,CUST-1015,Amit Kumar,Office Supplies,Paper,A4 Multipurpose Copy Paper (Pack of 5),Central,Bhopal,5,3000.0,0.5,-500.0,Net Banking
ORD-15809,2025-11-18,CUST-1085,Pooja Verma 85,Office Supplies,Paper,A4 Multipurpose Copy Paper (Pack of 5),East,Kolkata,2,1920.0,0.2,520.0,Net Banking
ORD-15810,2025-07-15,CUST-1098,Deepak Rao 98,Furniture,Bookcases,5-Tier Wooden Bookshelf,North,Jaipur,1,5850.0,0.1,650.0,UPI
ORD-15811,2024-11-02,CUST-1072,Shweta Mishra 72,Technology,Phones,Bluetooth Wireless Earbuds,Central,Indore,3,6000.0,0.2,2400.0,Net Banking
ORD-15812,2025-12-02,CUST-1180,Manish Malhotra 180,Office Supplies,Paper,A4 Multipurpose Copy Paper (Pack of 5),North,Delhi,1,1200.0,0.0,500.0,Credit Card
ORD-15813,2025-03-24,CUST-1172,Priya Patel 172,Apparel,Corporate Wear,Cotton Formal Shirt,East,Bhubaneswar,1,1350.0,0.1,600.0,Cash on Delivery
ORD-15814,2025-03-30,CUST-1012,Ravi Pillai,Furniture,Tables,Wooden Conference Table,South,Hyderabad,1,12500.0,0.5,-8500.0,Cash on Delivery
ORD-15815,2024-04-29,CUST-1076,Deepak Rao 76,Technology,Phones,Bluetooth Wireless Earbuds,North,Chandigarh,8,12000.0,0.4,2400.0,UPI
ORD-15816,2025-03-25,CUST-1168,Meera Sen 168,Technology,Accessories,Wireless Mouse,North,Chandigarh,2,1440.0,0.1,640.0,Credit Card
ORD-15817,2025-03-12,CUST-1093,Divya Agarwal 93,Apparel,Footwear,Leather Oxford Shoes,East,Bhubaneswar,2,6080.0,0.05,2680.0,Cash on Delivery
ORD-15818,2025-10-28,CUST-1101,Abhishek Saxena 101,Office Supplies,Storage,Heavy Duty Arch File Box,North,Delhi,1,650.0,0.0,300.0,Net Banking
ORD-15819,2024-03-26,CUST-1083,Neha Gupta 83,Technology,Accessories,Mechanical Keyboard,North,Chandigarh,1,3500.0,0.0,1500.0,Net Banking
ORD-15820,2024-12-22,CUST-1029,Shweta Mishra,Apparel,Corporate Wear,Tailored Blazer,North,Delhi,4,13440.0,0.3,3040.0,Cash on Delivery
ORD-15821,2024-09-13,CUST-1046,Karan Joshi 46,Apparel,Corporate Wear,Cotton Formal Shirt,West,Ahmedabad,1,1200.0,0.2,450.0,UPI
ORD-15822,2025-06-26,CUST-1161,Manish Malhotra 161,Office Supplies,Storage,Heavy Duty Arch File Box,East,Guwahati,3,1560.0,0.2,510.0,Net Banking
ORD-15823,2025-05-14,CUST-1034,Divya Agarwal 34,Technology,Accessories,USB-C Multi-Port Hub,Central,Nagpur,1,1800.0,0.0,900.0,Cash on Delivery
ORD-15824,2024-08-26,CUST-1077,Swati Kulkarni 77,Apparel,Footwear,Leather Oxford Shoes,North,Jaipur,1,1600.0,0.5,-100.0,Credit Card
ORD-15825,2024-04-23,CUST-1093,Divya Agarwal 93,Technology,Monitors,27-inch 4K Monitor,East,Bhubaneswar,3,33000.0,0.5,-18000.0,Net Banking
ORD-15826,2025-07-01,CUST-1057,Deepak Rao 57,Furniture,Chairs,Ergonomic Office Chair,East,Guwahati,4,30600.0,0.1,6600.0,UPI
ORD-15827,2025-06-20,CUST-1174,Ananya Roy 174,Apparel,Footwear,Leather Oxford Shoes,North,Lucknow,2,6400.0,0.0,3000.0,Debit Card
ORD-15828,2025-08-30,CUST-1150,Divya Agarwal 150,Furniture,Tables,Adjustable Standing Desk,West,Surat,2,28800.0,0.2,800.0,Cash on Delivery
ORD-15829,2025-06-30,CUST-1221,Pooja Verma 221,Apparel,Corporate Wear,Tailored Blazer,North,Delhi,1,4800.0,0.0,2200.0,Debit Card
ORD-15830,2025-02-18,CUST-1205,Manish Malhotra 205,Technology,Phones,Bluetooth Wireless Earbuds,North,Noida,1,2500.0,0.0,1300.0,UPI
ORD-15831,2025-07-26,CUST-1139,Swati Kulkarni 139,Technology,Accessories,Mechanical Keyboard,South,Hyderabad,2,7000.0,0.0,3000.0,UPI
ORD-15832,2025-02-17,CUST-1224,Meera Sen 224,Technology,Monitors,27-inch 4K Monitor,North,Chandigarh,3,46200.0,0.3,-4800.0,UPI
ORD-15833,2024-08-19,CUST-1231,Siddharth Jain 231,Office Supplies,Paper,A4 Multipurpose Copy Paper (Pack of 5),West,Ahmedabad,4,2400.0,0.5,-400.0,UPI
ORD-15834,2024-11-13,CUST-1193,Ravi Pillai 193,Technology,Accessories,USB-C Multi-Port Hub,East,Guwahati,1,900.0,0.5,0.0,Net Banking
ORD-15835,2024-12-21,CUST-1102,Karan Joshi 102,Furniture,Chairs,Ergonomic Office Chair,East,Kolkata,1,7225.0,0.15,1225.0,Credit Card
ORD-15836,2025-01-19,CUST-1132,Gaurav Tiwari 132,Office Supplies,Binders,Heavy-Duty Ring Binder,South,Chennai,3,420.0,0.5,60.0,Credit Card
ORD-15837,2024-07-01,CUST-1084,Aarti Kapoor 84,Furniture,Tables,Adjustable Standing Desk,West,Mumbai,3,54000.0,0.0,12000.0,Net Banking
ORD-15838,2025-09-21,CUST-1069,Siddharth Jain 69,Technology,Accessories,Wireless Mouse,Central,Indore,2,1120.0,0.3,320.0,Credit Card
ORD-15839,2025-10-27,CUST-1128,Priya Patel 128,Technology,Phones,Smartphone Pro Max,Central,Bhopal,2,81000.0,0.1,9000.0,UPI
ORD-15840,2024-02-27,CUST-1014,Siddharth Jain,Technology,Accessories,Wireless Mouse,East,Guwahati,1,720.0,0.1,320.0,Cash on Delivery
ORD-15841,2024-10-21,CUST-1248,Neha Gupta 248,Furniture,Chairs,Mesh Executive Chair,Central,Bhopal,5,60000.0,0.0,12500.0,Debit Card
ORD-15842,2025-03-16,CUST-1016,Swati Kulkarni,Furniture,Chairs,Mesh Executive Chair,West,Surat,1,7200.0,0.4,-2300.0,Cash on Delivery
ORD-15843,2025-12-14,CUST-1161,Manish Malhotra 161,Office Supplies,Binders,Heavy-Duty Ring Binder,North,Chandigarh,1,266.0,0.05,146.0,Net Banking
ORD-15844,2025-01-16,CUST-1160,Swati Kulkarni 160,Technology,Accessories,Wireless Mouse,West,Ahmedabad,2,800.0,0.5,0.0,UPI
ORD-15845,2025-10-12,CUST-1081,Priya Patel 81,Apparel,Corporate Wear,Tailored Blazer,South,Bangalore,1,4800.0,0.0,2200.0,Credit Card
ORD-15846,2025-05-15,CUST-1168,Meera Sen 168,Apparel,Corporate Wear,Cotton Formal Shirt,Central,Bhopal,1,1050.0,0.3,300.0,Net Banking
ORD-15847,2024-09-26,CUST-1095,Preeti Pandey 95,Technology,Phones,Smartphone Pro Max,South,Bangalore,2,90000.0,0.0,18000.0,Debit Card
ORD-15848,2025-10-07,CUST-1230,Sneha Reddy 230,Technology,Phones,Smartphone Pro Max,Central,Nagpur,4,153000.0,0.15,9000.0,Net Banking
ORD-15849,2024-10-18,CUST-1131,Priya Patel 131,Technology,Accessories,Wireless Mouse,Central,Indore,1,720.0,0.1,320.0,UPI
ORD-15850,2025-01-26,CUST-1041,Gaurav Tiwari 41,Apparel,Corporate Wear,Cotton Formal Shirt,South,Hyderabad,3,3150.0,0.3,900.0,Credit Card
ORD-15851,2024-10-01,CUST-1095,Preeti Pandey 95,Technology,Phones,Bluetooth Wireless Earbuds,Central,Indore,1,2125.0,0.15,925.0,UPI
ORD-15852,2024-04-29,CUST-1049,Aarti Kapoor 49,Furniture,Bookcases,5-Tier Wooden Bookshelf,South,Hyderabad,2,13000.0,0.0,2600.0,Net Banking
ORD-15853,2025-07-20,CUST-1131,Priya Patel 131,Office Supplies,Binders,Heavy-Duty Ring Binder,West,Mumbai,3,840.0,0.0,480.0,Credit Card
ORD-15854,2025-09-29,CUST-1192,Abhishek Saxena 192,Technology,Phones,Smartphone Pro Max,Central,Nagpur,1,27000.0,0.4,-9000.0,UPI
ORD-15855,2025-01-02,CUST-1192,Abhishek Saxena 192,Technology,Accessories,USB-C Multi-Port Hub,West,Mumbai,1,1800.0,0.0,900.0,Net Banking
ORD-15856,2024-09-21,CUST-1162,Tarun Choudhury 162,Technology,Accessories,Mechanical Keyboard,West,Ahmedabad,1,2800.0,0.2,800.0,Cash on Delivery
ORD-15857,2025-09-10,CUST-1235,Bhavna Shah 235,Furniture,Chairs,Ergonomic Office Chair,South,Chennai,2,8500.0,0.5,-3500.0,Credit Card
ORD-15858,2025-01-26,CUST-1144,Shweta Mishra 144,Apparel,Footwear,Leather Oxford Shoes,Central,Indore,1,1920.0,0.4,220.0,Net Banking
ORD-15859,2025-09-18,CUST-1052,Amit Kumar 52,Technology,Accessories,Mechanical Keyboard,Central,Bhopal,2,7000.0,0.0,3000.0,Credit Card
ORD-15860,2025-09-09,CUST-1013,Tarun Choudhury,Office Supplies,Paper,Premium Hardbound Notebook,North,Jaipur,1,360.0,0.2,180.0,UPI
ORD-15861,2025-03-25,CUST-1021,Rohan Mehta,Technology,Phones,Bluetooth Wireless Earbuds,West,Mumbai,1,2375.0,0.05,1175.0,Cash on Delivery
ORD-15862,2024-10-31,CUST-1036,Karan Joshi 36,Furniture,Bookcases,5-Tier Wooden Bookshelf,Central,Bhopal,2,10400.0,0.2,0.0,Net Banking
ORD-15863,2025-08-15,CUST-1074,Tarun Choudhury 74,Furniture,Chairs,Ergonomic Office Chair,East,Patna,1,6800.0,0.2,800.0,Debit Card
ORD-15864,2025-11-25,CUST-1022,Neha Gupta,Furniture,Tables,Wooden Conference Table,West,Ahmedabad,1,20000.0,0.2,-1000.0,Cash on Delivery
ORD-15865,2024-04-30,CUST-1095,Preeti Pandey 95,Technology,Accessories,Mechanical Keyboard,Central,Nagpur,1,3500.0,0.0,1500.0,Debit Card
ORD-15866,2025-01-25,CUST-1180,Manish Malhotra 180,Furniture,Chairs,Mesh Executive Chair,North,Noida,1,7200.0,0.4,-2300.0,Cash on Delivery
ORD-15867,2025-05-05,CUST-1225,Aditya Bose 225,Office Supplies,Storage,Heavy Duty Arch File Box,South,Chennai,8,5200.0,0.0,2400.0,Credit Card
ORD-15868,2024-07-22,CUST-1003,Rahul Sharma,Furniture,Tables,Adjustable Standing Desk,South,Chennai,1,17100.0,0.05,3100.0,Cash on Delivery
ORD-15869,2025-06-21,CUST-1162,Tarun Choudhury 162,Furniture,Chairs,Mesh Executive Chair,North,Noida,1,12000.0,0.0,2500.0,Debit Card
ORD-15870,2024-01-28,CUST-1157,Siddharth Jain 157,Technology,Phones,Bluetooth Wireless Earbuds,East,Kolkata,1,2500.0,0.0,1300.0,Debit Card
ORD-15871,2024-09-08,CUST-1199,Karan Joshi 199,Apparel,Corporate Wear,Tailored Blazer,East,Guwahati,1,4320.0,0.1,1720.0,Net Banking
ORD-15872,2024-02-11,CUST-1208,Rahul Sharma 208,Office Supplies,Binders,Heavy-Duty Ring Binder,South,Kochi,1,280.0,0.0,160.0,Net Banking
ORD-15873,2024-11-18,CUST-1130,Preeti Pandey 130,Office Supplies,Storage,Heavy Duty Arch File Box,East,Bhubaneswar,1,650.0,0.0,300.0,Debit Card
ORD-15874,2024-07-29,CUST-1249,Priya Patel 249,Office Supplies,Binders,Heavy-Duty Ring Binder,South,Bangalore,3,504.0,0.4,144.0,Credit Card
ORD-15875,2024-07-25,CUST-1049,Aarti Kapoor 49,Technology,Accessories,Mechanical Keyboard,Central,Indore,1,1750.0,0.5,-250.0,Cash on Delivery
ORD-15876,2025-07-09,CUST-1044,Manish Malhotra 44,Furniture,Tables,Wooden Conference Table,East,Guwahati,1,17500.0,0.3,-3500.0,Debit Card
ORD-15877,2024-04-11,CUST-1135,Karan Joshi 135,Office Supplies,Paper,Premium Hardbound Notebook,South,Bangalore,1,270.0,0.4,90.0,Net Banking
ORD-15878,2024-07-11,CUST-1104,Bhavna Shah 104,Office Supplies,Art,Highlighter & Marker Set,Central,Nagpur,1,350.0,0.0,200.0,Net Banking
ORD-15879,2025-07-11,CUST-1243,Deepak Rao 243,Apparel,Footwear,Leather Oxford Shoes,East,Kolkata,1,2560.0,0.2,860.0,Cash on Delivery
ORD-15880,2025-11-28,CUST-1017,Manish Malhotra,Technology,Monitors,27-inch 4K Monitor,East,Kolkata,1,22000.0,0.0,5000.0,Debit Card
ORD-15881,2024-06-24,CUST-1140,Tarun Choudhury 140,Furniture,Tables,Adjustable Standing Desk,East,Patna,2,36000.0,0.0,8000.0,Net Banking
ORD-15882,2025-07-13,CUST-1199,Karan Joshi 199,Technology,Accessories,USB-C Multi-Port Hub,East,Bhubaneswar,1,1620.0,0.1,720.0,UPI
ORD-15883,2025-11-12,CUST-1202,Suresh Nair 202,Office Supplies,Art,Highlighter & Marker Set,Central,Indore,1,350.0,0.0,200.0,UPI
ORD-15884,2025-07-24,CUST-1016,Swati Kulkarni,Apparel,Corporate Wear,Cotton Formal Shirt,South,Hyderabad,2,3000.0,0.0,1500.0,Cash on Delivery
ORD-15885,2025-07-13,CUST-1235,Bhavna Shah 235,Office Supplies,Paper,A4 Multipurpose Copy Paper (Pack of 5),West,Ahmedabad,4,3360.0,0.3,560.0,Cash on Delivery
ORD-15886,2025-08-10,CUST-1012,Ravi Pillai,Furniture,Tables,Adjustable Standing Desk,Central,Bhopal,1,14400.0,0.2,400.0,Debit Card
ORD-15887,2025-07-06,CUST-1097,Sneha Reddy 97,Office Supplies,Art,Highlighter & Marker Set,South,Kochi,1,350.0,0.0,200.0,Credit Card
ORD-15888,2024-03-12,CUST-1172,Priya Patel 172,Apparel,Corporate Wear,Cotton Formal Shirt,North,Chandigarh,3,3600.0,0.2,1350.0,Debit Card
ORD-15889,2024-02-27,CUST-1082,Abhishek Saxena 82,Apparel,Footwear,Leather Oxford Shoes,East,Patna,1,3200.0,0.0,1500.0,Cash on Delivery
ORD-15890,2025-05-25,CUST-1186,Divya Agarwal 186,Apparel,Corporate Wear,Tailored Blazer,North,Lucknow,1,4800.0,0.0,2200.0,Debit Card
ORD-15891,2025-12-23,CUST-1062,Ravi Pillai 62,Office Supplies,Art,Highlighter & Marker Set,North,Lucknow,1,210.0,0.4,60.0,Cash on Delivery
ORD-15892,2025-05-23,CUST-1006,Neha Gupta,Furniture,Tables,Wooden Conference Table,North,Jaipur,3,63750.0,0.15,750.0,Net Banking
ORD-15893,2025-07-07,CUST-1244,Tarun Choudhury 244,Technology,Phones,Smartphone Pro Max,South,Kochi,1,45000.0,0.0,9000.0,Debit Card
ORD-15894,2024-06-20,CUST-1250,Neha Gupta 250,Technology,Phones,Smartphone Pro Max,East,Patna,1,45000.0,0.0,9000.0,Debit Card
ORD-15895,2025-05-07,CUST-1153,Vikas Singh 153,Furniture,Tables,Adjustable Standing Desk,West,Pune,1,18000.0,0.0,4000.0,Net Banking
ORD-15896,2025-07-11,CUST-1041,Gaurav Tiwari 41,Office Supplies,Art,Highlighter & Marker Set,South,Bangalore,1,175.0,0.5,25.0,Net Banking
ORD-15897,2025-02-22,CUST-1112,Ravi Pillai 112,Technology,Phones,Bluetooth Wireless Earbuds,North,Noida,1,2500.0,0.0,1300.0,Net Banking
ORD-15898,2025-06-17,CUST-1071,Preeti Pandey 71,Office Supplies,Paper,Premium Hardbound Notebook,West,Mumbai,3,1147.5,0.15,607.5,Net Banking
ORD-15899,2025-04-04,CUST-1076,Deepak Rao 76,Office Supplies,Storage,Heavy Duty Arch File Box,East,Bhubaneswar,1,325.0,0.5,-25.0,Net Banking
ORD-15900,2025-06-07,CUST-1170,Amit Kumar 170,Furniture,Bookcases,5-Tier Wooden Bookshelf,East,Patna,2,11050.0,0.15,650.0,Debit Card
ORD-15901,2025-11-10,CUST-1039,Rahul Sharma 39,Furniture,Tables,Adjustable Standing Desk,West,Surat,1,18000.0,0.0,4000.0,Cash on Delivery
ORD-15902,2024-07-01,CUST-1147,Tarun Choudhury 147,Technology,Accessories,Mechanical Keyboard,East,Bhubaneswar,1,2800.0,0.2,800.0,Net Banking
ORD-15903,2025-09-22,CUST-1070,Pooja Verma 70,Technology,Accessories,Mechanical Keyboard,East,Kolkata,1,3150.0,0.1,1150.0,UPI
ORD-15904,2024-08-21,CUST-1133,Suresh Nair 133,Technology,Monitors,27-inch 4K Monitor,East,Bhubaneswar,2,26400.0,0.4,-7600.0,Cash on Delivery
ORD-15905,2024-08-11,CUST-1061,Priya Patel 61,Technology,Phones,Bluetooth Wireless Earbuds,South,Kochi,1,2125.0,0.15,925.0,Debit Card
ORD-15906,2025-03-09,CUST-1167,Vikas Singh 167,Apparel,Corporate Wear,Cotton Formal Shirt,East,Bhubaneswar,2,2400.0,0.2,900.0,UPI
ORD-15907,2024-03-02,CUST-1059,Karan Joshi 59,Office Supplies,Paper,A4 Multipurpose Copy Paper (Pack of 5),East,Patna,2,1440.0,0.4,40.0,UPI
ORD-15908,2025-07-26,CUST-1234,Meera Sen 234,Furniture,Tables,Wooden Conference Table,South,Kochi,2,50000.0,0.0,8000.0,Debit Card
ORD-15909,2025-08-16,CUST-1042,Sneha Reddy 42,Office Supplies,Storage,Heavy Duty Arch File Box,South,Kochi,1,552.5,0.15,202.5,UPI
ORD-15910,2025-10-25,CUST-1014,Siddharth Jain,Technology,Accessories,USB-C Multi-Port Hub,South,Kochi,1,1620.0,0.1,720.0,Net Banking
ORD-15911,2025-10-13,CUST-1150,Divya Agarwal 150,Office Supplies,Storage,Heavy Duty Arch File Box,North,Jaipur,2,1300.0,0.0,600.0,Cash on Delivery
ORD-15912,2024-03-26,CUST-1002,Ananya Roy,Technology,Accessories,Mechanical Keyboard,Central,Bhopal,1,2975.0,0.15,975.0,Cash on Delivery
ORD-15913,2024-11-24,CUST-1064,Siddharth Jain 64,Technology,Accessories,Mechanical Keyboard,North,Delhi,2,4200.0,0.4,200.0,Debit Card
ORD-15914,2025-02-13,CUST-1034,Divya Agarwal 34,Office Supplies,Binders,Heavy-Duty Ring Binder,West,Pune,3,840.0,0.0,480.0,Debit Card
ORD-15915,2024-07-04,CUST-1211,Ravi Pillai 211,Technology,Phones,Bluetooth Wireless Earbuds,West,Surat,2,4750.0,0.05,2350.0,UPI
ORD-15916,2025-05-26,CUST-1199,Karan Joshi 199,Furniture,Chairs,Ergonomic Office Chair,South,Bangalore,1,6800.0,0.2,800.0,Debit Card
ORD-15917,2025-02-13,CUST-1146,Kavita Das 146,Technology,Phones,Smartphone Pro Max,North,Chandigarh,1,27000.0,0.4,-9000.0,Net Banking
ORD-15918,2024-03-08,CUST-1222,Preeti Pandey 222,Technology,Phones,Smartphone Pro Max,East,Kolkata,1,40500.0,0.1,4500.0,UPI
ORD-15919,2025-10-01,CUST-1105,Abhishek Saxena 105,Furniture,Tables,Adjustable Standing Desk,South,Chennai,8,115200.0,0.2,3200.0,Debit Card
ORD-15920,2024-09-08,CUST-1080,Amit Kumar 80,Apparel,Footwear,Leather Oxford Shoes,West,Surat,1,2560.0,0.2,860.0,Debit Card
ORD-15921,2024-03-03,CUST-1217,Bhavna Shah 217,Furniture,Bookcases,5-Tier Wooden Bookshelf,South,Hyderabad,2,9100.0,0.3,-1300.0,Debit Card
ORD-15922,2024-03-22,CUST-1021,Rohan Mehta,Office Supplies,Storage,Heavy Duty Arch File Box,North,Lucknow,2,650.0,0.5,-50.0,Debit Card
ORD-15923,2024-07-15,CUST-1184,Kavita Das 184,Apparel,Corporate Wear,Tailored Blazer,Central,Nagpur,2,8160.0,0.15,2960.0,Cash on Delivery
ORD-15924,2025-10-16,CUST-1127,Aarti Kapoor 127,Furniture,Bookcases,5-Tier Wooden Bookshelf,Central,Nagpur,1,5850.0,0.1,650.0,UPI
ORD-15925,2025-11-06,CUST-1247,Pooja Verma 247,Apparel,Corporate Wear,Cotton Formal Shirt,South,Chennai,1,1500.0,0.0,750.0,Net Banking
ORD-15926,2024-10-07,CUST-1006,Neha Gupta,Furniture,Chairs,Mesh Executive Chair,South,Kochi,2,21600.0,0.1,2600.0,Debit Card
ORD-15927,2025-10-20,CUST-1059,Karan Joshi 59,Furniture,Chairs,Mesh Executive Chair,South,Hyderabad,1,8400.0,0.3,-1100.0,Cash on Delivery
ORD-15928,2025-03-14,CUST-1243,Deepak Rao 243,Office Supplies,Binders,Heavy-Duty Ring Binder,West,Mumbai,1,196.0,0.3,76.0,Net Banking
ORD-15929,2024-05-12,CUST-1068,Amit Kumar 68,Office Supplies,Paper,Premium Hardbound Notebook,West,Surat,1,270.0,0.4,90.0,Credit Card
ORD-15930,2025-11-08,CUST-1027,Rohan Mehta,Apparel,Footwear,Leather Oxford Shoes,North,Chandigarh,2,6400.0,0.0,3000.0,UPI
ORD-15931,2024-02-02,CUST-1153,Vikas Singh 153,Apparel,Footwear,Leather Oxford Shoes,East,Patna,1,3200.0,0.0,1500.0,Cash on Delivery
ORD-15932,2025-06-04,CUST-1043,Nisha Bhat 43,Apparel,Footwear,Leather Oxford Shoes,Central,Bhopal,1,2880.0,0.1,1180.0,Credit Card
ORD-15933,2024-05-04,CUST-1033,Neha Gupta 33,Apparel,Corporate Wear,Cotton Formal Shirt,South,Kochi,1,1275.0,0.15,525.0,Cash on Delivery
ORD-15934,2025-04-26,CUST-1249,Priya Patel 249,Technology,Accessories,Mechanical Keyboard,South,Hyderabad,2,7000.0,0.0,3000.0,UPI
ORD-15935,2024-12-16,CUST-1121,Siddharth Jain 121,Apparel,Footwear,Leather Oxford Shoes,Central,Nagpur,1,1920.0,0.4,220.0,Debit Card
ORD-15936,2024-08-22,CUST-1068,Amit Kumar 68,Office Supplies,Paper,A4 Multipurpose Copy Paper (Pack of 5),East,Patna,5,6000.0,0.0,2500.0,Credit Card
ORD-15937,2024-11-09,CUST-1015,Amit Kumar,Office Supplies,Art,Highlighter & Marker Set,North,Noida,3,840.0,0.2,390.0,Credit Card
ORD-15938,2024-03-13,CUST-1241,Ananya Roy 241,Furniture,Chairs,Mesh Executive Chair,Central,Indore,2,21600.0,0.1,2600.0,Credit Card
ORD-15939,2024-11-26,CUST-1139,Swati Kulkarni 139,Furniture,Tables,Adjustable Standing Desk,West,Mumbai,3,51300.0,0.05,9300.0,UPI
ORD-15940,2024-06-08,CUST-1134,Kavita Das 134,Technology,Monitors,27-inch 4K Monitor,North,Delhi,3,66000.0,0.0,15000.0,Net Banking
ORD-15941,2024-11-11,CUST-1025,Rahul Sharma,Apparel,Corporate Wear,Cotton Formal Shirt,North,Jaipur,1,1050.0,0.3,300.0,Cash on Delivery
ORD-15942,2025-06-01,CUST-1150,Divya Agarwal 150,Furniture,Chairs,Ergonomic Office Chair,East,Guwahati,1,8500.0,0.0,2500.0,Debit Card
ORD-15943,2024-01-29,CUST-1114,Sneha Reddy 114,Technology,Accessories,Wireless Mouse,Central,Indore,5,4000.0,0.0,2000.0,Net Banking
ORD-15944,2024-05-13,CUST-1099,Deepak Rao 99,Furniture,Chairs,Ergonomic Office Chair,South,Kochi,1,7650.0,0.1,1650.0,Credit Card
ORD-15945,2024-05-13,CUST-1110,Sneha Reddy 110,Furniture,Bookcases,5-Tier Wooden Bookshelf,East,Bhubaneswar,1,4550.0,0.3,-650.0,Cash on Delivery
ORD-15946,2025-06-21,CUST-1014,Siddharth Jain,Furniture,Tables,Adjustable Standing Desk,East,Kolkata,2,18000.0,0.5,-10000.0,Credit Card
ORD-15947,2025-03-27,CUST-1155,Ravi Pillai 155,Apparel,Corporate Wear,Cotton Formal Shirt,East,Guwahati,2,3000.0,0.0,1500.0,Credit Card
ORD-15948,2025-09-27,CUST-1151,Vikas Singh 151,Office Supplies,Storage,Heavy Duty Arch File Box,South,Kochi,2,1300.0,0.0,600.0,Cash on Delivery
ORD-15949,2024-11-03,CUST-1069,Siddharth Jain 69,Technology,Phones,Smartphone Pro Max,Central,Nagpur,2,54000.0,0.4,-18000.0,Debit Card
ORD-15950,2025-04-08,CUST-1250,Neha Gupta 250,Apparel,Footwear,Leather Oxford Shoes,South,Chennai,1,3200.0,0.0,1500.0,Cash on Delivery
ORD-15951,2024-01-19,CUST-1026,Siddharth Jain,Office Supplies,Storage,Heavy Duty Arch File Box,West,Mumbai,1,325.0,0.5,-25.0,Debit Card
ORD-15952,2024-06-18,CUST-1124,Suresh Nair 124,Furniture,Tables,Wooden Conference Table,East,Guwahati,5,106250.0,0.15,1250.0,Debit Card
ORD-15953,2024-08-17,CUST-1050,Suresh Nair 50,Furniture,Chairs,Ergonomic Office Chair,North,Chandigarh,2,16150.0,0.05,4150.0,UPI
ORD-15954,2025-11-27,CUST-1127,Aarti Kapoor 127,Furniture,Bookcases,5-Tier Wooden Bookshelf,East,Kolkata,2,10400.0,0.2,0.0,UPI
ORD-15955,2025-04-20,CUST-1098,Deepak Rao 98,Office Supplies,Paper,A4 Multipurpose Copy Paper (Pack of 5),North,Lucknow,1,1200.0,0.0,500.0,UPI
ORD-15956,2024-02-14,CUST-1044,Manish Malhotra 44,Office Supplies,Binders,Heavy-Duty Ring Binder,Central,Indore,1,140.0,0.5,20.0,Cash on Delivery
ORD-15957,2024-12-31,CUST-1211,Ravi Pillai 211,Apparel,Corporate Wear,Cotton Formal Shirt,East,Kolkata,3,3825.0,0.15,1575.0,UPI
ORD-15958,2025-11-08,CUST-1132,Gaurav Tiwari 132,Technology,Accessories,Mechanical Keyboard,East,Bhubaneswar,1,3500.0,0.0,1500.0,Debit Card
ORD-15959,2024-08-08,CUST-1228,Deepak Rao 228,Office Supplies,Binders,Heavy-Duty Ring Binder,East,Bhubaneswar,1,168.0,0.4,48.0,Net Banking
ORD-15960,2025-10-10,CUST-1212,Karan Joshi 212,Technology,Monitors,27-inch 4K Monitor,East,Patna,2,35200.0,0.2,1200.0,Credit Card
ORD-15961,2024-07-02,CUST-1102,Karan Joshi 102,Apparel,Corporate Wear,Cotton Formal Shirt,Central,Indore,1,1500.0,0.0,750.0,UPI
ORD-15962,2024-11-25,CUST-1204,Pooja Verma 204,Furniture,Chairs,Ergonomic Office Chair,Central,Indore,1,8500.0,0.0,2500.0,Net Banking
ORD-15963,2024-11-28,CUST-1050,Suresh Nair 50,Technology,Phones,Smartphone Pro Max,West,Ahmedabad,1,22500.0,0.5,-13500.0,Debit Card
ORD-15964,2024-04-27,CUST-1152,Karan Joshi 152,Apparel,Footwear,Leather Oxford Shoes,East,Patna,1,1600.0,0.5,-100.0,Net Banking
ORD-15965,2024-06-29,CUST-1163,Swati Kulkarni 163,Furniture,Tables,Adjustable Standing Desk,South,Hyderabad,1,9000.0,0.5,-5000.0,Credit Card
ORD-15966,2025-05-19,CUST-1115,Divya Agarwal 115,Technology,Accessories,USB-C Multi-Port Hub,West,Surat,4,6840.0,0.05,3240.0,Net Banking
ORD-15967,2025-06-24,CUST-1085,Pooja Verma 85,Technology,Accessories,Wireless Mouse,East,Kolkata,1,800.0,0.0,400.0,Cash on Delivery
ORD-15968,2024-06-08,CUST-1090,Ananya Roy 90,Technology,Accessories,USB-C Multi-Port Hub,North,Delhi,5,9000.0,0.0,4500.0,Cash on Delivery
ORD-15969,2025-03-20,CUST-1116,Kavita Das 116,Technology,Phones,Bluetooth Wireless Earbuds,North,Chandigarh,1,2500.0,0.0,1300.0,Debit Card
ORD-15970,2024-10-11,CUST-1096,Deepak Rao 96,Office Supplies,Storage,Heavy Duty Arch File Box,East,Kolkata,2,1040.0,0.2,340.0,Net Banking
ORD-15971,2025-12-03,CUST-1003,Rahul Sharma,Technology,Accessories,USB-C Multi-Port Hub,West,Mumbai,3,5130.0,0.05,2430.0,Debit Card
ORD-15972,2024-01-02,CUST-1197,Siddharth Jain 197,Technology,Accessories,USB-C Multi-Port Hub,North,Lucknow,1,1530.0,0.15,630.0,Debit Card
ORD-15973,2025-04-09,CUST-1097,Sneha Reddy 97,Furniture,Tables,Wooden Conference Table,East,Patna,1,20000.0,0.2,-1000.0,Debit Card
ORD-15974,2025-04-13,CUST-1226,Rohan Mehta 226,Furniture,Chairs,Ergonomic Office Chair,South,Kochi,2,15300.0,0.1,3300.0,UPI
ORD-15975,2024-03-01,CUST-1087,Alok Deshmukh 87,Technology,Accessories,Wireless Mouse,East,Patna,2,1600.0,0.0,800.0,Credit Card
ORD-15976,2024-09-06,CUST-1014,Siddharth Jain,Furniture,Tables,Wooden Conference Table,East,Bhubaneswar,1,17500.0,0.3,-3500.0,UPI
ORD-15977,2025-03-04,CUST-1215,Sneha Reddy 215,Technology,Phones,Smartphone Pro Max,East,Patna,1,31500.0,0.3,-4500.0,Credit Card
ORD-15978,2024-01-13,CUST-1083,Neha Gupta 83,Furniture,Chairs,Ergonomic Office Chair,West,Pune,2,17000.0,0.0,5000.0,Net Banking
ORD-15979,2025-12-27,CUST-1163,Swati Kulkarni 163,Office Supplies,Storage,Heavy Duty Arch File Box,South,Chennai,1,325.0,0.5,-25.0,Net Banking
ORD-15980,2024-04-24,CUST-1091,Kavita Das 91,Technology,Accessories,Mechanical Keyboard,East,Kolkata,4,14000.0,0.0,6000.0,Net Banking
ORD-15981,2025-02-11,CUST-1032,Manish Malhotra 32,Office Supplies,Paper,Premium Hardbound Notebook,Central,Bhopal,1,315.0,0.3,135.0,UPI
ORD-15982,2024-12-05,CUST-1069,Siddharth Jain 69,Technology,Phones,Smartphone Pro Max,North,Chandigarh,2,45000.0,0.5,-27000.0,Net Banking
ORD-15983,2025-03-29,CUST-1156,Siddharth Jain 156,Office Supplies,Storage,Heavy Duty Arch File Box,South,Bangalore,2,1170.0,0.1,470.0,Net Banking
ORD-15984,2025-03-29,CUST-1009,Ravi Pillai,Apparel,Footwear,Leather Oxford Shoes,Central,Indore,2,3840.0,0.4,440.0,Net Banking
ORD-15985,2024-10-04,CUST-1212,Karan Joshi 212,Technology,Accessories,USB-C Multi-Port Hub,South,Chennai,2,2160.0,0.4,360.0,Credit Card
ORD-15986,2024-01-19,CUST-1132,Gaurav Tiwari 132,Office Supplies,Binders,Heavy-Duty Ring Binder,Central,Nagpur,1,196.0,0.3,76.0,Net Banking
ORD-15987,2025-07-30,CUST-1139,Swati Kulkarni 139,Apparel,Corporate Wear,Cotton Formal Shirt,Central,Bhopal,1,1425.0,0.05,675.0,Net Banking
ORD-15988,2024-12-22,CUST-1136,Amit Kumar 136,Office Supplies,Paper,Premium Hardbound Notebook,Central,Nagpur,1,450.0,0.0,270.0,Net Banking
ORD-15989,2024-09-16,CUST-1236,Rahul Sharma 236,Apparel,Corporate Wear,Cotton Formal Shirt,South,Chennai,1,1500.0,0.0,750.0,Cash on Delivery
ORD-15990,2025-12-31,CUST-1231,Siddharth Jain 231,Furniture,Bookcases,5-Tier Wooden Bookshelf,West,Surat,3,9750.0,0.5,-5850.0,Debit Card
ORD-15991,2024-01-17,CUST-1030,Nisha Bhat,Furniture,Chairs,Ergonomic Office Chair,South,Kochi,2,17000.0,0.0,5000.0,UPI
ORD-15992,2024-03-08,CUST-1214,Aarti Kapoor 214,Furniture,Bookcases,5-Tier Wooden Bookshelf,East,Guwahati,3,11700.0,0.4,-3900.0,UPI
ORD-15993,2024-10-18,CUST-1047,Vikas Singh 47,Furniture,Tables,Wooden Conference Table,East,Patna,5,125000.0,0.0,20000.0,Credit Card
ORD-15994,2025-04-05,CUST-1021,Rohan Mehta,Office Supplies,Storage,Heavy Duty Arch File Box,West,Mumbai,2,1300.0,0.0,600.0,Credit Card
ORD-15995,2025-12-14,CUST-1164,Kavita Das 164,Furniture,Chairs,Mesh Executive Chair,East,Kolkata,3,36000.0,0.0,7500.0,Cash on Delivery
ORD-15996,2024-03-05,CUST-1094,Shweta Mishra 94,Technology,Phones,Smartphone Pro Max,Central,Nagpur,1,42750.0,0.05,6750.0,Net Banking
ORD-15997,2025-08-17,CUST-1206,Sneha Reddy 206,Technology,Accessories,Wireless Mouse,North,Jaipur,4,1600.0,0.5,0.0,UPI
ORD-15998,2024-11-07,CUST-1079,Nisha Bhat 79,Furniture,Tables,Wooden Conference Table,Central,Indore,1,21250.0,0.15,250.0,Cash on Delivery
ORD-15999,2024-03-07,CUST-1085,Pooja Verma 85,Technology,Phones,Smartphone Pro Max,Central,Bhopal,2,90000.0,0.0,18000.0,Net Banking
ORD-16000,2025-07-27,CUST-1145,Rajesh Iyer 145,Technology,Accessories,USB-C Multi-Port Hub,North,Noida,8,14400.0,0.0,7200.0,Net Banking
ORD-16001,2025-07-01,CUST-1153,Vikas Singh 153,Technology,Accessories,Mechanical Keyboard,North,Noida,2,5600.0,0.2,1600.0,UPI
ORD-16002,2025-10-17,CUST-1237,Aditya Bose 237,Apparel,Corporate Wear,Cotton Formal Shirt,North,Jaipur,1,1500.0,0.0,750.0,Net Banking
ORD-16003,2025-10-16,CUST-1185,Aditya Bose 185,Office Supplies,Paper,Premium Hardbound Notebook,North,Delhi,2,630.0,0.3,270.0,Credit Card
ORD-16004,2025-09-15,CUST-1072,Shweta Mishra 72,Technology,Monitors,27-inch 4K Monitor,North,Chandigarh,4,61600.0,0.3,-6400.0,UPI
ORD-16005,2025-07-24,CUST-1249,Priya Patel 249,Technology,Accessories,Wireless Mouse,West,Ahmedabad,2,1440.0,0.1,640.0,UPI
ORD-16006,2024-09-18,CUST-1160,Swati Kulkarni 160,Office Supplies,Binders,Heavy-Duty Ring Binder,East,Patna,3,840.0,0.0,480.0,Debit Card
ORD-16007,2024-01-07,CUST-1009,Ravi Pillai,Furniture,Chairs,Mesh Executive Chair,North,Lucknow,1,12000.0,0.0,2500.0,Cash on Delivery
ORD-16008,2025-02-27,CUST-1024,Aditya Bose,Office Supplies,Art,Highlighter & Marker Set,West,Surat,1,350.0,0.0,200.0,Debit Card
ORD-16009,2025-09-17,CUST-1078,Rohan Mehta 78,Office Supplies,Art,Highlighter & Marker Set,East,Patna,2,700.0,0.0,400.0,Cash on Delivery
ORD-16010,2024-10-03,CUST-1216,Meera Sen 216,Office Supplies,Paper,A4 Multipurpose Copy Paper (Pack of 5),Central,Bhopal,1,1020.0,0.15,320.0,UPI
ORD-16011,2025-09-05,CUST-1147,Tarun Choudhury 147,Technology,Accessories,Mechanical Keyboard,North,Delhi,1,2800.0,0.2,800.0,Credit Card
ORD-16012,2024-08-05,CUST-1068,Amit Kumar 68,Technology,Phones,Bluetooth Wireless Earbuds,South,Kochi,4,7000.0,0.3,2200.0,Net Banking
ORD-16013,2024-02-26,CUST-1137,Rohan Mehta 137,Furniture,Bookcases,5-Tier Wooden Bookshelf,Central,Indore,4,26000.0,0.0,5200.0,Net Banking
ORD-16014,2025-06-02,CUST-1045,Suresh Nair 45,Furniture,Chairs,Mesh Executive Chair,Central,Nagpur,3,30600.0,0.15,2100.0,Debit Card
ORD-16015,2024-07-22,CUST-1178,Gaurav Tiwari 178,Furniture,Tables,Adjustable Standing Desk,West,Pune,1,10800.0,0.4,-3200.0,UPI
ORD-16016,2024-04-30,CUST-1031,Siddharth Jain 31,Furniture,Bookcases,5-Tier Wooden Bookshelf,West,Surat,1,5850.0,0.1,650.0,UPI
ORD-16017,2025-11-19,CUST-1223,Shweta Mishra 223,Technology,Phones,Smartphone Pro Max,South,Hyderabad,8,342000.0,0.05,54000.0,Credit Card
ORD-16018,2024-07-28,CUST-1121,Siddharth Jain 121,Office Supplies,Paper,A4 Multipurpose Copy Paper (Pack of 5),North,Noida,3,1800.0,0.5,-300.0,Net Banking
ORD-16019,2024-09-05,CUST-1031,Siddharth Jain 31,Office Supplies,Art,Highlighter & Marker Set,West,Pune,3,1050.0,0.0,600.0,Credit Card
ORD-16020,2024-05-30,CUST-1072,Shweta Mishra 72,Furniture,Chairs,Mesh Executive Chair,West,Pune,1,11400.0,0.05,1900.0,Cash on Delivery
ORD-16021,2024-12-23,CUST-1124,Suresh Nair 124,Apparel,Footwear,Leather Oxford Shoes,East,Patna,5,16000.0,0.0,7500.0,Cash on Delivery
ORD-16022,2024-01-07,CUST-1126,Aarti Kapoor 126,Furniture,Chairs,Ergonomic Office Chair,South,Hyderabad,1,6800.0,0.2,800.0,Debit Card
ORD-16023,2025-11-24,CUST-1134,Kavita Das 134,Technology,Accessories,Mechanical Keyboard,West,Pune,2,6300.0,0.1,2300.0,UPI
ORD-16024,2025-05-02,CUST-1220,Shweta Mishra 220,Apparel,Corporate Wear,Tailored Blazer,South,Kochi,1,4080.0,0.15,1480.0,Cash on Delivery
ORD-16025,2025-03-27,CUST-1192,Abhishek Saxena 192,Technology,Monitors,27-inch 4K Monitor,Central,Bhopal,4,61600.0,0.3,-6400.0,UPI
ORD-16026,2025-03-14,CUST-1225,Aditya Bose 225,Technology,Monitors,27-inch 4K Monitor,West,Surat,3,52800.0,0.2,1800.0,UPI
ORD-16027,2025-06-20,CUST-1016,Swati Kulkarni,Office Supplies,Paper,A4 Multipurpose Copy Paper (Pack of 5),West,Pune,3,3600.0,0.0,1500.0,Net Banking
ORD-16028,2024-05-27,CUST-1194,Ananya Roy 194,Furniture,Chairs,Ergonomic Office Chair,North,Chandigarh,10,72250.0,0.15,12250.0,UPI
ORD-16029,2024-03-06,CUST-1022,Neha Gupta,Office Supplies,Paper,A4 Multipurpose Copy Paper (Pack of 5),South,Chennai,2,1680.0,0.3,280.0,UPI
ORD-16030,2024-08-08,CUST-1214,Aarti Kapoor 214,Furniture,Tables,Wooden Conference Table,North,Jaipur,5,87500.0,0.3,-17500.0,Net Banking
ORD-16031,2024-12-11,CUST-1218,Ananya Roy 218,Apparel,Corporate Wear,Tailored Blazer,Central,Nagpur,2,9120.0,0.05,3920.0,Net Banking
ORD-16032,2024-04-01,CUST-1061,Priya Patel 61,Office Supplies,Art,Highlighter & Marker Set,Central,Nagpur,2,700.0,0.0,400.0,Cash on Delivery
ORD-16033,2024-02-01,CUST-1221,Pooja Verma 221,Furniture,Bookcases,5-Tier Wooden Bookshelf,South,Chennai,2,6500.0,0.5,-3900.0,Cash on Delivery
ORD-16034,2024-03-18,CUST-1205,Manish Malhotra 205,Technology,Monitors,27-inch 4K Monitor,South,Chennai,8,88000.0,0.5,-48000.0,Net Banking
ORD-16035,2024-12-04,CUST-1192,Abhishek Saxena 192,Office Supplies,Paper,A4 Multipurpose Copy Paper (Pack of 5),South,Kochi,3,2880.0,0.2,780.0,Debit Card
ORD-16036,2024-10-21,CUST-1084,Aarti Kapoor 84,Office Supplies,Paper,Premium Hardbound Notebook,South,Chennai,1,270.0,0.4,90.0,Credit Card
ORD-16037,2024-10-14,CUST-1213,Meera Sen 213,Furniture,Tables,Adjustable Standing Desk,West,Pune,2,28800.0,0.2,800.0,UPI
ORD-16038,2024-08-02,CUST-1133,Suresh Nair 133,Technology,Accessories,Mechanical Keyboard,East,Kolkata,2,5600.0,0.2,1600.0,UPI
ORD-16039,2025-03-18,CUST-1146,Kavita Das 146,Apparel,Footwear,Leather Oxford Shoes,South,Hyderabad,1,3200.0,0.0,1500.0,Net Banking
ORD-16040,2025-11-04,CUST-1052,Amit Kumar 52,Apparel,Corporate Wear,Cotton Formal Shirt,South,Chennai,1,1500.0,0.0,750.0,Cash on Delivery
ORD-16041,2025-06-12,CUST-1188,Karan Joshi 188,Office Supplies,Paper,Premium Hardbound Notebook,North,Jaipur,2,630.0,0.3,270.0,Cash on Delivery
ORD-16042,2025-01-17,CUST-1180,Manish Malhotra 180,Office Supplies,Binders,Heavy-Duty Ring Binder,North,Delhi,1,266.0,0.05,146.0,UPI
ORD-16043,2025-01-03,CUST-1097,Sneha Reddy 97,Furniture,Bookcases,5-Tier Wooden Bookshelf,East,Bhubaneswar,1,6500.0,0.0,1300.0,Cash on Delivery
ORD-16044,2025-01-27,CUST-1158,Karan Joshi 158,Furniture,Tables,Wooden Conference Table,North,Lucknow,1,25000.0,0.0,4000.0,Cash on Delivery
ORD-16045,2025-06-25,CUST-1140,Tarun Choudhury 140,Apparel,Footwear,Leather Oxford Shoes,North,Noida,4,7680.0,0.4,880.0,Net Banking
ORD-16046,2024-02-01,CUST-1135,Karan Joshi 135,Technology,Accessories,USB-C Multi-Port Hub,North,Delhi,2,3240.0,0.1,1440.0,Cash on Delivery
ORD-16047,2024-06-27,CUST-1235,Bhavna Shah 235,Furniture,Chairs,Ergonomic Office Chair,East,Kolkata,1,6800.0,0.2,800.0,Cash on Delivery
ORD-16048,2024-01-31,CUST-1130,Preeti Pandey 130,Furniture,Bookcases,5-Tier Wooden Bookshelf,Central,Nagpur,2,11700.0,0.1,1300.0,Debit Card
ORD-16049,2024-08-02,CUST-1206,Sneha Reddy 206,Office Supplies,Binders,Heavy-Duty Ring Binder,South,Bangalore,3,840.0,0.0,480.0,Net Banking
ORD-16050,2025-12-28,CUST-1127,Aarti Kapoor 127,Office Supplies,Storage,Heavy Duty Arch File Box,South,Chennai,3,1950.0,0.0,900.0,Cash on Delivery
ORD-16051,2024-03-18,CUST-1176,Shweta Mishra 176,Apparel,Corporate Wear,Cotton Formal Shirt,North,Jaipur,1,1350.0,0.1,600.0,Credit Card
ORD-16052,2024-02-17,CUST-1198,Aarti Kapoor 198,Apparel,Footwear,Leather Oxford Shoes,East,Guwahati,1,2560.0,0.2,860.0,Cash on Delivery
ORD-16053,2024-09-24,CUST-1046,Karan Joshi 46,Technology,Phones,Smartphone Pro Max,Central,Bhopal,2,90000.0,0.0,18000.0,UPI
ORD-16054,2025-06-22,CUST-1218,Ananya Roy 218,Office Supplies,Binders,Heavy-Duty Ring Binder,West,Surat,1,280.0,0.0,160.0,Credit Card
ORD-16055,2024-04-17,CUST-1032,Manish Malhotra 32,Technology,Monitors,27-inch 4K Monitor,East,Patna,2,30800.0,0.3,-3200.0,Debit Card
ORD-16056,2025-01-31,CUST-1002,Ananya Roy,Furniture,Chairs,Ergonomic Office Chair,North,Lucknow,2,17000.0,0.0,5000.0,Credit Card
ORD-16057,2024-03-14,CUST-1126,Aarti Kapoor 126,Apparel,Corporate Wear,Cotton Formal Shirt,North,Chandigarh,3,4500.0,0.0,2250.0,Debit Card
ORD-16058,2024-06-30,CUST-1181,Aditya Bose 181,Furniture,Chairs,Mesh Executive Chair,South,Kochi,4,28800.0,0.4,-9200.0,Cash on Delivery
ORD-16059,2025-07-18,CUST-1024,Aditya Bose,Technology,Accessories,USB-C Multi-Port Hub,Central,Indore,2,3600.0,0.0,1800.0,UPI
ORD-16060,2025-02-28,CUST-1056,Alok Deshmukh 56,Technology,Accessories,Wireless Mouse,West,Mumbai,1,800.0,0.0,400.0,Net Banking
ORD-16061,2024-06-20,CUST-1225,Aditya Bose 225,Office Supplies,Paper,Premium Hardbound Notebook,North,Noida,4,1800.0,0.0,1080.0,UPI
ORD-16062,2025-08-11,CUST-1089,Alok Deshmukh 89,Furniture,Chairs,Mesh Executive Chair,North,Delhi,1,12000.0,0.0,2500.0,Net Banking
ORD-16063,2025-09-08,CUST-1169,Rajesh Iyer 169,Technology,Monitors,27-inch 4K Monitor,West,Mumbai,1,22000.0,0.0,5000.0,Credit Card
ORD-16064,2024-07-18,CUST-1140,Tarun Choudhury 140,Technology,Accessories,Wireless Mouse,North,Lucknow,2,1600.0,0.0,800.0,Credit Card
ORD-16065,2024-01-31,CUST-1218,Ananya Roy 218,Apparel,Footwear,Leather Oxford Shoes,Central,Bhopal,3,8640.0,0.1,3540.0,UPI
ORD-16066,2024-03-17,CUST-1222,Preeti Pandey 222,Furniture,Tables,Adjustable Standing Desk,East,Guwahati,1,17100.0,0.05,3100.0,Net Banking
ORD-16067,2024-02-06,CUST-1240,Rahul Sharma 240,Office Supplies,Art,Highlighter & Marker Set,East,Bhubaneswar,4,1400.0,0.0,800.0,UPI
ORD-16068,2025-10-09,CUST-1094,Shweta Mishra 94,Technology,Accessories,Mechanical Keyboard,Central,Nagpur,1,3325.0,0.05,1325.0,Debit Card
ORD-16069,2024-08-22,CUST-1062,Ravi Pillai 62,Furniture,Chairs,Ergonomic Office Chair,West,Mumbai,1,6800.0,0.2,800.0,Credit Card
ORD-16070,2025-03-07,CUST-1034,Divya Agarwal 34,Furniture,Bookcases,5-Tier Wooden Bookshelf,North,Delhi,1,3250.0,0.5,-1950.0,Debit Card
ORD-16071,2025-01-21,CUST-1241,Ananya Roy 241,Technology,Phones,Smartphone Pro Max,East,Bhubaneswar,1,38250.0,0.15,2250.0,UPI
ORD-16072,2024-10-22,CUST-1033,Neha Gupta 33,Technology,Accessories,Wireless Mouse,Central,Indore,1,800.0,0.0,400.0,Cash on Delivery
ORD-16073,2024-06-02,CUST-1076,Deepak Rao 76,Technology,Accessories,Wireless Mouse,East,Patna,1,760.0,0.05,360.0,Debit Card
ORD-16074,2025-08-03,CUST-1162,Tarun Choudhury 162,Office Supplies,Storage,Heavy Duty Arch File Box,East,Patna,1,325.0,0.5,-25.0,UPI
ORD-16075,2024-08-15,CUST-1204,Pooja Verma 204,Office Supplies,Paper,Premium Hardbound Notebook,South,Hyderabad,2,855.0,0.05,495.0,Credit Card
ORD-16076,2025-09-11,CUST-1026,Siddharth Jain,Apparel,Footwear,Leather Oxford Shoes,West,Mumbai,3,9600.0,0.0,4500.0,Cash on Delivery
ORD-16077,2024-10-22,CUST-1097,Sneha Reddy 97,Office Supplies,Binders,Heavy-Duty Ring Binder,West,Mumbai,1,252.0,0.1,132.0,Net Banking
ORD-16078,2025-06-15,CUST-1062,Ravi Pillai 62,Technology,Phones,Smartphone Pro Max,West,Surat,1,45000.0,0.0,9000.0,Credit Card
ORD-16079,2025-08-14,CUST-1066,Bhavna Shah 66,Office Supplies,Paper,A4 Multipurpose Copy Paper (Pack of 5),West,Ahmedabad,1,1080.0,0.1,380.0,Credit Card
ORD-16080,2024-03-01,CUST-1026,Siddharth Jain,Apparel,Corporate Wear,Cotton Formal Shirt,North,Noida,1,1425.0,0.05,675.0,Credit Card
ORD-16081,2024-01-03,CUST-1025,Rahul Sharma,Office Supplies,Paper,Premium Hardbound Notebook,West,Mumbai,2,540.0,0.4,180.0,Cash on Delivery
ORD-16082,2024-01-08,CUST-1104,Bhavna Shah 104,Technology,Accessories,Wireless Mouse,Central,Bhopal,4,2720.0,0.15,1120.0,UPI
ORD-16083,2025-04-12,CUST-1249,Priya Patel 249,Furniture,Bookcases,5-Tier Wooden Bookshelf,North,Noida,4,20800.0,0.2,0.0,Net Banking
ORD-16084,2025-04-29,CUST-1163,Swati Kulkarni 163,Office Supplies,Paper,A4 Multipurpose Copy Paper (Pack of 5),North,Jaipur,1,960.0,0.2,260.0,Credit Card
ORD-16085,2025-12-17,CUST-1161,Manish Malhotra 161,Furniture,Tables,Wooden Conference Table,South,Kochi,1,15000.0,0.4,-6000.0,Cash on Delivery
ORD-16086,2025-10-16,CUST-1245,Preeti Pandey 245,Technology,Monitors,27-inch 4K Monitor,North,Lucknow,4,79200.0,0.1,11200.0,Cash on Delivery
ORD-16087,2025-05-12,CUST-1021,Rohan Mehta,Technology,Accessories,Wireless Mouse,South,Kochi,3,2040.0,0.15,840.0,Credit Card
ORD-16088,2024-10-18,CUST-1193,Ravi Pillai 193,Furniture,Tables,Wooden Conference Table,North,Jaipur,1,25000.0,0.0,4000.0,Net Banking
ORD-16089,2024-04-27,CUST-1176,Shweta Mishra 176,Apparel,Footwear,Leather Oxford Shoes,East,Patna,1,3200.0,0.0,1500.0,Debit Card
ORD-16090,2025-01-07,CUST-1149,Shweta Mishra 149,Office Supplies,Paper,A4 Multipurpose Copy Paper (Pack of 5),West,Mumbai,5,6000.0,0.0,2500.0,UPI
ORD-16091,2024-05-28,CUST-1161,Manish Malhotra 161,Technology,Accessories,Wireless Mouse,East,Patna,1,760.0,0.05,360.0,Debit Card
ORD-16092,2025-03-10,CUST-1234,Meera Sen 234,Furniture,Tables,Adjustable Standing Desk,South,Kochi,2,18000.0,0.5,-10000.0,Debit Card
ORD-16093,2024-07-27,CUST-1106,Shweta Mishra 106,Technology,Accessories,USB-C Multi-Port Hub,North,Noida,1,1080.0,0.4,180.0,Credit Card
ORD-16094,2024-09-24,CUST-1083,Neha Gupta 83,Technology,Accessories,Mechanical Keyboard,Central,Bhopal,1,2800.0,0.2,800.0,Debit Card
ORD-16095,2025-03-28,CUST-1011,Abhishek Saxena,Technology,Phones,Bluetooth Wireless Earbuds,South,Kochi,1,2250.0,0.1,1050.0,UPI
ORD-16096,2025-05-18,CUST-1016,Swati Kulkarni,Office Supplies,Storage,Heavy Duty Arch File Box,North,Lucknow,1,650.0,0.0,300.0,Debit Card
ORD-16097,2024-11-26,CUST-1052,Amit Kumar 52,Technology,Accessories,USB-C Multi-Port Hub,South,Hyderabad,3,3780.0,0.3,1080.0,Net Banking
ORD-16098,2024-07-09,CUST-1048,Rohan Mehta 48,Apparel,Corporate Wear,Tailored Blazer,North,Noida,1,4800.0,0.0,2200.0,Net Banking
ORD-16099,2025-01-13,CUST-1069,Siddharth Jain 69,Technology,Accessories,Mechanical Keyboard,North,Chandigarh,1,2450.0,0.3,450.0,Cash on Delivery
ORD-16100,2024-02-07,CUST-1090,Ananya Roy 90,Apparel,Corporate Wear,Tailored Blazer,West,Pune,2,6720.0,0.3,1520.0,Credit Card
ORD-16101,2025-09-20,CUST-1053,Kavita Das 53,Furniture,Chairs,Ergonomic Office Chair,Central,Nagpur,1,8500.0,0.0,2500.0,UPI
ORD-16102,2025-07-10,CUST-1042,Sneha Reddy 42,Apparel,Footwear,Leather Oxford Shoes,East,Patna,1,3200.0,0.0,1500.0,Credit Card
ORD-16103,2024-03-03,CUST-1201,Shweta Mishra 201,Office Supplies,Paper,Premium Hardbound Notebook,West,Surat,1,360.0,0.2,180.0,Net Banking
ORD-16104,2025-01-20,CUST-1067,Kavita Das 67,Office Supplies,Art,Highlighter & Marker Set,Central,Indore,1,297.5,0.15,147.5,UPI
ORD-16105,2025-07-22,CUST-1067,Kavita Das 67,Office Supplies,Paper,A4 Multipurpose Copy Paper (Pack of 5),North,Delhi,2,2160.0,0.1,760.0,Credit Card
ORD-16106,2025-08-10,CUST-1149,Shweta Mishra 149,Apparel,Footwear,Leather Oxford Shoes,South,Hyderabad,2,6400.0,0.0,3000.0,Cash on Delivery
ORD-16107,2025-08-15,CUST-1227,Vikas Singh 227,Technology,Monitors,27-inch 4K Monitor,Central,Indore,1,22000.0,0.0,5000.0,Cash on Delivery
ORD-16108,2024-12-18,CUST-1196,Tarun Choudhury 196,Technology,Phones,Smartphone Pro Max,West,Pune,2,90000.0,0.0,18000.0,Debit Card
ORD-16109,2025-10-08,CUST-1048,Rohan Mehta 48,Apparel,Corporate Wear,Tailored Blazer,East,Patna,3,14400.0,0.0,6600.0,Cash on Delivery
ORD-16110,2024-05-05,CUST-1221,Pooja Verma 221,Apparel,Footwear,Leather Oxford Shoes,Central,Bhopal,3,9600.0,0.0,4500.0,Cash on Delivery
ORD-16111,2024-07-29,CUST-1208,Rahul Sharma 208,Technology,Accessories,Mechanical Keyboard,West,Pune,1,2800.0,0.2,800.0,Net Banking
ORD-16112,2024-08-12,CUST-1228,Deepak Rao 228,Technology,Accessories,Wireless Mouse,Central,Bhopal,3,2280.0,0.05,1080.0,Cash on Delivery
ORD-16113,2025-06-23,CUST-1075,Alok Deshmukh 75,Technology,Accessories,Wireless Mouse,North,Chandigarh,2,1120.0,0.3,320.0,Net Banking
ORD-16114,2025-08-29,CUST-1037,Gaurav Tiwari 37,Technology,Accessories,USB-C Multi-Port Hub,Central,Nagpur,1,1800.0,0.0,900.0,Debit Card
ORD-16115,2024-01-14,CUST-1217,Bhavna Shah 217,Office Supplies,Binders,Heavy-Duty Ring Binder,North,Noida,2,280.0,0.5,40.0,Debit Card
ORD-16116,2025-05-11,CUST-1076,Deepak Rao 76,Furniture,Tables,Wooden Conference Table,West,Ahmedabad,1,20000.0,0.2,-1000.0,Cash on Delivery
ORD-16117,2024-04-29,CUST-1228,Deepak Rao 228,Furniture,Tables,Wooden Conference Table,South,Kochi,3,52500.0,0.3,-10500.0,Credit Card
ORD-16118,2025-07-19,CUST-1165,Deepak Rao 165,Furniture,Tables,Wooden Conference Table,South,Bangalore,3,63750.0,0.15,750.0,Debit Card
ORD-16119,2025-02-27,CUST-1127,Aarti Kapoor 127,Office Supplies,Storage,Heavy Duty Arch File Box,Central,Indore,2,910.0,0.3,210.0,Cash on Delivery
ORD-16120,2024-06-16,CUST-1145,Rajesh Iyer 145,Office Supplies,Paper,Premium Hardbound Notebook,South,Kochi,1,315.0,0.3,135.0,Credit Card
ORD-16121,2024-06-20,CUST-1247,Pooja Verma 247,Furniture,Tables,Adjustable Standing Desk,South,Kochi,3,51300.0,0.05,9300.0,Cash on Delivery
ORD-16122,2024-03-21,CUST-1147,Tarun Choudhury 147,Technology,Accessories,Mechanical Keyboard,West,Surat,1,2975.0,0.15,975.0,UPI
ORD-16123,2024-09-28,CUST-1017,Manish Malhotra,Furniture,Chairs,Mesh Executive Chair,West,Pune,1,8400.0,0.3,-1100.0,Net Banking
ORD-16124,2025-06-14,CUST-1167,Vikas Singh 167,Furniture,Chairs,Mesh Executive Chair,South,Kochi,1,7200.0,0.4,-2300.0,UPI
ORD-16125,2025-10-18,CUST-1111,Siddharth Jain 111,Technology,Accessories,Mechanical Keyboard,West,Mumbai,2,4900.0,0.3,900.0,UPI
ORD-16126,2024-06-12,CUST-1175,Vikas Singh 175,Furniture,Tables,Adjustable Standing Desk,South,Chennai,1,17100.0,0.05,3100.0,Net Banking
ORD-16127,2024-09-13,CUST-1187,Meera Sen 187,Furniture,Chairs,Ergonomic Office Chair,East,Bhubaneswar,2,17000.0,0.0,5000.0,Credit Card
ORD-16128,2024-03-18,CUST-1135,Karan Joshi 135,Furniture,Tables,Adjustable Standing Desk,South,Hyderabad,1,15300.0,0.15,1300.0,Net Banking
ORD-16129,2024-05-02,CUST-1207,Divya Agarwal 207,Office Supplies,Storage,Heavy Duty Arch File Box,Central,Bhopal,1,650.0,0.0,300.0,UPI
ORD-16130,2024-10-20,CUST-1237,Aditya Bose 237,Technology,Monitors,27-inch 4K Monitor,North,Chandigarh,1,15400.0,0.3,-1600.0,Cash on Delivery
ORD-16131,2025-05-08,CUST-1227,Vikas Singh 227,Furniture,Chairs,Mesh Executive Chair,West,Ahmedabad,1,10200.0,0.15,700.0,Debit Card
ORD-16132,2025-03-03,CUST-1223,Shweta Mishra 223,Furniture,Tables,Wooden Conference Table,East,Bhubaneswar,1,25000.0,0.0,4000.0,Net Banking
ORD-16133,2025-06-08,CUST-1137,Rohan Mehta 137,Furniture,Bookcases,5-Tier Wooden Bookshelf,Central,Bhopal,1,6175.0,0.05,975.0,Net Banking
ORD-16134,2025-10-14,CUST-1004,Ravi Pillai,Apparel,Corporate Wear,Tailored Blazer,Central,Nagpur,1,2880.0,0.4,280.0,Credit Card
ORD-16135,2024-02-16,CUST-1032,Manish Malhotra 32,Furniture,Tables,Wooden Conference Table,Central,Nagpur,1,15000.0,0.4,-6000.0,UPI
ORD-16136,2025-02-18,CUST-1096,Deepak Rao 96,Office Supplies,Storage,Heavy Duty Arch File Box,North,Noida,2,1300.0,0.0,600.0,Debit Card
ORD-16137,2024-03-11,CUST-1131,Priya Patel 131,Technology,Accessories,Mechanical Keyboard,South,Hyderabad,1,2800.0,0.2,800.0,Credit Card
ORD-16138,2025-07-23,CUST-1135,Karan Joshi 135,Technology,Monitors,27-inch 4K Monitor,East,Kolkata,2,39600.0,0.1,5600.0,Net Banking
ORD-16139,2024-02-04,CUST-1238,Suresh Nair 238,Apparel,Corporate Wear,Tailored Blazer,East,Bhubaneswar,3,11520.0,0.2,3720.0,Credit Card
ORD-16140,2024-03-21,CUST-1068,Amit Kumar 68,Apparel,Footwear,Leather Oxford Shoes,South,Bangalore,2,6080.0,0.05,2680.0,Net Banking
ORD-16141,2024-05-16,CUST-1196,Tarun Choudhury 196,Technology,Phones,Bluetooth Wireless Earbuds,Central,Nagpur,1,2500.0,0.0,1300.0,Debit Card
ORD-16142,2024-10-01,CUST-1199,Karan Joshi 199,Apparel,Corporate Wear,Cotton Formal Shirt,South,Hyderabad,2,3000.0,0.0,1500.0,Net Banking
ORD-16143,2024-10-20,CUST-1066,Bhavna Shah 66,Apparel,Footwear,Leather Oxford Shoes,South,Kochi,1,2560.0,0.2,860.0,Cash on Delivery
ORD-16144,2024-04-08,CUST-1053,Kavita Das 53,Furniture,Chairs,Mesh Executive Chair,East,Bhubaneswar,4,48000.0,0.0,10000.0,Net Banking
ORD-16145,2025-12-13,CUST-1027,Rohan Mehta,Apparel,Corporate Wear,Tailored Blazer,North,Jaipur,1,4560.0,0.05,1960.0,Cash on Delivery
ORD-16146,2024-07-08,CUST-1094,Shweta Mishra 94,Apparel,Corporate Wear,Cotton Formal Shirt,Central,Bhopal,1,1500.0,0.0,750.0,UPI
ORD-16147,2024-07-23,CUST-1102,Karan Joshi 102,Office Supplies,Binders,Heavy-Duty Ring Binder,North,Chandigarh,1,266.0,0.05,146.0,Credit Card
ORD-16148,2025-05-30,CUST-1080,Amit Kumar 80,Technology,Accessories,USB-C Multi-Port Hub,East,Guwahati,1,1800.0,0.0,900.0,Cash on Delivery
ORD-16149,2025-05-19,CUST-1080,Amit Kumar 80,Technology,Accessories,Wireless Mouse,East,Bhubaneswar,1,720.0,0.1,320.0,Cash on Delivery
ORD-16150,2025-06-05,CUST-1019,Rahul Sharma,Technology,Accessories,Wireless Mouse,West,Mumbai,1,800.0,0.0,400.0,Net Banking
ORD-16151,2025-05-07,CUST-1138,Bhavna Shah 138,Technology,Accessories,USB-C Multi-Port Hub,South,Chennai,1,1710.0,0.05,810.0,Cash on Delivery
ORD-16152,2025-10-25,CUST-1232,Aarti Kapoor 232,Apparel,Footwear,Leather Oxford Shoes,South,Bangalore,3,9600.0,0.0,4500.0,Credit Card
ORD-16153,2025-04-03,CUST-1166,Neha Gupta 166,Apparel,Corporate Wear,Cotton Formal Shirt,North,Jaipur,1,1275.0,0.15,525.0,Credit Card
ORD-16154,2025-08-30,CUST-1082,Abhishek Saxena 82,Furniture,Chairs,Mesh Executive Chair,East,Bhubaneswar,1,12000.0,0.0,2500.0,UPI
ORD-16155,2025-03-25,CUST-1043,Nisha Bhat 43,Furniture,Tables,Wooden Conference Table,Central,Indore,1,25000.0,0.0,4000.0,Debit Card
ORD-16156,2025-03-18,CUST-1205,Manish Malhotra 205,Technology,Monitors,27-inch 4K Monitor,South,Bangalore,3,52800.0,0.2,1800.0,Net Banking
ORD-16157,2025-07-19,CUST-1008,Vikas Singh,Technology,Accessories,USB-C Multi-Port Hub,Central,Indore,1,1800.0,0.0,900.0,UPI
ORD-16158,2024-10-10,CUST-1020,Amit Kumar,Technology,Phones,Bluetooth Wireless Earbuds,Central,Bhopal,1,1750.0,0.3,550.0,UPI
ORD-16159,2024-06-11,CUST-1010,Ananya Roy,Apparel,Corporate Wear,Tailored Blazer,South,Kochi,1,2880.0,0.4,280.0,Net Banking
ORD-16160,2024-11-10,CUST-1104,Bhavna Shah 104,Technology,Monitors,27-inch 4K Monitor,South,Kochi,2,26400.0,0.4,-7600.0,Net Banking
ORD-16161,2025-10-26,CUST-1206,Sneha Reddy 206,Technology,Phones,Bluetooth Wireless Earbuds,East,Guwahati,5,12500.0,0.0,6500.0,Net Banking
ORD-16162,2024-07-11,CUST-1157,Siddharth Jain 157,Furniture,Bookcases,5-Tier Wooden Bookshelf,North,Lucknow,1,3250.0,0.5,-1950.0,Cash on Delivery
ORD-16163,2024-02-20,CUST-1110,Sneha Reddy 110,Office Supplies,Paper,A4 Multipurpose Copy Paper (Pack of 5),East,Patna,1,960.0,0.2,260.0,Cash on Delivery
ORD-16164,2025-07-15,CUST-1065,Ananya Roy 65,Furniture,Chairs,Mesh Executive Chair,East,Guwahati,5,57000.0,0.05,9500.0,Credit Card
ORD-16165,2025-05-02,CUST-1190,Alok Deshmukh 190,Office Supplies,Paper,A4 Multipurpose Copy Paper (Pack of 5),East,Kolkata,4,2880.0,0.4,80.0,Debit Card
ORD-16166,2024-11-15,CUST-1124,Suresh Nair 124,Office Supplies,Binders,Heavy-Duty Ring Binder,Central,Indore,2,280.0,0.5,40.0,Debit Card
ORD-16167,2024-12-13,CUST-1106,Shweta Mishra 106,Technology,Accessories,USB-C Multi-Port Hub,Central,Nagpur,4,4320.0,0.4,720.0,Credit Card
ORD-16168,2025-03-26,CUST-1075,Alok Deshmukh 75,Furniture,Tables,Wooden Conference Table,Central,Nagpur,4,95000.0,0.05,11000.0,Cash on Delivery
ORD-16169,2025-01-21,CUST-1010,Ananya Roy,Furniture,Tables,Wooden Conference Table,South,Hyderabad,1,25000.0,0.0,4000.0,Credit Card
ORD-16170,2024-12-25,CUST-1100,Rohan Mehta 100,Office Supplies,Binders,Heavy-Duty Ring Binder,North,Lucknow,1,196.0,0.3,76.0,Cash on Delivery
ORD-16171,2024-06-26,CUST-1159,Ravi Pillai 159,Furniture,Bookcases,5-Tier Wooden Bookshelf,Central,Nagpur,2,13000.0,0.0,2600.0,Net Banking
ORD-16172,2024-04-21,CUST-1186,Divya Agarwal 186,Technology,Accessories,Wireless Mouse,South,Kochi,3,2280.0,0.05,1080.0,Credit Card
ORD-16173,2025-08-26,CUST-1075,Alok Deshmukh 75,Technology,Accessories,Wireless Mouse,South,Bangalore,1,560.0,0.3,160.0,Debit Card
ORD-16174,2024-04-02,CUST-1161,Manish Malhotra 161,Technology,Monitors,27-inch 4K Monitor,East,Kolkata,2,35200.0,0.2,1200.0,Debit Card
ORD-16175,2024-11-22,CUST-1004,Ravi Pillai,Apparel,Corporate Wear,Cotton Formal Shirt,East,Kolkata,2,1500.0,0.5,0.0,Net Banking
ORD-16176,2024-01-04,CUST-1222,Preeti Pandey 222,Office Supplies,Binders,Heavy-Duty Ring Binder,Central,Bhopal,2,532.0,0.05,292.0,UPI
ORD-16177,2024-08-28,CUST-1033,Neha Gupta 33,Furniture,Tables,Wooden Conference Table,North,Lucknow,2,42500.0,0.15,500.0,Cash on Delivery
ORD-16178,2024-10-03,CUST-1228,Deepak Rao 228,Office Supplies,Paper,Premium Hardbound Notebook,West,Surat,1,382.5,0.15,202.5,Net Banking
ORD-16179,2024-11-04,CUST-1055,Deepak Rao 55,Technology,Phones,Bluetooth Wireless Earbuds,Central,Bhopal,8,14000.0,0.3,4400.0,UPI
ORD-16180,2024-12-15,CUST-1224,Meera Sen 224,Furniture,Bookcases,5-Tier Wooden Bookshelf,West,Surat,1,5850.0,0.1,650.0,UPI
ORD-16181,2024-02-22,CUST-1147,Tarun Choudhury 147,Office Supplies,Paper,Premium Hardbound Notebook,North,Delhi,3,1080.0,0.2,540.0,UPI
ORD-16182,2025-02-21,CUST-1225,Aditya Bose 225,Technology,Accessories,USB-C Multi-Port Hub,West,Pune,8,10080.0,0.3,2880.0,Net Banking
ORD-16183,2025-02-19,CUST-1006,Neha Gupta,Technology,Monitors,27-inch 4K Monitor,West,Ahmedabad,2,35200.0,0.2,1200.0,Cash on Delivery
ORD-16184,2025-04-19,CUST-1180,Manish Malhotra 180,Apparel,Footwear,Leather Oxford Shoes,North,Noida,1,3040.0,0.05,1340.0,Credit Card
ORD-16185,2025-12-08,CUST-1210,Tarun Choudhury 210,Office Supplies,Paper,Premium Hardbound Notebook,Central,Indore,1,382.5,0.15,202.5,Debit Card
ORD-16186,2024-09-26,CUST-1101,Abhishek Saxena 101,Technology,Accessories,Wireless Mouse,East,Bhubaneswar,1,800.0,0.0,400.0,Net Banking
ORD-16187,2024-01-22,CUST-1096,Deepak Rao 96,Furniture,Chairs,Ergonomic Office Chair,South,Chennai,3,22950.0,0.1,4950.0,Cash on Delivery
ORD-16188,2025-12-22,CUST-1112,Ravi Pillai 112,Apparel,Footwear,Leather Oxford Shoes,East,Guwahati,3,5760.0,0.4,660.0,UPI
ORD-16189,2025-06-10,CUST-1120,Nisha Bhat 120,Furniture,Bookcases,5-Tier Wooden Bookshelf,Central,Nagpur,1,6500.0,0.0,1300.0,Debit Card
ORD-16190,2025-11-08,CUST-1241,Ananya Roy 241,Furniture,Tables,Wooden Conference Table,Central,Indore,1,25000.0,0.0,4000.0,Credit Card
ORD-16191,2025-02-03,CUST-1031,Siddharth Jain 31,Apparel,Footwear,Leather Oxford Shoes,South,Kochi,2,6400.0,0.0,3000.0,Credit Card
ORD-16192,2025-11-01,CUST-1156,Siddharth Jain 156,Furniture,Chairs,Ergonomic Office Chair,North,Noida,2,15300.0,0.1,3300.0,Debit Card
ORD-16193,2024-08-08,CUST-1242,Bhavna Shah 242,Technology,Accessories,USB-C Multi-Port Hub,South,Bangalore,3,4860.0,0.1,2160.0,Debit Card
ORD-16194,2024-12-04,CUST-1156,Siddharth Jain 156,Technology,Accessories,Wireless Mouse,North,Chandigarh,1,640.0,0.2,240.0,Net Banking
ORD-16195,2025-07-24,CUST-1125,Preeti Pandey 125,Technology,Phones,Bluetooth Wireless Earbuds,South,Bangalore,1,2375.0,0.05,1175.0,Net Banking
ORD-16196,2024-12-22,CUST-1135,Karan Joshi 135,Furniture,Chairs,Ergonomic Office Chair,East,Kolkata,2,14450.0,0.15,2450.0,UPI
ORD-16197,2024-02-23,CUST-1073,Aditya Bose 73,Technology,Phones,Smartphone Pro Max,South,Kochi,2,63000.0,0.3,-9000.0,Net Banking
ORD-16198,2025-05-13,CUST-1156,Siddharth Jain 156,Office Supplies,Paper,A4 Multipurpose Copy Paper (Pack of 5),Central,Nagpur,2,2280.0,0.05,880.0,Credit Card
ORD-16199,2024-05-15,CUST-1070,Pooja Verma 70,Office Supplies,Paper,Premium Hardbound Notebook,East,Bhubaneswar,2,450.0,0.5,90.0,Net Banking
ORD-16200,2025-04-27,CUST-1081,Priya Patel 81,Furniture,Bookcases,5-Tier Wooden Bookshelf,East,Kolkata,3,19500.0,0.0,3900.0,Cash on Delivery
ORD-16201,2024-12-01,CUST-1237,Aditya Bose 237,Technology,Monitors,27-inch 4K Monitor,Central,Nagpur,2,39600.0,0.1,5600.0,Debit Card
ORD-16202,2024-07-27,CUST-1144,Shweta Mishra 144,Apparel,Corporate Wear,Cotton Formal Shirt,South,Kochi,3,3150.0,0.3,900.0,Net Banking
ORD-16203,2025-08-08,CUST-1072,Shweta Mishra 72,Technology,Phones,Smartphone Pro Max,South,Kochi,1,40500.0,0.1,4500.0,Cash on Delivery
ORD-16204,2025-06-17,CUST-1110,Sneha Reddy 110,Apparel,Corporate Wear,Cotton Formal Shirt,Central,Nagpur,1,1500.0,0.0,750.0,Cash on Delivery
ORD-16205,2025-05-05,CUST-1133,Suresh Nair 133,Office Supplies,Storage,Heavy Duty Arch File Box,South,Bangalore,8,4680.0,0.1,1880.0,UPI
ORD-16206,2025-07-06,CUST-1178,Gaurav Tiwari 178,Furniture,Chairs,Mesh Executive Chair,West,Mumbai,3,18000.0,0.5,-10500.0,Debit Card
ORD-16207,2025-09-16,CUST-1014,Siddharth Jain,Furniture,Tables,Wooden Conference Table,West,Ahmedabad,2,50000.0,0.0,8000.0,Net Banking
ORD-16208,2024-02-24,CUST-1116,Kavita Das 116,Technology,Phones,Bluetooth Wireless Earbuds,West,Ahmedabad,1,2500.0,0.0,1300.0,Net Banking
ORD-16209,2025-07-28,CUST-1106,Shweta Mishra 106,Technology,Accessories,USB-C Multi-Port Hub,North,Noida,1,1260.0,0.3,360.0,Credit Card
ORD-16210,2025-07-16,CUST-1122,Neha Gupta 122,Furniture,Tables,Adjustable Standing Desk,North,Chandigarh,1,18000.0,0.0,4000.0,Cash on Delivery
ORD-16211,2024-09-08,CUST-1157,Siddharth Jain 157,Technology,Phones,Smartphone Pro Max,West,Surat,3,128250.0,0.05,20250.0,Net Banking
ORD-16212,2025-07-13,CUST-1044,Manish Malhotra 44,Apparel,Corporate Wear,Tailored Blazer,North,Lucknow,1,2880.0,0.4,280.0,Cash on Delivery
ORD-16213,2025-09-15,CUST-1177,Sneha Reddy 177,Technology,Phones,Smartphone Pro Max,North,Noida,2,76500.0,0.15,4500.0,Cash on Delivery
ORD-16214,2025-05-21,CUST-1123,Abhishek Saxena 123,Office Supplies,Art,Highlighter & Marker Set,North,Chandigarh,1,350.0,0.0,200.0,Credit Card
ORD-16215,2025-08-12,CUST-1168,Meera Sen 168,Furniture,Chairs,Ergonomic Office Chair,Central,Nagpur,1,7225.0,0.15,1225.0,Net Banking
ORD-16216,2025-04-07,CUST-1215,Sneha Reddy 215,Office Supplies,Binders,Heavy-Duty Ring Binder,West,Surat,3,840.0,0.0,480.0,Net Banking
ORD-16217,2025-05-08,CUST-1018,Priya Patel,Apparel,Corporate Wear,Cotton Formal Shirt,East,Bhubaneswar,1,1050.0,0.3,300.0,Cash on Delivery
ORD-16218,2025-02-25,CUST-1018,Priya Patel,Office Supplies,Paper,Premium Hardbound Notebook,South,Chennai,3,1080.0,0.2,540.0,Credit Card
ORD-16219,2025-06-30,CUST-1031,Siddharth Jain 31,Furniture,Chairs,Mesh Executive Chair,North,Lucknow,1,9600.0,0.2,100.0,Credit Card
ORD-16220,2024-11-06,CUST-1158,Karan Joshi 158,Apparel,Corporate Wear,Cotton Formal Shirt,East,Patna,1,1350.0,0.1,600.0,Net Banking
ORD-16221,2025-02-10,CUST-1094,Shweta Mishra 94,Furniture,Tables,Adjustable Standing Desk,Central,Indore,2,30600.0,0.15,2600.0,Credit Card
ORD-16222,2025-02-07,CUST-1077,Swati Kulkarni 77,Furniture,Tables,Adjustable Standing Desk,South,Hyderabad,5,76500.0,0.15,6500.0,Debit Card
ORD-16223,2024-04-15,CUST-1034,Divya Agarwal 34,Technology,Phones,Smartphone Pro Max,East,Guwahati,1,27000.0,0.4,-9000.0,UPI
ORD-16224,2024-03-19,CUST-1180,Manish Malhotra 180,Technology,Monitors,27-inch 4K Monitor,Central,Nagpur,1,19800.0,0.1,2800.0,Cash on Delivery
ORD-16225,2024-06-16,CUST-1137,Rohan Mehta 137,Technology,Accessories,Wireless Mouse,North,Noida,1,800.0,0.0,400.0,Debit Card
ORD-16226,2024-09-09,CUST-1220,Shweta Mishra 220,Office Supplies,Paper,Premium Hardbound Notebook,West,Mumbai,1,382.5,0.15,202.5,Net Banking
ORD-16227,2025-06-21,CUST-1110,Sneha Reddy 110,Office Supplies,Storage,Heavy Duty Arch File Box,Central,Bhopal,1,650.0,0.0,300.0,Cash on Delivery
ORD-16228,2024-06-22,CUST-1225,Aditya Bose 225,Furniture,Chairs,Ergonomic Office Chair,South,Bangalore,3,21675.0,0.15,3675.0,Credit Card
ORD-16229,2024-11-04,CUST-1238,Suresh Nair 238,Furniture,Bookcases,5-Tier Wooden Bookshelf,East,Patna,2,11700.0,0.1,1300.0,Credit Card
ORD-16230,2025-04-18,CUST-1109,Shweta Mishra 109,Apparel,Corporate Wear,Cotton Formal Shirt,East,Kolkata,2,3000.0,0.0,1500.0,Net Banking
ORD-16231,2025-04-04,CUST-1209,Ravi Pillai 209,Apparel,Footwear,Leather Oxford Shoes,South,Chennai,1,2720.0,0.15,1020.0,Net Banking
ORD-16232,2025-09-22,CUST-1080,Amit Kumar 80,Technology,Phones,Bluetooth Wireless Earbuds,North,Delhi,2,4500.0,0.1,2100.0,Debit Card
ORD-16233,2025-04-03,CUST-1101,Abhishek Saxena 101,Office Supplies,Paper,Premium Hardbound Notebook,North,Chandigarh,4,1800.0,0.0,1080.0,Cash on Delivery
ORD-16234,2025-01-07,CUST-1014,Siddharth Jain,Office Supplies,Storage,Heavy Duty Arch File Box,West,Mumbai,1,650.0,0.0,300.0,Cash on Delivery
ORD-16235,2024-12-16,CUST-1228,Deepak Rao 228,Furniture,Chairs,Mesh Executive Chair,South,Kochi,1,12000.0,0.0,2500.0,Credit Card
ORD-16236,2024-09-18,CUST-1163,Swati Kulkarni 163,Office Supplies,Storage,Heavy Duty Arch File Box,West,Ahmedabad,1,650.0,0.0,300.0,Credit Card
ORD-16237,2025-11-05,CUST-1057,Deepak Rao 57,Apparel,Corporate Wear,Tailored Blazer,West,Surat,2,9600.0,0.0,4400.0,Net Banking
ORD-16238,2024-09-23,CUST-1078,Rohan Mehta 78,Technology,Accessories,Mechanical Keyboard,North,Noida,5,10500.0,0.4,500.0,Cash on Delivery
ORD-16239,2024-06-26,CUST-1181,Aditya Bose 181,Apparel,Corporate Wear,Cotton Formal Shirt,Central,Bhopal,4,5700.0,0.05,2700.0,Debit Card
ORD-16240,2024-08-05,CUST-1087,Alok Deshmukh 87,Furniture,Tables,Adjustable Standing Desk,South,Hyderabad,2,28800.0,0.2,800.0,Credit Card
ORD-16241,2025-06-29,CUST-1172,Priya Patel 172,Office Supplies,Storage,Heavy Duty Arch File Box,North,Chandigarh,2,780.0,0.4,80.0,UPI
ORD-16242,2024-09-11,CUST-1201,Shweta Mishra 201,Apparel,Corporate Wear,Cotton Formal Shirt,West,Surat,3,4500.0,0.0,2250.0,Credit Card
ORD-16243,2024-09-20,CUST-1199,Karan Joshi 199,Technology,Accessories,Mechanical Keyboard,East,Patna,2,4200.0,0.4,200.0,Debit Card
ORD-16244,2024-01-19,CUST-1096,Deepak Rao 96,Apparel,Corporate Wear,Tailored Blazer,South,Hyderabad,1,4080.0,0.15,1480.0,Debit Card
ORD-16245,2024-10-02,CUST-1090,Ananya Roy 90,Technology,Accessories,USB-C Multi-Port Hub,South,Bangalore,1,1800.0,0.0,900.0,Net Banking
ORD-16246,2024-04-21,CUST-1025,Rahul Sharma,Office Supplies,Paper,A4 Multipurpose Copy Paper (Pack of 5),Central,Indore,1,840.0,0.3,140.0,Credit Card
ORD-16247,2024-10-08,CUST-1031,Siddharth Jain 31,Furniture,Bookcases,5-Tier Wooden Bookshelf,Central,Indore,1,6175.0,0.05,975.0,Cash on Delivery
ORD-16248,2024-09-13,CUST-1070,Pooja Verma 70,Technology,Phones,Bluetooth Wireless Earbuds,Central,Bhopal,2,4500.0,0.1,2100.0,UPI
ORD-16249,2024-03-03,CUST-1150,Divya Agarwal 150,Technology,Monitors,27-inch 4K Monitor,South,Bangalore,2,44000.0,0.0,10000.0,Net Banking
ORD-16250,2025-07-27,CUST-1128,Priya Patel 128,Furniture,Chairs,Mesh Executive Chair,North,Jaipur,2,12000.0,0.5,-7000.0,UPI
ORD-16251,2024-02-08,CUST-1062,Ravi Pillai 62,Furniture,Tables,Adjustable Standing Desk,South,Chennai,3,54000.0,0.0,12000.0,Net Banking
ORD-16252,2024-05-25,CUST-1007,Neha Gupta,Furniture,Bookcases,5-Tier Wooden Bookshelf,West,Ahmedabad,3,15600.0,0.2,0.0,Credit Card
ORD-16253,2025-06-01,CUST-1078,Rohan Mehta 78,Office Supplies,Binders,Heavy-Duty Ring Binder,West,Surat,3,588.0,0.3,228.0,Cash on Delivery
ORD-16254,2025-10-20,CUST-1063,Divya Agarwal 63,Apparel,Footwear,Leather Oxford Shoes,West,Pune,1,1600.0,0.5,-100.0,Debit Card
ORD-16255,2024-03-22,CUST-1249,Priya Patel 249,Apparel,Corporate Wear,Tailored Blazer,Central,Nagpur,1,3360.0,0.3,760.0,Cash on Delivery
ORD-16256,2025-03-26,CUST-1136,Amit Kumar 136,Technology,Monitors,27-inch 4K Monitor,Central,Bhopal,2,22000.0,0.5,-12000.0,Debit Card
ORD-16257,2025-05-08,CUST-1047,Vikas Singh 47,Apparel,Corporate Wear,Cotton Formal Shirt,South,Kochi,2,3000.0,0.0,1500.0,UPI
ORD-16258,2025-07-28,CUST-1155,Ravi Pillai 155,Apparel,Corporate Wear,Tailored Blazer,East,Patna,2,4800.0,0.5,-400.0,Cash on Delivery
ORD-16259,2024-10-26,CUST-1204,Pooja Verma 204,Technology,Accessories,Wireless Mouse,East,Patna,1,640.0,0.2,240.0,Credit Card
ORD-16260,2025-12-13,CUST-1164,Kavita Das 164,Office Supplies,Art,Highlighter & Marker Set,North,Lucknow,4,980.0,0.3,380.0,UPI
ORD-16261,2025-07-01,CUST-1207,Divya Agarwal 207,Apparel,Corporate Wear,Cotton Formal Shirt,East,Patna,2,2550.0,0.15,1050.0,UPI
ORD-16262,2025-08-16,CUST-1142,Suresh Nair 142,Technology,Accessories,Mechanical Keyboard,South,Bangalore,2,7000.0,0.0,3000.0,UPI
ORD-16263,2024-09-15,CUST-1103,Nisha Bhat 103,Apparel,Footwear,Leather Oxford Shoes,North,Chandigarh,8,24320.0,0.05,10720.0,Cash on Delivery
ORD-16264,2024-01-22,CUST-1162,Tarun Choudhury 162,Office Supplies,Paper,Premium Hardbound Notebook,West,Ahmedabad,2,630.0,0.3,270.0,Credit Card
ORD-16265,2025-09-20,CUST-1043,Nisha Bhat 43,Technology,Accessories,Mechanical Keyboard,South,Hyderabad,2,6300.0,0.1,2300.0,Debit Card
ORD-16266,2024-01-14,CUST-1175,Vikas Singh 175,Office Supplies,Binders,Heavy-Duty Ring Binder,South,Bangalore,2,560.0,0.0,320.0,Cash on Delivery
ORD-16267,2025-10-30,CUST-1173,Alok Deshmukh 173,Technology,Accessories,Wireless Mouse,North,Delhi,1,760.0,0.05,360.0,Net Banking
ORD-16268,2025-05-15,CUST-1233,Bhavna Shah 233,Technology,Monitors,27-inch 4K Monitor,Central,Nagpur,8,176000.0,0.0,40000.0,Net Banking
ORD-16269,2025-09-25,CUST-1207,Divya Agarwal 207,Furniture,Tables,Adjustable Standing Desk,South,Kochi,1,14400.0,0.2,400.0,Net Banking
ORD-16270,2025-11-09,CUST-1124,Suresh Nair 124,Technology,Accessories,USB-C Multi-Port Hub,North,Chandigarh,2,3420.0,0.05,1620.0,Debit Card
ORD-16271,2024-07-06,CUST-1114,Sneha Reddy 114,Furniture,Bookcases,5-Tier Wooden Bookshelf,East,Patna,1,6500.0,0.0,1300.0,Cash on Delivery
ORD-16272,2024-09-10,CUST-1028,Nisha Bhat,Furniture,Chairs,Ergonomic Office Chair,North,Delhi,1,6800.0,0.2,800.0,UPI
ORD-16273,2025-10-12,CUST-1057,Deepak Rao 57,Technology,Monitors,27-inch 4K Monitor,North,Jaipur,1,11000.0,0.5,-6000.0,UPI
ORD-16274,2024-03-01,CUST-1215,Sneha Reddy 215,Office Supplies,Binders,Heavy-Duty Ring Binder,West,Mumbai,3,672.0,0.2,312.0,Net Banking
ORD-16275,2025-12-29,CUST-1054,Ananya Roy 54,Technology,Accessories,Mechanical Keyboard,Central,Indore,1,3150.0,0.1,1150.0,Credit Card
ORD-16276,2025-07-23,CUST-1220,Shweta Mishra 220,Furniture,Chairs,Mesh Executive Chair,North,Chandigarh,2,22800.0,0.05,3800.0,Credit Card
ORD-16277,2024-11-03,CUST-1190,Alok Deshmukh 190,Furniture,Tables,Adjustable Standing Desk,West,Surat,1,14400.0,0.2,400.0,UPI
ORD-16278,2025-02-06,CUST-1016,Swati Kulkarni,Office Supplies,Storage,Heavy Duty Arch File Box,East,Bhubaneswar,2,910.0,0.3,210.0,Cash on Delivery
ORD-16279,2025-06-28,CUST-1227,Vikas Singh 227,Technology,Monitors,27-inch 4K Monitor,North,Jaipur,1,22000.0,0.0,5000.0,UPI
ORD-16280,2024-03-02,CUST-1118,Bhavna Shah 118,Technology,Monitors,27-inch 4K Monitor,Central,Bhopal,2,39600.0,0.1,5600.0,Net Banking
ORD-16281,2025-09-27,CUST-1208,Rahul Sharma 208,Apparel,Corporate Wear,Tailored Blazer,North,Delhi,2,6720.0,0.3,1520.0,UPI
ORD-16282,2024-12-19,CUST-1070,Pooja Verma 70,Office Supplies,Art,Highlighter & Marker Set,East,Patna,2,595.0,0.15,295.0,Net Banking
ORD-16283,2025-01-08,CUST-1116,Kavita Das 116,Apparel,Footwear,Leather Oxford Shoes,North,Lucknow,3,9120.0,0.05,4020.0,Net Banking
ORD-16284,2025-10-05,CUST-1187,Meera Sen 187,Furniture,Bookcases,5-Tier Wooden Bookshelf,Central,Nagpur,4,18200.0,0.3,-2600.0,Cash on Delivery
ORD-16285,2024-03-26,CUST-1214,Aarti Kapoor 214,Technology,Accessories,Wireless Mouse,Central,Nagpur,3,1200.0,0.5,0.0,Credit Card
ORD-16286,2025-05-09,CUST-1136,Amit Kumar 136,Furniture,Tables,Wooden Conference Table,Central,Nagpur,4,85000.0,0.15,1000.0,Credit Card
ORD-16287,2024-08-10,CUST-1198,Aarti Kapoor 198,Technology,Accessories,Mechanical Keyboard,Central,Bhopal,1,3325.0,0.05,1325.0,Credit Card
ORD-16288,2024-09-27,CUST-1225,Aditya Bose 225,Furniture,Chairs,Ergonomic Office Chair,North,Jaipur,2,10200.0,0.4,-1800.0,Credit Card
ORD-16289,2024-01-27,CUST-1202,Suresh Nair 202,Office Supplies,Art,Highlighter & Marker Set,North,Delhi,1,280.0,0.2,130.0,Net Banking
ORD-16290,2024-11-12,CUST-1052,Amit Kumar 52,Office Supplies,Storage,Heavy Duty Arch File Box,West,Mumbai,5,3087.5,0.05,1337.5,Cash on Delivery
ORD-16291,2024-05-22,CUST-1088,Neha Gupta 88,Technology,Accessories,USB-C Multi-Port Hub,North,Chandigarh,4,7200.0,0.0,3600.0,Credit Card
ORD-16292,2024-02-23,CUST-1050,Suresh Nair 50,Office Supplies,Paper,A4 Multipurpose Copy Paper (Pack of 5),Central,Bhopal,1,1200.0,0.0,500.0,Net Banking
ORD-16293,2024-08-18,CUST-1176,Shweta Mishra 176,Furniture,Chairs,Mesh Executive Chair,North,Noida,3,36000.0,0.0,7500.0,Debit Card
ORD-16294,2025-07-20,CUST-1239,Rajesh Iyer 239,Technology,Accessories,Wireless Mouse,Central,Nagpur,2,1280.0,0.2,480.0,UPI
ORD-16295,2024-04-19,CUST-1043,Nisha Bhat 43,Office Supplies,Paper,A4 Multipurpose Copy Paper (Pack of 5),Central,Bhopal,1,1140.0,0.05,440.0,UPI
ORD-16296,2025-02-11,CUST-1082,Abhishek Saxena 82,Office Supplies,Art,Highlighter & Marker Set,East,Bhubaneswar,1,350.0,0.0,200.0,Net Banking
ORD-16297,2024-04-19,CUST-1180,Manish Malhotra 180,Office Supplies,Paper,Premium Hardbound Notebook,Central,Bhopal,1,270.0,0.4,90.0,UPI
ORD-16298,2025-11-06,CUST-1107,Amit Kumar 107,Office Supplies,Storage,Heavy Duty Arch File Box,South,Hyderabad,1,552.5,0.15,202.5,Credit Card
ORD-16299,2025-03-04,CUST-1124,Suresh Nair 124,Furniture,Chairs,Ergonomic Office Chair,East,Kolkata,1,5950.0,0.3,-50.0,UPI
ORD-16300,2025-02-08,CUST-1137,Rohan Mehta 137,Office Supplies,Storage,Heavy Duty Arch File Box,Central,Nagpur,1,520.0,0.2,170.0,Debit Card
ORD-16301,2024-04-13,CUST-1075,Alok Deshmukh 75,Office Supplies,Binders,Heavy-Duty Ring Binder,South,Hyderabad,4,1008.0,0.1,528.0,Net Banking
ORD-16302,2025-07-16,CUST-1146,Kavita Das 146,Furniture,Bookcases,5-Tier Wooden Bookshelf,South,Kochi,1,6500.0,0.0,1300.0,Debit Card
ORD-16303,2024-06-25,CUST-1082,Abhishek Saxena 82,Office Supplies,Art,Highlighter & Marker Set,East,Guwahati,2,350.0,0.5,50.0,Net Banking
ORD-16304,2025-05-08,CUST-1208,Rahul Sharma 208,Furniture,Chairs,Mesh Executive Chair,Central,Indore,1,9600.0,0.2,100.0,UPI
ORD-16305,2024-08-17,CUST-1186,Divya Agarwal 186,Technology,Monitors,27-inch 4K Monitor,South,Kochi,3,66000.0,0.0,15000.0,UPI
ORD-16306,2024-09-28,CUST-1174,Ananya Roy 174,Technology,Accessories,Wireless Mouse,Central,Indore,3,2400.0,0.0,1200.0,Net Banking
ORD-16307,2025-10-23,CUST-1090,Ananya Roy 90,Technology,Phones,Smartphone Pro Max,Central,Nagpur,5,213750.0,0.05,33750.0,Credit Card
ORD-16308,2024-08-16,CUST-1015,Amit Kumar,Furniture,Tables,Wooden Conference Table,East,Guwahati,1,12500.0,0.5,-8500.0,Net Banking
ORD-16309,2024-03-18,CUST-1180,Manish Malhotra 180,Technology,Accessories,USB-C Multi-Port Hub,West,Ahmedabad,2,3420.0,0.05,1620.0,Credit Card
ORD-16310,2025-06-01,CUST-1199,Karan Joshi 199,Furniture,Tables,Wooden Conference Table,North,Chandigarh,1,12500.0,0.5,-8500.0,UPI
ORD-16311,2025-03-20,CUST-1048,Rohan Mehta 48,Apparel,Corporate Wear,Tailored Blazer,Central,Bhopal,1,3840.0,0.2,1240.0,Net Banking
ORD-16312,2024-02-24,CUST-1170,Amit Kumar 170,Furniture,Chairs,Ergonomic Office Chair,North,Noida,2,14450.0,0.15,2450.0,UPI
ORD-16313,2025-10-16,CUST-1068,Amit Kumar 68,Furniture,Chairs,Ergonomic Office Chair,West,Pune,1,7225.0,0.15,1225.0,Net Banking
ORD-16314,2025-06-24,CUST-1016,Swati Kulkarni,Apparel,Corporate Wear,Cotton Formal Shirt,East,Guwahati,2,2850.0,0.05,1350.0,Debit Card
ORD-16315,2025-05-13,CUST-1038,Alok Deshmukh 38,Furniture,Tables,Wooden Conference Table,West,Mumbai,3,52500.0,0.3,-10500.0,Net Banking
ORD-16316,2024-05-27,CUST-1025,Rahul Sharma,Apparel,Corporate Wear,Tailored Blazer,East,Patna,1,2400.0,0.5,-200.0,Net Banking
ORD-16317,2024-10-19,CUST-1034,Divya Agarwal 34,Furniture,Chairs,Ergonomic Office Chair,South,Kochi,2,15300.0,0.1,3300.0,Cash on Delivery
ORD-16318,2025-05-09,CUST-1007,Neha Gupta,Technology,Monitors,27-inch 4K Monitor,Central,Indore,1,22000.0,0.0,5000.0,Cash on Delivery
ORD-16319,2025-12-27,CUST-1143,Rohan Mehta 143,Furniture,Tables,Wooden Conference Table,West,Ahmedabad,2,50000.0,0.0,8000.0,Net Banking
ORD-16320,2024-05-23,CUST-1113,Neha Gupta 113,Office Supplies,Binders,Heavy-Duty Ring Binder,South,Chennai,1,280.0,0.0,160.0,Debit Card
ORD-16321,2025-06-17,CUST-1025,Rahul Sharma,Technology,Phones,Bluetooth Wireless Earbuds,Central,Indore,1,2000.0,0.2,800.0,Credit Card
ORD-16322,2024-09-29,CUST-1002,Ananya Roy,Furniture,Tables,Adjustable Standing Desk,North,Noida,1,16200.0,0.1,2200.0,Debit Card
ORD-16323,2025-04-23,CUST-1109,Shweta Mishra 109,Furniture,Bookcases,5-Tier Wooden Bookshelf,South,Chennai,1,3250.0,0.5,-1950.0,Net Banking
ORD-16324,2025-06-12,CUST-1205,Manish Malhotra 205,Furniture,Bookcases,5-Tier Wooden Bookshelf,North,Chandigarh,2,13000.0,0.0,2600.0,Net Banking
ORD-16325,2025-01-14,CUST-1019,Rahul Sharma,Office Supplies,Art,Highlighter & Marker Set,North,Lucknow,1,350.0,0.0,200.0,Cash on Delivery
ORD-16326,2024-12-15,CUST-1008,Vikas Singh,Furniture,Bookcases,5-Tier Wooden Bookshelf,North,Delhi,1,4550.0,0.3,-650.0,Debit Card
ORD-16327,2025-12-02,CUST-1125,Preeti Pandey 125,Office Supplies,Storage,Heavy Duty Arch File Box,East,Patna,2,780.0,0.4,80.0,Debit Card
ORD-16328,2024-04-27,CUST-1058,Aditya Bose 58,Apparel,Corporate Wear,Tailored Blazer,South,Bangalore,1,3840.0,0.2,1240.0,UPI
ORD-16329,2025-05-22,CUST-1138,Bhavna Shah 138,Furniture,Chairs,Mesh Executive Chair,South,Hyderabad,2,14400.0,0.4,-4600.0,Credit Card
ORD-16330,2025-10-14,CUST-1201,Shweta Mishra 201,Technology,Phones,Bluetooth Wireless Earbuds,West,Ahmedabad,1,1500.0,0.4,300.0,Cash on Delivery
ORD-16331,2024-05-01,CUST-1100,Rohan Mehta 100,Technology,Accessories,Wireless Mouse,South,Hyderabad,3,2160.0,0.1,960.0,UPI
ORD-16332,2025-05-13,CUST-1109,Shweta Mishra 109,Office Supplies,Paper,A4 Multipurpose Copy Paper (Pack of 5),West,Surat,1,1080.0,0.1,380.0,UPI
ORD-16333,2024-04-15,CUST-1166,Neha Gupta 166,Apparel,Footwear,Leather Oxford Shoes,North,Delhi,2,5760.0,0.1,2360.0,Net Banking
ORD-16334,2024-08-15,CUST-1146,Kavita Das 146,Technology,Accessories,USB-C Multi-Port Hub,South,Chennai,5,7650.0,0.15,3150.0,Cash on Delivery
ORD-16335,2024-09-13,CUST-1073,Aditya Bose 73,Apparel,Corporate Wear,Tailored Blazer,North,Delhi,1,3360.0,0.3,760.0,UPI
ORD-16336,2024-05-18,CUST-1227,Vikas Singh 227,Office Supplies,Art,Highlighter & Marker Set,East,Kolkata,4,1120.0,0.2,520.0,Cash on Delivery
ORD-16337,2024-12-01,CUST-1214,Aarti Kapoor 214,Apparel,Footwear,Leather Oxford Shoes,North,Chandigarh,1,2240.0,0.3,540.0,Cash on Delivery
ORD-16338,2024-09-15,CUST-1004,Ravi Pillai,Apparel,Corporate Wear,Cotton Formal Shirt,North,Lucknow,1,900.0,0.4,150.0,Cash on Delivery
ORD-16339,2024-06-12,CUST-1043,Nisha Bhat 43,Apparel,Footwear,Leather Oxford Shoes,North,Chandigarh,1,3200.0,0.0,1500.0,Cash on Delivery
ORD-16340,2025-09-24,CUST-1196,Tarun Choudhury 196,Office Supplies,Paper,Premium Hardbound Notebook,West,Ahmedabad,1,225.0,0.5,45.0,Credit Card
ORD-16341,2025-04-20,CUST-1108,Aditya Bose 108,Furniture,Tables,Adjustable Standing Desk,West,Pune,3,45900.0,0.15,3900.0,Cash on Delivery
ORD-16342,2025-04-08,CUST-1248,Neha Gupta 248,Technology,Phones,Bluetooth Wireless Earbuds,Central,Bhopal,4,9500.0,0.05,4700.0,Cash on Delivery
ORD-16343,2025-01-29,CUST-1082,Abhishek Saxena 82,Office Supplies,Storage,Heavy Duty Arch File Box,South,Kochi,1,650.0,0.0,300.0,Cash on Delivery
ORD-16344,2024-01-09,CUST-1094,Shweta Mishra 94,Apparel,Footwear,Leather Oxford Shoes,Central,Bhopal,2,6400.0,0.0,3000.0,Cash on Delivery
ORD-16345,2025-07-18,CUST-1131,Priya Patel 131,Technology,Accessories,Wireless Mouse,North,Lucknow,1,680.0,0.15,280.0,Credit Card
ORD-16346,2025-04-12,CUST-1138,Bhavna Shah 138,Technology,Phones,Bluetooth Wireless Earbuds,Central,Indore,4,7000.0,0.3,2200.0,Credit Card
ORD-16347,2025-11-02,CUST-1040,Aarti Kapoor 40,Technology,Accessories,Mechanical Keyboard,South,Bangalore,2,7000.0,0.0,3000.0,Cash on Delivery
ORD-16348,2024-03-05,CUST-1231,Siddharth Jain 231,Office Supplies,Storage,Heavy Duty Arch File Box,Central,Nagpur,1,650.0,0.0,300.0,Credit Card
ORD-16349,2025-12-25,CUST-1097,Sneha Reddy 97,Office Supplies,Paper,Premium Hardbound Notebook,South,Bangalore,1,450.0,0.0,270.0,Debit Card
ORD-16350,2025-12-18,CUST-1016,Swati Kulkarni,Office Supplies,Art,Highlighter & Marker Set,North,Lucknow,2,700.0,0.0,400.0,Cash on Delivery
ORD-16351,2025-12-20,CUST-1079,Nisha Bhat 79,Technology,Phones,Bluetooth Wireless Earbuds,Central,Indore,1,1500.0,0.4,300.0,Credit Card
ORD-16352,2024-11-09,CUST-1181,Aditya Bose 181,Office Supplies,Paper,Premium Hardbound Notebook,South,Kochi,2,810.0,0.1,450.0,Cash on Delivery
ORD-16353,2024-11-27,CUST-1023,Meera Sen,Technology,Accessories,Mechanical Keyboard,Central,Bhopal,3,9975.0,0.05,3975.0,Credit Card
ORD-16354,2025-01-03,CUST-1093,Divya Agarwal 93,Apparel,Corporate Wear,Cotton Formal Shirt,Central,Indore,2,3000.0,0.0,1500.0,Cash on Delivery
ORD-16355,2025-11-21,CUST-1056,Alok Deshmukh 56,Apparel,Corporate Wear,Cotton Formal Shirt,Central,Bhopal,4,6000.0,0.0,3000.0,Cash on Delivery
ORD-16356,2024-01-28,CUST-1090,Ananya Roy 90,Furniture,Bookcases,5-Tier Wooden Bookshelf,Central,Indore,1,6500.0,0.0,1300.0,Credit Card
ORD-16357,2025-08-24,CUST-1105,Abhishek Saxena 105,Technology,Accessories,USB-C Multi-Port Hub,West,Mumbai,8,7200.0,0.5,0.0,Debit Card
ORD-16358,2024-03-07,CUST-1110,Sneha Reddy 110,Office Supplies,Art,Highlighter & Marker Set,Central,Indore,2,700.0,0.0,400.0,UPI
ORD-16359,2024-07-10,CUST-1119,Shweta Mishra 119,Apparel,Corporate Wear,Cotton Formal Shirt,Central,Nagpur,3,4500.0,0.0,2250.0,Debit Card
ORD-16360,2024-12-02,CUST-1237,Aditya Bose 237,Apparel,Corporate Wear,Tailored Blazer,North,Delhi,2,4800.0,0.5,-400.0,UPI
ORD-16361,2025-04-29,CUST-1161,Manish Malhotra 161,Technology,Monitors,27-inch 4K Monitor,Central,Indore,1,13200.0,0.4,-3800.0,Debit Card
ORD-16362,2025-07-02,CUST-1190,Alok Deshmukh 190,Office Supplies,Binders,Heavy-Duty Ring Binder,West,Ahmedabad,1,280.0,0.0,160.0,Cash on Delivery
ORD-16363,2024-06-27,CUST-1108,Aditya Bose 108,Technology,Monitors,27-inch 4K Monitor,Central,Nagpur,8,149600.0,0.15,13600.0,Cash on Delivery
ORD-16364,2024-01-23,CUST-1227,Vikas Singh 227,Office Supplies,Binders,Heavy-Duty Ring Binder,South,Bangalore,3,504.0,0.4,144.0,UPI
ORD-16365,2024-12-30,CUST-1006,Neha Gupta,Technology,Accessories,USB-C Multi-Port Hub,Central,Indore,1,1710.0,0.05,810.0,Debit Card
ORD-16366,2025-04-02,CUST-1083,Neha Gupta 83,Technology,Phones,Bluetooth Wireless Earbuds,Central,Bhopal,1,2125.0,0.15,925.0,Net Banking
ORD-16367,2025-05-27,CUST-1007,Neha Gupta,Apparel,Corporate Wear,Tailored Blazer,West,Surat,3,14400.0,0.0,6600.0,UPI
ORD-16368,2024-04-16,CUST-1087,Alok Deshmukh 87,Apparel,Corporate Wear,Tailored Blazer,North,Lucknow,3,11520.0,0.2,3720.0,Credit Card
ORD-16369,2024-10-06,CUST-1076,Deepak Rao 76,Furniture,Tables,Wooden Conference Table,East,Kolkata,1,21250.0,0.15,250.0,UPI
ORD-16370,2025-08-08,CUST-1178,Gaurav Tiwari 178,Technology,Accessories,Mechanical Keyboard,East,Guwahati,4,12600.0,0.1,4600.0,Debit Card
ORD-16371,2025-03-11,CUST-1013,Tarun Choudhury,Office Supplies,Paper,A4 Multipurpose Copy Paper (Pack of 5),East,Guwahati,4,4320.0,0.1,1520.0,Cash on Delivery
ORD-16372,2025-05-05,CUST-1125,Preeti Pandey 125,Furniture,Tables,Wooden Conference Table,East,Guwahati,1,25000.0,0.0,4000.0,Cash on Delivery
ORD-16373,2024-08-05,CUST-1086,Amit Kumar 86,Office Supplies,Art,Highlighter & Marker Set,South,Bangalore,5,1750.0,0.0,1000.0,UPI
ORD-16374,2024-02-07,CUST-1184,Kavita Das 184,Office Supplies,Storage,Heavy Duty Arch File Box,South,Hyderabad,2,1170.0,0.1,470.0,UPI
ORD-16375,2025-06-01,CUST-1004,Ravi Pillai,Furniture,Tables,Adjustable Standing Desk,South,Bangalore,2,36000.0,0.0,8000.0,Credit Card
ORD-16376,2024-01-16,CUST-1081,Priya Patel 81,Apparel,Footwear,Leather Oxford Shoes,East,Patna,2,6080.0,0.05,2680.0,Net Banking
ORD-16377,2025-07-22,CUST-1199,Karan Joshi 199,Technology,Monitors,27-inch 4K Monitor,Central,Indore,1,15400.0,0.3,-1600.0,Debit Card
ORD-16378,2024-11-17,CUST-1106,Shweta Mishra 106,Apparel,Corporate Wear,Tailored Blazer,West,Surat,4,16320.0,0.15,5920.0,UPI
ORD-16379,2025-03-12,CUST-1196,Tarun Choudhury 196,Office Supplies,Paper,Premium Hardbound Notebook,West,Surat,2,720.0,0.2,360.0,Debit Card
ORD-16380,2025-06-06,CUST-1122,Neha Gupta 122,Technology,Phones,Smartphone Pro Max,South,Bangalore,1,45000.0,0.0,9000.0,Debit Card
ORD-16381,2024-12-09,CUST-1088,Neha Gupta 88,Furniture,Chairs,Mesh Executive Chair,South,Hyderabad,1,7200.0,0.4,-2300.0,Debit Card
ORD-16382,2024-05-19,CUST-1150,Divya Agarwal 150,Furniture,Tables,Adjustable Standing Desk,Central,Indore,1,18000.0,0.0,4000.0,Debit Card
ORD-16383,2024-05-01,CUST-1177,Sneha Reddy 177,Furniture,Tables,Wooden Conference Table,West,Mumbai,1,20000.0,0.2,-1000.0,Credit Card
ORD-16384,2024-07-19,CUST-1124,Suresh Nair 124,Technology,Accessories,Mechanical Keyboard,East,Patna,2,7000.0,0.0,3000.0,Cash on Delivery
ORD-16385,2024-04-16,CUST-1152,Karan Joshi 152,Office Supplies,Paper,Premium Hardbound Notebook,North,Lucknow,2,630.0,0.3,270.0,Debit Card
ORD-16386,2025-11-01,CUST-1084,Aarti Kapoor 84,Apparel,Footwear,Leather Oxford Shoes,West,Pune,1,1920.0,0.4,220.0,UPI
ORD-16387,2025-12-05,CUST-1074,Tarun Choudhury 74,Technology,Accessories,USB-C Multi-Port Hub,Central,Nagpur,2,2520.0,0.3,720.0,UPI
ORD-16388,2024-03-23,CUST-1134,Kavita Das 134,Technology,Accessories,Wireless Mouse,North,Chandigarh,1,560.0,0.3,160.0,Debit Card
ORD-16389,2024-07-17,CUST-1098,Deepak Rao 98,Technology,Accessories,Mechanical Keyboard,West,Mumbai,4,8400.0,0.4,400.0,Debit Card
ORD-16390,2025-09-10,CUST-1040,Aarti Kapoor 40,Office Supplies,Art,Highlighter & Marker Set,North,Jaipur,1,280.0,0.2,130.0,Cash on Delivery
ORD-16391,2024-10-04,CUST-1155,Ravi Pillai 155,Furniture,Chairs,Ergonomic Office Chair,West,Surat,1,5100.0,0.4,-900.0,Cash on Delivery
ORD-16392,2025-08-19,CUST-1055,Deepak Rao 55,Apparel,Corporate Wear,Cotton Formal Shirt,East,Kolkata,1,1500.0,0.0,750.0,Cash on Delivery
ORD-16393,2025-11-12,CUST-1118,Bhavna Shah 118,Office Supplies,Paper,Premium Hardbound Notebook,West,Ahmedabad,2,900.0,0.0,540.0,Cash on Delivery
ORD-16394,2024-12-14,CUST-1163,Swati Kulkarni 163,Furniture,Bookcases,5-Tier Wooden Bookshelf,South,Bangalore,4,18200.0,0.3,-2600.0,Cash on Delivery
ORD-16395,2024-02-07,CUST-1164,Kavita Das 164,Technology,Accessories,Wireless Mouse,West,Pune,2,1600.0,0.0,800.0,Net Banking
ORD-16396,2024-01-21,CUST-1095,Preeti Pandey 95,Furniture,Bookcases,5-Tier Wooden Bookshelf,East,Patna,1,3900.0,0.4,-1300.0,Debit Card
ORD-16397,2024-12-10,CUST-1138,Bhavna Shah 138,Office Supplies,Art,Highlighter & Marker Set,East,Patna,1,350.0,0.0,200.0,Credit Card
ORD-16398,2025-03-01,CUST-1133,Suresh Nair 133,Technology,Accessories,USB-C Multi-Port Hub,South,Bangalore,2,3420.0,0.05,1620.0,Net Banking
ORD-16399,2024-08-02,CUST-1028,Nisha Bhat,Apparel,Corporate Wear,Cotton Formal Shirt,South,Hyderabad,2,2700.0,0.1,1200.0,UPI
ORD-16400,2024-06-24,CUST-1189,Siddharth Jain 189,Furniture,Chairs,Mesh Executive Chair,West,Ahmedabad,2,24000.0,0.0,5000.0,Credit Card
ORD-16401,2024-06-29,CUST-1208,Rahul Sharma 208,Office Supplies,Paper,A4 Multipurpose Copy Paper (Pack of 5),Central,Bhopal,5,6000.0,0.0,2500.0,Debit Card
ORD-16402,2024-11-03,CUST-1235,Bhavna Shah 235,Technology,Phones,Smartphone Pro Max,East,Bhubaneswar,3,94500.0,0.3,-13500.0,Debit Card
ORD-16403,2024-07-31,CUST-1086,Amit Kumar 86,Technology,Phones,Smartphone Pro Max,West,Pune,2,72000.0,0.2,0.0,Credit Card
ORD-16404,2024-05-17,CUST-1127,Aarti Kapoor 127,Technology,Accessories,Mechanical Keyboard,South,Chennai,1,3150.0,0.1,1150.0,UPI
ORD-16405,2024-05-12,CUST-1135,Karan Joshi 135,Technology,Accessories,USB-C Multi-Port Hub,North,Chandigarh,1,1260.0,0.3,360.0,Net Banking
ORD-16406,2024-08-25,CUST-1213,Meera Sen 213,Furniture,Tables,Wooden Conference Table,West,Pune,1,20000.0,0.2,-1000.0,UPI
ORD-16407,2024-07-04,CUST-1167,Vikas Singh 167,Office Supplies,Paper,Premium Hardbound Notebook,South,Chennai,3,1080.0,0.2,540.0,Debit Card
ORD-16408,2024-03-16,CUST-1182,Amit Kumar 182,Office Supplies,Paper,Premium Hardbound Notebook,South,Kochi,1,450.0,0.0,270.0,Debit Card
ORD-16409,2024-06-03,CUST-1025,Rahul Sharma,Office Supplies,Paper,A4 Multipurpose Copy Paper (Pack of 5),North,Jaipur,2,2280.0,0.05,880.0,Debit Card
ORD-16410,2024-04-07,CUST-1122,Neha Gupta 122,Technology,Phones,Bluetooth Wireless Earbuds,South,Kochi,4,8500.0,0.15,3700.0,UPI
ORD-16411,2024-09-26,CUST-1187,Meera Sen 187,Furniture,Tables,Wooden Conference Table,Central,Indore,1,25000.0,0.0,4000.0,Credit Card
ORD-16412,2024-09-08,CUST-1086,Amit Kumar 86,Furniture,Tables,Wooden Conference Table,East,Bhubaneswar,4,90000.0,0.1,6000.0,UPI
ORD-16413,2024-11-23,CUST-1239,Rajesh Iyer 239,Office Supplies,Paper,A4 Multipurpose Copy Paper (Pack of 5),South,Bangalore,3,3600.0,0.0,1500.0,UPI
ORD-16414,2024-08-19,CUST-1157,Siddharth Jain 157,Technology,Accessories,Wireless Mouse,North,Jaipur,1,480.0,0.4,80.0,Cash on Delivery
ORD-16415,2024-05-18,CUST-1122,Neha Gupta 122,Office Supplies,Paper,A4 Multipurpose Copy Paper (Pack of 5),South,Chennai,1,720.0,0.4,20.0,Net Banking
ORD-16416,2024-02-06,CUST-1193,Ravi Pillai 193,Office Supplies,Paper,A4 Multipurpose Copy Paper (Pack of 5),East,Bhubaneswar,1,1020.0,0.15,320.0,Debit Card
ORD-16417,2025-02-15,CUST-1062,Ravi Pillai 62,Apparel,Corporate Wear,Cotton Formal Shirt,West,Mumbai,2,3000.0,0.0,1500.0,Cash on Delivery
ORD-16418,2024-09-23,CUST-1227,Vikas Singh 227,Furniture,Chairs,Ergonomic Office Chair,Central,Nagpur,3,22950.0,0.1,4950.0,Cash on Delivery
ORD-16419,2025-02-02,CUST-1149,Shweta Mishra 149,Apparel,Corporate Wear,Tailored Blazer,North,Delhi,4,16320.0,0.15,5920.0,Net Banking
ORD-16420,2025-12-29,CUST-1212,Karan Joshi 212,Furniture,Chairs,Ergonomic Office Chair,Central,Bhopal,2,17000.0,0.0,5000.0,Net Banking
ORD-16421,2025-10-06,CUST-1148,Bhavna Shah 148,Furniture,Tables,Wooden Conference Table,North,Jaipur,1,21250.0,0.15,250.0,UPI
ORD-16422,2024-04-15,CUST-1117,Karan Joshi 117,Furniture,Bookcases,5-Tier Wooden Bookshelf,North,Jaipur,1,5200.0,0.2,0.0,Debit Card
ORD-16423,2024-11-26,CUST-1196,Tarun Choudhury 196,Technology,Accessories,Mechanical Keyboard,East,Patna,2,5600.0,0.2,1600.0,Cash on Delivery
ORD-16424,2025-05-23,CUST-1222,Preeti Pandey 222,Technology,Phones,Bluetooth Wireless Earbuds,South,Chennai,1,2500.0,0.0,1300.0,UPI
ORD-16425,2024-09-15,CUST-1062,Ravi Pillai 62,Technology,Accessories,Wireless Mouse,North,Chandigarh,1,800.0,0.0,400.0,Cash on Delivery
ORD-16426,2024-04-17,CUST-1223,Shweta Mishra 223,Technology,Accessories,Mechanical Keyboard,East,Guwahati,3,10500.0,0.0,4500.0,Credit Card
ORD-16427,2025-01-25,CUST-1195,Abhishek Saxena 195,Furniture,Chairs,Mesh Executive Chair,West,Mumbai,3,36000.0,0.0,7500.0,Debit Card
ORD-16428,2024-05-30,CUST-1214,Aarti Kapoor 214,Technology,Accessories,Mechanical Keyboard,South,Kochi,1,3500.0,0.0,1500.0,Credit Card
ORD-16429,2024-06-10,CUST-1142,Suresh Nair 142,Office Supplies,Storage,Heavy Duty Arch File Box,North,Jaipur,1,650.0,0.0,300.0,Debit Card
ORD-16430,2024-10-09,CUST-1189,Siddharth Jain 189,Technology,Phones,Bluetooth Wireless Earbuds,South,Hyderabad,1,2500.0,0.0,1300.0,Credit Card
ORD-16431,2025-12-02,CUST-1004,Ravi Pillai,Technology,Accessories,Wireless Mouse,North,Lucknow,1,480.0,0.4,80.0,Cash on Delivery
ORD-16432,2024-06-24,CUST-1140,Tarun Choudhury 140,Technology,Monitors,27-inch 4K Monitor,West,Pune,1,11000.0,0.5,-6000.0,Net Banking
ORD-16433,2025-08-03,CUST-1025,Rahul Sharma,Furniture,Chairs,Mesh Executive Chair,West,Pune,3,18000.0,0.5,-10500.0,Debit Card
ORD-16434,2025-01-24,CUST-1030,Nisha Bhat,Office Supplies,Binders,Heavy-Duty Ring Binder,East,Bhubaneswar,2,336.0,0.4,96.0,Debit Card
ORD-16435,2025-02-21,CUST-1189,Siddharth Jain 189,Office Supplies,Binders,Heavy-Duty Ring Binder,East,Patna,1,168.0,0.4,48.0,Cash on Delivery
ORD-16436,2025-04-10,CUST-1118,Bhavna Shah 118,Apparel,Footwear,Leather Oxford Shoes,West,Pune,1,2880.0,0.1,1180.0,UPI
ORD-16437,2025-07-19,CUST-1049,Aarti Kapoor 49,Technology,Accessories,Wireless Mouse,East,Kolkata,2,1280.0,0.2,480.0,Credit Card
ORD-16438,2024-08-31,CUST-1097,Sneha Reddy 97,Technology,Accessories,Mechanical Keyboard,South,Kochi,5,17500.0,0.0,7500.0,Debit Card
ORD-16439,2025-03-09,CUST-1121,Siddharth Jain 121,Technology,Monitors,27-inch 4K Monitor,East,Kolkata,2,41800.0,0.05,7800.0,Net Banking
ORD-16440,2024-07-10,CUST-1151,Vikas Singh 151,Technology,Phones,Bluetooth Wireless Earbuds,West,Ahmedabad,3,4500.0,0.4,900.0,Cash on Delivery
ORD-16441,2025-04-26,CUST-1182,Amit Kumar 182,Office Supplies,Art,Highlighter & Marker Set,East,Bhubaneswar,2,700.0,0.0,400.0,Debit Card
ORD-16442,2024-07-17,CUST-1243,Deepak Rao 243,Apparel,Corporate Wear,Cotton Formal Shirt,South,Bangalore,1,1500.0,0.0,750.0,Cash on Delivery
ORD-16443,2024-06-12,CUST-1043,Nisha Bhat 43,Technology,Monitors,27-inch 4K Monitor,South,Chennai,1,22000.0,0.0,5000.0,Credit Card
ORD-16444,2025-05-27,CUST-1241,Ananya Roy 241,Furniture,Bookcases,5-Tier Wooden Bookshelf,South,Chennai,1,3250.0,0.5,-1950.0,UPI
ORD-16445,2025-01-29,CUST-1038,Alok Deshmukh 38,Office Supplies,Binders,Heavy-Duty Ring Binder,North,Noida,4,1008.0,0.1,528.0,UPI
ORD-16446,2025-11-10,CUST-1020,Amit Kumar,Technology,Monitors,27-inch 4K Monitor,West,Ahmedabad,4,88000.0,0.0,20000.0,Cash on Delivery
ORD-16447,2024-06-07,CUST-1065,Ananya Roy 65,Office Supplies,Paper,A4 Multipurpose Copy Paper (Pack of 5),East,Guwahati,2,1440.0,0.4,40.0,Cash on Delivery
ORD-16448,2024-08-13,CUST-1148,Bhavna Shah 148,Furniture,Chairs,Mesh Executive Chair,West,Mumbai,1,12000.0,0.0,2500.0,Cash on Delivery
ORD-16449,2025-12-15,CUST-1072,Shweta Mishra 72,Technology,Phones,Smartphone Pro Max,West,Pune,4,108000.0,0.4,-36000.0,Credit Card
ORD-16450,2024-07-31,CUST-1184,Kavita Das 184,Apparel,Corporate Wear,Cotton Formal Shirt,East,Patna,3,4500.0,0.0,2250.0,Cash on Delivery
ORD-16451,2024-01-23,CUST-1088,Neha Gupta 88,Furniture,Chairs,Mesh Executive Chair,North,Noida,2,21600.0,0.1,2600.0,Debit Card
ORD-16452,2025-07-28,CUST-1124,Suresh Nair 124,Office Supplies,Paper,A4 Multipurpose Copy Paper (Pack of 5),Central,Indore,1,1200.0,0.0,500.0,Debit Card
ORD-16453,2025-05-03,CUST-1034,Divya Agarwal 34,Furniture,Chairs,Mesh Executive Chair,South,Chennai,1,8400.0,0.3,-1100.0,UPI
ORD-16454,2025-07-26,CUST-1108,Aditya Bose 108,Technology,Accessories,USB-C Multi-Port Hub,Central,Indore,2,3240.0,0.1,1440.0,Cash on Delivery
ORD-16455,2024-11-01,CUST-1117,Karan Joshi 117,Furniture,Tables,Wooden Conference Table,East,Patna,1,12500.0,0.5,-8500.0,UPI
ORD-16456,2024-10-02,CUST-1190,Alok Deshmukh 190,Office Supplies,Paper,A4 Multipurpose Copy Paper (Pack of 5),East,Patna,1,960.0,0.2,260.0,Cash on Delivery
ORD-16457,2024-05-19,CUST-1171,Aarti Kapoor 171,Technology,Phones,Bluetooth Wireless Earbuds,East,Kolkata,3,6375.0,0.15,2775.0,Credit Card
ORD-16458,2025-11-24,CUST-1206,Sneha Reddy 206,Furniture,Tables,Adjustable Standing Desk,North,Delhi,3,54000.0,0.0,12000.0,Debit Card
ORD-16459,2024-12-29,CUST-1046,Karan Joshi 46,Furniture,Tables,Wooden Conference Table,North,Lucknow,1,20000.0,0.2,-1000.0,Net Banking
ORD-16460,2025-03-06,CUST-1230,Sneha Reddy 230,Apparel,Corporate Wear,Cotton Formal Shirt,North,Noida,3,4500.0,0.0,2250.0,Debit Card
ORD-16461,2025-08-05,CUST-1103,Nisha Bhat 103,Furniture,Tables,Wooden Conference Table,East,Kolkata,1,20000.0,0.2,-1000.0,Debit Card
ORD-16462,2024-06-23,CUST-1216,Meera Sen 216,Furniture,Tables,Wooden Conference Table,West,Pune,8,200000.0,0.0,32000.0,UPI
ORD-16463,2025-03-16,CUST-1082,Abhishek Saxena 82,Furniture,Tables,Adjustable Standing Desk,South,Chennai,8,144000.0,0.0,32000.0,Debit Card
ORD-16464,2024-08-13,CUST-1077,Swati Kulkarni 77,Technology,Accessories,Mechanical Keyboard,South,Kochi,1,3500.0,0.0,1500.0,Debit Card
ORD-16465,2024-07-13,CUST-1204,Pooja Verma 204,Technology,Phones,Smartphone Pro Max,North,Noida,1,36000.0,0.2,0.0,Cash on Delivery
ORD-16466,2024-09-10,CUST-1167,Vikas Singh 167,Technology,Accessories,Wireless Mouse,Central,Nagpur,1,800.0,0.0,400.0,Credit Card
ORD-16467,2024-06-16,CUST-1094,Shweta Mishra 94,Technology,Monitors,27-inch 4K Monitor,East,Patna,2,39600.0,0.1,5600.0,Net Banking
ORD-16468,2025-07-16,CUST-1119,Shweta Mishra 119,Technology,Accessories,Mechanical Keyboard,East,Guwahati,2,5600.0,0.2,1600.0,Debit Card
ORD-16469,2024-11-21,CUST-1240,Rahul Sharma 240,Furniture,Chairs,Mesh Executive Chair,North,Chandigarh,8,96000.0,0.0,20000.0,Net Banking
ORD-16470,2025-06-20,CUST-1021,Rohan Mehta,Technology,Accessories,Mechanical Keyboard,North,Delhi,1,3150.0,0.1,1150.0,Debit Card
ORD-16471,2025-06-20,CUST-1198,Aarti Kapoor 198,Technology,Accessories,Wireless Mouse,West,Surat,2,1440.0,0.1,640.0,Credit Card
ORD-16472,2024-04-17,CUST-1029,Shweta Mishra,Apparel,Corporate Wear,Cotton Formal Shirt,East,Patna,3,4500.0,0.0,2250.0,UPI
ORD-16473,2024-10-27,CUST-1014,Siddharth Jain,Technology,Accessories,Mechanical Keyboard,East,Bhubaneswar,2,7000.0,0.0,3000.0,Debit Card
ORD-16474,2025-08-06,CUST-1045,Suresh Nair 45,Technology,Accessories,Wireless Mouse,West,Pune,1,640.0,0.2,240.0,Debit Card
ORD-16475,2024-02-27,CUST-1228,Deepak Rao 228,Furniture,Tables,Adjustable Standing Desk,North,Lucknow,1,12600.0,0.3,-1400.0,UPI
ORD-16476,2025-11-18,CUST-1176,Shweta Mishra 176,Furniture,Chairs,Ergonomic Office Chair,North,Delhi,3,21675.0,0.15,3675.0,UPI
ORD-16477,2024-08-10,CUST-1023,Meera Sen,Office Supplies,Paper,A4 Multipurpose Copy Paper (Pack of 5),Central,Nagpur,2,2040.0,0.15,640.0,UPI
ORD-16478,2025-01-31,CUST-1107,Amit Kumar 107,Technology,Accessories,Wireless Mouse,East,Guwahati,5,3400.0,0.15,1400.0,UPI
ORD-16479,2024-09-30,CUST-1030,Nisha Bhat,Furniture,Tables,Adjustable Standing Desk,Central,Bhopal,1,18000.0,0.0,4000.0,Debit Card
ORD-16480,2025-02-16,CUST-1006,Neha Gupta,Apparel,Footwear,Leather Oxford Shoes,West,Mumbai,1,3200.0,0.0,1500.0,Net Banking
ORD-16481,2025-04-30,CUST-1014,Siddharth Jain,Technology,Phones,Bluetooth Wireless Earbuds,North,Jaipur,3,4500.0,0.4,900.0,Net Banking
ORD-16482,2024-04-27,CUST-1027,Rohan Mehta,Furniture,Bookcases,5-Tier Wooden Bookshelf,North,Delhi,1,5200.0,0.2,0.0,Credit Card
ORD-16483,2025-04-27,CUST-1217,Bhavna Shah 217,Technology,Phones,Smartphone Pro Max,West,Pune,3,67500.0,0.5,-40500.0,Credit Card
ORD-16484,2024-09-26,CUST-1029,Shweta Mishra,Technology,Accessories,Mechanical Keyboard,East,Kolkata,2,5600.0,0.2,1600.0,Debit Card
ORD-16485,2024-01-11,CUST-1162,Tarun Choudhury 162,Furniture,Tables,Adjustable Standing Desk,East,Bhubaneswar,5,76500.0,0.15,6500.0,Credit Card
ORD-16486,2024-05-04,CUST-1218,Ananya Roy 218,Technology,Accessories,Mechanical Keyboard,East,Bhubaneswar,2,7000.0,0.0,3000.0,Credit Card
ORD-16487,2024-05-29,CUST-1002,Ananya Roy,Office Supplies,Art,Highlighter & Marker Set,South,Hyderabad,3,630.0,0.4,180.0,Debit Card
ORD-16488,2024-11-24,CUST-1192,Abhishek Saxena 192,Technology,Monitors,27-inch 4K Monitor,West,Mumbai,2,35200.0,0.2,1200.0,UPI
ORD-16489,2025-09-16,CUST-1110,Sneha Reddy 110,Apparel,Footwear,Leather Oxford Shoes,South,Hyderabad,3,9120.0,0.05,4020.0,Credit Card
ORD-16490,2025-02-21,CUST-1010,Ananya Roy,Technology,Phones,Smartphone Pro Max,North,Noida,3,67500.0,0.5,-40500.0,Cash on Delivery
ORD-16491,2024-08-31,CUST-1201,Shweta Mishra 201,Technology,Accessories,USB-C Multi-Port Hub,Central,Bhopal,5,8100.0,0.1,3600.0,UPI
ORD-16492,2024-01-27,CUST-1208,Rahul Sharma 208,Apparel,Corporate Wear,Cotton Formal Shirt,North,Lucknow,3,2250.0,0.5,0.0,Net Banking
ORD-16493,2025-12-05,CUST-1170,Amit Kumar 170,Technology,Monitors,27-inch 4K Monitor,Central,Nagpur,1,19800.0,0.1,2800.0,UPI
ORD-16494,2024-12-09,CUST-1222,Preeti Pandey 222,Furniture,Tables,Adjustable Standing Desk,Central,Bhopal,3,48600.0,0.1,6600.0,Credit Card
ORD-16495,2024-11-01,CUST-1211,Ravi Pillai 211,Technology,Accessories,Mechanical Keyboard,South,Kochi,1,3500.0,0.0,1500.0,Net Banking
ORD-16496,2024-09-05,CUST-1137,Rohan Mehta 137,Office Supplies,Storage,Heavy Duty Arch File Box,Central,Indore,3,1755.0,0.1,705.0,Cash on Delivery
ORD-16497,2024-03-05,CUST-1225,Aditya Bose 225,Technology,Accessories,USB-C Multi-Port Hub,North,Jaipur,1,1800.0,0.0,900.0,Cash on Delivery
ORD-16498,2025-10-17,CUST-1179,Abhishek Saxena 179,Office Supplies,Art,Highlighter & Marker Set,South,Hyderabad,1,280.0,0.2,130.0,Net Banking
ORD-16499,2025-04-27,CUST-1128,Priya Patel 128,Apparel,Corporate Wear,Cotton Formal Shirt,South,Kochi,2,1800.0,0.4,300.0,UPI
ORD-16500,2024-01-12,CUST-1127,Aarti Kapoor 127,Technology,Accessories,Wireless Mouse,Central,Nagpur,4,2880.0,0.1,1280.0,UPI
ORD-10001,2025-08-03,CUST-1243,Deepak Rao 243,Technology,Accessories,USB-C Multi-Port Hub,North,Chandigarh,3,3240.0,0.4,540.0,Credit Card
ORD-10002,2024-05-11,CUST-1169,Rajesh Iyer 169,Office Supplies,Binders,Heavy-Duty Ring Binder,Central,Bhopal,1,140.0,0.5,20.0,Net Banking
ORD-10003,2024-08-04,CUST-1238,Suresh Nair 238,Apparel,Corporate Wear,Tailored Blazer,South,Hyderabad,1,4080.0,0.15,1480.0,Net Banking
ORD-10004,2025-06-13,CUST-1116,Kavita Das 116,Technology,Phones,Smartphone Pro Max,South,Chennai,1,45000.0,0.0,9000.0,Cash on Delivery
ORD-10005,2025-07-21,CUST-1059,Karan Joshi 59,Apparel,Footwear,Leather Oxford Shoes,South,Bangalore,1,3200.0,0.0,1500.0,Credit Card
